nct_id,outcome_index,title,description,time_frame,population,parameter,dispersion,unit,scale_title_screen,change_title_screen,group_count,numeric_cells,cell_count,exact_flow_group_link,analysis_count
NCT00056472,0,Remission of Depression Hamilton Depression Scale (Ham-D) and Psychosis Schedule for Affective Disorders in Schizophrenia - Delusional Item (SADS) During the Course of the Trial,"Remission was defined as scores on Ham-D of less than 10 at two consecutive assessments and the absence of delusions (measured as SADS delusional item scores of 1) at the second assessment of the two-assessment remission of depression interval.

Scores on Ham-D range from 0 to 52 with higher scores indicating more severe depression. Scores on SADS range from 1 to 7 with higher scores indicating the delusions(s) more adversely effect the subject's behavior.",Weeks 1 to 12,,NUMBER,,participants,HAM-D/HDRS,False,2,2,2,False,1
NCT00086307,0,Montgomery Asberg Depression Rating Scale (MADRS),"The Montgomery Asberg Depression Rating Scale (MADRS) is a 10 item scale for assessing the severity of depression. Items are rated on a scale of 0 to 6, so the maximum score is 60 and the minimum is 0, where 60 is the most severe depression. Scores of 18 or greater are generally considered to indicate a moderate level of depression.",Weekly,All patients with at least one post-baseline measurement were included in the analysis.,LEAST_SQUARES_MEAN,Standard Error,Score on a scale,MADRS,False,3,3,3,True,4
NCT00105196,0,Mean Change in the Montgomery Åsberg Depression Rating Scale (MADRS),"Mean change from Week 8 (baseline) to Week 14 in MADRS total score, a 10-item, ordinal rating scale (0=no symptoms; 60=most severe symptoms). Change from baseline=postbaseline score - baseline score. A negative change score indicates improvement.",Baseline (Week 8) and Week 14,,MEAN,Standard Error,units on a scale,MADRS,True,2,2,2,True,1
NCT00105989,0,Percentage of Participants With Depressive Recurrence After Time (t) in Days,Recurrence: Clinical Global Impression-Severity (CGI-S) score \>=4 and met Diagnostic and Statistical Manual of Mental Disorders (DSM-IV) criteria for major depressive disorder (MDD); had 3 consecutive visits where re-emergence criteria met; had total of 10 visits where re-emergence criteria was satisfied; discontinued due to lack of efficacy.,Every Visit from Week 34 up to Week 86 (Maintenance Phase),All randomized patients. Intent to Treat analysis.,NUMBER,,percentage of participants,Other/unclear,False,2,32,32,False,1
NCT00107120,0,Change in Children's Depression Rating Scale - Revised (CDRS-R) Total Score,"Change from baseline to week 8 in Children's Depression Rating Scale total score. The scale measures 17 depressive symptoms, of which 3 are rated 1-5 and 14 are rated 1-7 (1 = no symptom difficulties; 5 or 7 = severe clinically significant difficulties) for a total score range of 17-113.",Baseline to end of week 8,"Efficacy analyses used Intent-To-Treat Population, which consisted of all patients who received at least 1 dose of double-blind study drug \& who had at least 1 post-baseline assessment of the CDRS-R. LOCF technique was used to impute missing data. 1 escitalopram pt. did not have a post-baseline CDRS-R total score.",MEAN,Standard Error,Change in total score at endpoint,Other/unclear,True,2,2,2,True,1
NCT00149643,0,Days Per Week of Cannabis Use.,The number days out of the last seven days that cannabis was used.,12 Weeks,,MEAN,Standard Deviation,Days of cannabis use per week,Other/unclear,False,2,2,2,True,1
NCT00149643,1,Depression Symptoms at Week 12,"Average of Beck Depression Inventory (BDI) Scores measured at Weeks 1-4, 6, 8, 10 and 12. The BDI is a subject reported measure that has a minimim score of 0 and a maximum score of 63. A better outcome would consist of values near the minimum end of the scale (0) and a worse outcome would consist of values near the maximum end of the scare (63). Each DSM-IV criteron asses a different depressive symptom.",12 Weeks,,MEAN,Standard Deviation,BDI Total,Other/unclear,False,2,2,2,True,0
NCT00149825,0,Remission of Depression (%),"Percent of participants in depressive remission at 12 weeks. Remission of depression was required both an HRSD score ≤ 7 and absence of the two core symptoms of MDD based on the depression module of the SCID.

The HRSD (Hamilton Rating of Depression Scale) measure depressive symptom severity. TIt has 17 items. The score ranges between 0 and 48. A score below 7 represents minimal symptoms.

The SCID rates 9 symptoms of depression as present or absent. The two core symptoms of depression are sadness and anhedonia (low motivation and/or enjoyment in significant life domains).",After 12 weeks or at the last available time point,,NUMBER,,percent of participants,Other/unclear,False,2,2,2,True,1
NCT00166296,0,"Number of Participants Who Developed a Major Depressive Episode According to Diagnostic & Statistical Manual of Mental Disorders, 4th Edition (DSM-IV) Criteria During the First 12 Weeks of Antiviral Treatment.","At least five of the symptoms have been present during the same 1-week period: depressed mood, loss of interest or pleasure, weight or appetite changes, insomnia, agitation or retardation, fatigue, feelings of worthlessness or guilt, diminished ability to think or concentrate, recurrent thoughts of death.

At least one of the symptoms is either depressed mood or loss of interest. Diagnoses were made by a trained psychiatrist who applied the mood disorders module from the Structured Clinical Interview for DSM-IV Axis I Disorders, non-patient edition (SCID-I/NP) at each study evaluation.",First three months of interferon treatment.,"One of 67 patients allocated to the escitalopram group and 3 of 66 in placebo did not receive the first dose of study medications. Consequently, 66 patients treated with escitalopram and 63 with placebo were included in the intention to treat analysis, with a procedure of last observation carried forward (LOCF).",NUMBER,,Participants,Other/unclear,False,2,2,2,True,1
NCT00166296,1,Number of Participants With Sustained Hepatitis C Viral Response (Negativization of Serum Hepatitis C Virus Ribonucleic Acid).,"Number of participants with negativization of serum hepatitis C Virus Ribonucleic Acid (HCV RNA) 6 months after concluding antiviral therapy (sustained viral response).

Negativization was defined as the absence of detectable levels of serum HCV RNA using a polymerase chain reaction.",Six months after the end of interferon treatment,Patients with available data for viral response 6 months after completion of interferon treatment were compared between treatment groups.,NUMBER,,Participants,Other/unclear,False,2,2,2,True,1
NCT00361374,0,Score on a Depression Severity Rating Scale Over Eight Weeks,"Change in score on 17-item Hamilton D depression severity rating scale over 8 weeks of treatment. Scores were obtained every 2 weeks for 8 weeks. The total sum score of the 17 items is used to assess depressive severity. Possible total scores range from 0-52, with a higher score indicating greater depressive severity. Scores of 7 or less are indicative of full remission (i.e. no depression). Scores of 8-15 indicate mild depression; scores of 16-25 indicate moderate depression; scores of 25 or greater indicate severe depression. Mixed model repeated measures analysis (MMRM) was used to examine treatment group effect on changes from baseline to week 8 in Hamilton D scores. Models included subjects as a random effect, and treatment group and study week as fixed effects. An auto-regressive covariance structure was used because it provided the best fit to the data. Site and baseline score were included as covariates in all models.",8 weeks,"We randomized 196 of 389 screened patients. Nineteen subjects dropped out before completing at least one post-baseline visit, leaving 177 evaluable subjects",MEAN,Standard Error,units on a scale,Other/unclear,False,3,3,3,True,0
NCT00369343,0,Change in Hamilton Psychiatric Rating Scale for Depression (HAM-D17) Score From Baseline to Week 8.,"HAM-D17 is a standardized, clinician-administered rating scale that assesses 17 items characteristically associated with major depression. Items are scored on a 0 to 2-4 scale (0=none/absent and 4=most severe) with a maximum total score of 50. Change= 8 week adjusted mean HAM-D17 minus baseline adjusted mean HAM-D17",Baseline to 8 weeks,"Double-blind phase; modified intent to treat population, which included all randomized patients with a baseline HAM-D17 score ≥18, who took ≥1 dose of study drug and had ≥1 post-baseline HAM-D17 evaluation. Mixed model repeated measures (MMRM) modeling included all available observed data for each patient and no missing values were imputed.",MEAN,Standard Error,units on scale,HAM-D/HDRS,True,2,2,2,False,1
NCT00384033,0,Change From Baseline in HAM-D17 Total Score at Week 8 or Final On-therapy (FOT) Evaluation,"HAM-D17: a standardized, clinician-administered rating scale that assesses 17 items characteristically associated with major depression. Items are scored on either a 3 point (0 to 2) or a 5 point scale (0 to 4), with 0 = none/absent and 4 = most severe, for a maximum total score of 50.",Baseline and Week 8 or FOT,"Intent-to-treat (ITT) population included all randomized participants who had a baseline primary efficacy evaluation, had taken at least 1 dose of double-blind study medication, and had at least 1 primary efficacy evaluation after the first dose of double-blind study medication.",MEAN,Standard Error,Units on a Scale,HAM-D/HDRS,True,4,4,4,True,3
NCT00388973,0,Change From Baseline in Montgomery-Asberg Depression Rating Scale (MADRS) Total Score to Week 9.,"MADRS total score (0-60 units), where lower scores indicate less depressive symptoms, calculated as Week 9 value - baseline value.",Baseline to Week 9,"All randomized patients who took at least one dose of study medication and had at least one post baseline assessment, with last observation carried forward to week 9 for patients who did not complete the study.",LEAST_SQUARES_MEAN,Standard Deviation,units on scale,MADRS,True,2,2,2,True,0
NCT00420004,0,Change From Baseline to Week 8 in the 17-item Hamilton Depression Rating Scale (HAMD-17) Total Score,"The HAMD-17 is a 17-item assessment used to assess the severity of depression and its improvement during the course of therapy. Each item was evaluated and scored using either a 5-point scale of 0 (not present/absent) to 4 (very severe) or a 3-point scale of 0 (not present/absent) to 2 (marked). Higher scores indicate greater symptom severity. The total score was the sum of the scores from HAMD-17 Items 1 through 17 and ranged from 0 (not at all depressed) to 52 (severely depressed). Least Squares (LS) means were calculated using mixed model repeated measures (MMRM) adjusting for treatment, investigator, visit, baseline score, treatment-by-visit, and baseline score-by-visit.","Baseline, Week 8",All randomized participants who received at least one dose of double-blind study drug and who had a baseline and at least one post-baseline HAMD-17 value.,LEAST_SQUARES_MEAN,Standard Error,units on a scale,HAM-D/HDRS,True,3,3,3,True,1
NCT00445679,0,"Percentage of Responders With a 50% or Greater Decrease From Baseline on the Hamilton Rating Scale for Depression, 17-item (HAM-D17)","HAM-D17 is a standardized, clinician-administered rating scale that assesses 17 items characteristically associated with major depression. Items are scored on either a 3 point (0 to 2) or a 5 point scale (0 to 4), with 0=none/absent and 4=most severe, for a maximum total score of 50.",8 weeks,"The intent-to-treat (ITT) population included all subjects randomly assigned to treatment who had a baseline HAM-D17 evaluation, took at least 1 dose of double-blind test article, and had at least 1 postbaseline HAM-D17 evaluation.",NUMBER,,percentage of responders,HAM-D/HDRS,False,4,4,4,True,3
NCT00497874,0,Change in Depression Severity,"Depression was assessed using the Beck Depression Inventory, 2nd Edition (BDI-II)(Beck, Steer, \& Brown, 1996). In this self-report measure, 21 symptoms of depression are rated on a 0-3 scale. Scores for the 21 items are summed to yield a total score ranging from 0 to 63. The change scores reported here are the difference between the total BDI-II scores at baseline and 9 months (i.e., 9 months minus baseline). Change scores range from -63 to +63, with larger negative scores indicating greater reduction in depression.","Baseline, 9 months",Multiple imputation,MEAN,Standard Deviation,units on a scale,Other/unclear,True,2,2,2,True,1
NCT00511810,0,Mood Symptoms Ratings,"Depression symptom severity was determined with the Children's Depression Rating Scale-Revised (CDRS-R), which is a brief rating scale based on a semi-structured interview with the child. It is a 17-item observer-rated questionnaire where the 17 symptom areas are rated on a 6- or 7-point scale. Total score ranges from a low (not depressed) of 17 to a maximum (very depressed) of 108. Remission was defined as a CDRS-R score of \<28. (The total score is the sum of the ratings on each of the 17 items.)",10 weeks,,MEAN,Standard Deviation,CDRS-R score,Other/unclear,False,2,2,2,False,0
NCT00521352,0,Panic Disorder Severity Scale (PDSS),"The Panic Disorder Severity Scale is a questionnaire developed for measuring the severity of panic disorder symptoms.

The PDSS consists of seven items, each rated on a 5-point scale, which ranges from 0 to 4. The items assess panic frequency, resulting distress, panic-focused anticipatory anxiety, phobic avoidance of situations and of physical sensations, impairment in occupational and social functioning. The overall assessment is made by a total score, which is calculated by summing the scores for all seven items. The total scores range from 0 to 28.

Higher scores indicate high levels of panic symptomatology. Reduction in score from baseline indicates clinical improvement of panic symptoms.",4 weeks,,NUMBER,,responders,Other/unclear,False,2,2,2,True,0
NCT00521352,1,"Hamilton Depression Rating Scale (HDRS), 28 Item Version","The Hamilton Rating Scale for Depression (HRSD) is a multiple item questionnaire used to provide an indication of depression severity. The 28-, rather then 17- or 24-, item version was used to assess subjects in this protocol.

28-item minimum score = 0 28-item maximum score = 84

Higher scores indicate high levels of symptomatology. Reduction in score from baseline indicates clinical symptom improvement.",4 weeks,,NUMBER,,responders,HAM-D/HDRS,False,2,2,2,True,0
NCT00555997,0,Hamilton Depression Rating Scale (HAM-D-17) Scores,Higher numbers represent more symptoms of a major depressive episode. Minimum is 0. Maximum is 52.,6 weeks,,MEAN,Standard Deviation,points,HAM-D/HDRS,False,4,8,8,False,0
NCT00578669,0,Number of Participants Achieving Smoking Abstinence,7-day point prevalence abstinence,One year,,COUNT_OF_PARTICIPANTS,,Participants,Other/unclear,False,2,2,2,True,0
NCT00596817,0,Relapse Within First 24 Weeks of the Double-blind Period Based on a MADRS Total Score >=22 or an Unsatisfactory Treatment Effect (Lack of Efficacy) as Judged by the Investigator,"The Montgomery Åsberg Depression Rating Scale (MADRS) is a depression rating scale consisting of 10 items, each rated 0 (no symptom) to 6 (severe symptom). The 10 items represent the core symptoms of depressive illness. The rating should be based on a clinical interview with the patient, moving from broadly phrased questions about symptoms to more detailed ones, which allow a precise rating of severity, covering the last 7 days. Total score from 0 to 60. The higher the score, the more severe.",Within first 24 weeks of the double-blind period,FAS,NUMBER,,percentage of patients who relapsed,MADRS,False,2,2,2,False,1
NCT00612807,0,Hamilton Depression Rating Scale (HDRS),"The HDRS is a semi-structured interview administered by a trained independent evaluator, and used for rating the severity of depressive symptoms. Scores range from 0 to 50, with higher scores indicating greater severity of depression.","pre-treatment, monthly, post-treatment, 6 month follow-up",,MEAN,Standard Deviation,Score on HDRS,HAM-D/HDRS,False,2,12,12,True,1
NCT00612807,1,Dyadic Adjustment Scale (DAS),"The DAS is a self-report measure of marital adjustment that includes questions about agreement on lifestyle and household decisions, level of conflict, level of cooperation, and affection. Scores range from 0 to 151, with higher scores representing better relationship functioning.","pre-treatment, monthly, post-treatment, 6 month follow-up",,MEAN,Standard Deviation,Score on DAS measure,Other/unclear,False,2,12,12,True,2
NCT00633399,0,The Primary Outcome Measure Will be Response Rates (50% Decrease in HAM-D-17 Scores) During Phase 2,The primary outcome measure will be response rates (50% decrease in HAM-D-17 scores) during phase 2. A responder will be a patient who experiences a 50% or greater decrease in symptoms according to the HAM-D-17 during phase 2.,8 Weeks,,NUMBER,,Percentage of patients,HAM-D/HDRS,False,2,2,2,True,0
NCT00635219,0,Change From Baseline in MADRS Total Score After 8 Weeks of Treatment,"The Montgomery Åsberg Depression Rating Scale (MADRS) is a depression rating scale consisting of 10 items, each rated 0 (no symptom) to 6 (severe symptom). The 10 items represent the core symptoms of depressive illness. The rating should be based on a clinical interview with the patient, moving from broadly phrased questions about symptoms to more detailed ones, which allow a precise rating of severity, covering the last 7 days. Total score from 0 to 60. The higher the score, the more severe.",Baseline and Week 8,Full-analysis set (FAS) - all patients in the all-patients-treated set (APTS) who had at least one valid post-baseline assessment of the primary efficacy variable; last observation carried forward (LOCF); analysis of covariance (ANCOVA),MEAN,Standard Error,units on a scale,MADRS,True,5,5,5,True,4
NCT00668525,0,Change From Baseline in Total Montgomery Asberg Depression Rating Scale (MADRS) at 8 Weeks.,"The MADRS is a 10-item clinician-rated scale that was used to assess depressive symptomatology over the patient's prior week. Patients were rated on 10 items designed to assess feelings of sadness, lassitude, pessimism, inner tension, suicidality, reduced sleep or appetite, difficulty concentrating, and lack of interest. Each item was scored on a 7-point Likert scale; a score of 0 indicated the absence of symptoms, and a score of 6 indicated symptoms of maximum severity. The total score range is 0 to 60 (higher score indicates a greater severity of symptoms).",Change from baseline in MADRS total score at week 8,The analysis was performed on the intent to treat population based on the LOCF approach using an ANCOVA model with treatment group and study center as factors and the baseline MADRS total score as a covariate.,MEAN,Standard Error,Units on a scale,MADRS,True,3,3,3,True,0
NCT00672620,0,Change From Baseline in the 24-item Hamilton Depression Scale Total Score at Week 8,"The HAM-D24 is a clinician-rated 24-item scale for assessing the severity of depression symptoms. The scores for each item range from 0 to 4 or 0 to 2, where 0 represents no symptoms. The rating is based on the past 7 days prior to the time of assessment. The total score ranges from 0 to 74 where a higher score indicates a greater depressive state. Least squares (LS) means were from an Analysis of Covariance (ANCOVA) model with terms for treatment and center as factors and the Baseline rank value as a covariate.",Baseline and Week 8,The full analysis set (FAS) included all randomized patients who received at least 1 dose of study drug and had at least 1 valid postbaseline value for assessment of primary efficacy. Last observation carried forward (LOCF) was used.,LEAST_SQUARES_MEAN,Standard Error,scores on a scale,HAM-D/HDRS,True,4,4,4,True,3
NCT00672958,0,Change From Baseline in the 24-item Hamilton Depression Scale Total Score at Week 6,"The HAM-D24 is a clinician-rated 24-item scale for assessing the severity of depression symptoms. The scores for each item range from 0 to 4 or 0 to 2, where 0 represents no symptoms. The rating is based on the past 7 days prior to the time of assessment. The total score range is from 0 to 74 where a higher score indicates a greater depressive state. Least squares (LS) means were from an Analysis of Covariance (ANCOVA) model with treatment and center as fixed factors and the baseline value as a covariate.",Baseline and Week 6,"The full analysis set, which includes all randomized participants who received at least 1 dose of study drug and had at least 1 postbaseline value for assessment of primary efficacy. Last observation carried forward (LOCF) was used.",LEAST_SQUARES_MEAN,Standard Error,scores on a scale,HAM-D/HDRS,True,2,2,2,True,1
NCT00672958,1,Change From Baseline in the 24-item Hamilton Depression Scale Total Score at Other Weeks Assessed,"The HAM-D24 is a clinician-rated 24-item scale for assessing the severity of depression symptoms. The scores for each item range from 0 to 4 or 0 to 2, where 0 represents no symptoms. The rating is based on the past 7 days prior to the time of assessment. The total score ranges from 0 to 74 where a higher score indicates a greater depressive state. LS means were from an ANCOVA model with treatment and center as fixed factors and the Baseline value as a covariate.","Baseline and Weeks 1, 2, 3, 4 and 5","Full analysis set; LOCF was used. ""n"" indicates the number of patients included in the analysis at each time point.",LEAST_SQUARES_MEAN,Standard Error,scores on a scale,HAM-D/HDRS,True,2,10,10,True,5
NCT00683592,0,Change From Baseline to Week 8 in the MADRS (Montgomery-Asberg Depression Rating Scale) Total Score.,The MADRS is an observer rating scale that has proven to be an efficient and practical measure of depression. The scale was constructed to be sensitive to treatment effects. The change from baseline in MADRS total score has a possible range of -60 to 60 where negative values reflect improvement in depression symptom severity. The method of last observation carried forward was utilized for subjects who discontinued prematurely.,"Baseline, Week 1, Week 2, Week 4, Week 6, Week 8","Intent-to-Treat (ITT): the ITT population consisted of patients who were randomized, took at least 1 dose of study drug, and had at least 1 post-baseline efficacy endpoint measurement.",LEAST_SQUARES_MEAN,95% Confidence Interval,Units on a scale,MADRS,True,2,2,2,False,1
NCT00683852,0,MADRS (Montgomery-Asberg Depression Rating Scale) Response Rate,"The primary outcome was the difference in response rate (decrease in MADRS total score of at least 50%) using the SPCD (sequential parallel comparison design). The 10-item Montgomery-Asberg Depression Rating Scale (MADRS), which measures depression severity over the past week, was completed by clinicians using an MGH structured interview. Each item is measured on a scale from 0 to 6, and the items are summed to find the total score. The total minimum score is 0 units on a scale and the total maximum score is 60 units on a scale, where higher scores indicate more severe depression.",12 weeks,,COUNT_OF_PARTICIPANTS,,Participants,MADRS,False,4,4,4,False,0
NCT00705003,0,The Score on the Clinical Global Impression-Improvement (CGI-I) at Week 6,"Clinical Global Impression (CGI) is a standardized, clinician-rated assessment designed to allow the clinician to rate severity of illness, change over time, and pharmacologic treatment effects with consideration of the patient's clinical condition and the severity of side effects experienced (Guy 1976). Specifically, it consists of two global subscales: Global Improvement (CGI-I) Severity of Illness (CGI-S)

The CGI-I was administered at Weeks 2, 4 and 6. The CGI-I evaluation was performed with instruction to ""Rate the patient's total improvement whether or not, in your judgment, it is due entirely to drug treatment."" The Investigator was asked ""Compared to the patient's condition at the Baseline visit, please assign a rating to how much the patient changed."" Responses for the CGI-I evaluation included the following categories:

0: Not Assessed

1. Very much improved
2. Much improved
3. Minimally improved
4. No change
5. Minimally worse
6. Much worse
7. Very much worse",Week 6,142 subjects were enrolled and randomized in the study. 8 of these subjects were randomized but never received study drug. Subjects included in the MITT analysis received at least 1 dose of study drug and provided at least 1 post-baseline CGI-I assessment. Subjects included in the analysis of safety received at least 1 dose of study drug.,MEAN,Standard Error,units on a scale,Other/unclear,False,3,3,3,False,0
NCT00733980,0,"Change From Randomization to the End of Treatment Phase (Week 6) in the Bech Melancholia Subscale (Bech) (Items 1, 2, 7, 8, 10 and 13) From the Hamilton Rating Scale for Depression (HamD17).","The Bech Melancholia Sub-scale is extracted from the HAMD-17 and is comprised of the following 6 items: Depressed Mood, Feelings of Guilt, Work and Activities, Retardation, Anxiety Psychic, and Somatic Symptoms General. The items Depressed Mood, Feelings of Guilt, Work and Activities, Retardation, Anxiety Psychic are scored on a 5-point scale from 0 to 4 except for Somatic Symptoms General which is scored on a 3-point scale from 0 to 2 where the higher scores reflecting greater severity. The Bech Melancholia Scale total score is calculated by summing the individual response scores. The highest possible score is 22 (indicative of greater severity) and the lowest possible score is 0 (indicating absence of symptoms). Change from randomization was defined as the post-baseline value minus the value at randomization. Randomization was defined as Week 0.",Randomization (Week 0) and Week 6,"Intent to Treat (ITT) population consisted of all participants who gave informed consent, were randomized, received at least one dose of double-blind medication, and had at least one post-randomization efficacy assessment available (HAM D, IDS-SR CGI, HAM A, MOS, PSS).",LEAST_SQUARES_MEAN,Standard Error,Scores on scale,HAM-D/HDRS,True,2,2,2,True,1
NCT00735709,0,Change From Baseline in the 24-item Hamilton Depression Scale Total Score At Week 8,"The 24-item Hamilton Depression Scale (HAM-D24) is a clinician-rated 24-item scale for assessing the severity of depression symptoms. The scores for each item range from 0 to 4 or 0 to 2, where 0 represents no symptoms. The rating is based on the past 7 days prior to the time of assessment. The total score range is from 0 to 74 where a higher score indicates a greater depressive state. Least squares (LS) means are from a mixed model for repeated measurements (MMRM) with Baseline-by-week, center, week, and week-by-treatment as factors in the analysis.",Baseline to Week 8,"The full analysis set (FAS) included all patients who were randomized, received at least 1 dose of study drug, and had at least 1 post-baseline value for assessment of primary efficacy. A mixed model for repeated measurements (MMRM) based on observed cases was used.",LEAST_SQUARES_MEAN,Standard Error,scores on a scale,HAM-D/HDRS,True,4,4,4,True,3
NCT00739908,0,Change From Randomization in Montgomery and Asberg Depression Rating Scale (MADRS),"The Montgomery-Asberg Depression Rating Scale (MADRS) is a 10-item checklist designed to measure the overall severity of depressive symptoms in patients with MDD \[Montgomery, 1979\]. Items are rated on a scale of 0-6, with scores ranging from 0 to 60 with 0 being symptom free and 60 being the most severe depression. MADRS was assessed at randomization and Weeks 1, 2, 4 and 6 of the study.",Randomization and study end (Week 6).,"mITT population consisted of all patients with at least one post randomzation MADRS score. The primary efficacy variable was the change-from-randomization to each available post-randomization measurement of the MADRS total score, used as the response variable in a mixed model repeated measures (MMRM) analysis.",LEAST_SQUARES_MEAN,95% Confidence Interval,units on a scale,MADRS,True,2,2,2,True,0
NCT00742573,0,Mean Time of Retention,Average number of weeks of retention of Hispanics in the treatment of MDD,52 weeks,Adult Hispanics with MDD,MEAN,Standard Deviation,weeks,Other/unclear,False,2,2,2,True,0
NCT00742573,1,Hamilton Depression Scale (HAMD-17),"Hamilton Depression Scale (HAMD-17): Scoring is based on the 17-item scale of 0-4, the higher the worse.

0-7 are considered as being normal, 8-16 suggest mild depression, 17-23 moderate depression, over 24 severe depression

Minimum is 0 and the maximum score being 52",Baseline,Adult Hispanics with MDD and Non-missing HAMD Total Score,MEAN,Standard Deviation,score on a scale,HAM-D/HDRS,False,2,2,2,True,0
NCT00759395,0,Hamilton Rating Scale for Depression (HAM-D) Total Score.,"Hamilton Rating Scale for Depression (HAM-D)is a 17-item, clinician-rated scale that assesses depressive symptoms. The HAMD-17 consists of 17 symptoms, each of which is rated from 0 to 2 or 0 to 4, where 0 is none/absent. The HAMD-17 total score is calculated as the sum of the 17 individual symptom scores; the total score can range from 0 to 52. Higher HAMD-17 scores indicate more severe depression.",Week 4,,LEAST_SQUARES_MEAN,Standard Error,Units on a scale,HAM-D/HDRS,False,2,2,2,True,0
NCT00759395,1,Hamilton Rating Scale for Anxiety (HAM-A) Total Score.,"The Hamilton Rating Scale for Anxiety (HAM-A) is used as a rating measure of anxiety severity. The scale consists of 14 items. Each item is rated on a scale of 0 to 4. The HAM-A total score is the sum of the 14 items and the score ranges from 0 to 56, 0 is considered the best outcome.",Week 4,,LEAST_SQUARES_MEAN,Standard Error,Units on a scale,HAM-D/HDRS,False,2,2,2,True,0
NCT00768430,0,MADRS,"Montgomery-Asberg Depression Rating Scale, each of the ten items can be scored from 0 (absence of symptoms to 6 most severe) and has a total score range of 0-60. A lower score on a MADRS indicates a less severe depression.",24 hours post-infusion,,MEAN,95% Confidence Interval,units on a scale,MADRS,False,2,2,2,False,0
NCT00775203,0,Change in Hamilton Depression Scale (HAMD-17) Total Score From Baseline,"The Hamilton Depression Rating Scale 17 items \[HAMD-17\] is a 17-item scale that evaluates depressed mood, vegetative and cognitive symptoms of depression, and co-morbid anxiety symptoms. The 17 items are rated on either a 5-point (0-4) or a 3-point (0-2) scale. In general, the 5 point scale items use a rating of 0=absent; 1=doubtful to mild; 2=mild to moderate; 3=moderate to severe; 4=very severe. The 3-point scale items use a rating of 0=absent; 1=probable or mild; 2=definite. The total HAMD-17score ranges from 0 (not ill) to 52 (severely ill).",Baseline to Week 8,"Full analysis (intent-to-treat \[ITT\]) population is defined as all randomized patients who received any study medication and had a baseline and at least one post-baseline HAMD-17 assessment. Week 8 Last Observation Carried Forward (LOCF): Trazodone = 202, placebo = 204.",MEAN,Standard Deviation,Points on HAMD-17 scale,HAM-D/HDRS,True,2,6,6,True,1
NCT00789854,0,Change in Depressive Symptoms Between Randomisation and Week 6 Measured by Change in Montgomery Asberg Depression Rating Scale (MADRS) Total Score (Per Protocol Analysis Set),"Change in LS mean total Montgomery Asberg Depression Rating Scale (MADRS) score from randomisation to end-of-treatment (week 6) (Scale 0-60), lower score indicates a better health status.",6 weeks treatment,"Analysis was 'per protocol'. Exclusion reason from analysis: Violation of exclusion/inclusion criteria; Non-compliance regarding prohibited concomitant medication, Total unavailability of MADRS score after randomization, Patient not treated with any dose of study drug after randomization, Non-compliance regarding titration to 300 mg quetiapine/d.",LEAST_SQUARES_MEAN,Standard Error,scores on a scale,MADRS,True,3,3,3,True,2
NCT00789854,1,Change in Depressive Symptoms Between Randomisation and Week 6 Measured by Change in Montgomery Asberg Depression Rating Scale (MADRS) Total Score (Modified Intention to Treat Analysis Set),"Change in LS mean total Montgomery Asberg Depression Rating Scale (MADRS) score from randomisation to end-of-treatment (week 6) (Scale 0-60), lower score indicates a better health status.",6 weeks of treatment,,LEAST_SQUARES_MEAN,Standard Error,scores on a scale,MADRS,True,3,3,3,True,2
NCT00795821,0,Mean Change From Baseline in Montgomery-Asberg Depression Rating Scale (MADRS) at Week 10,"The MADRS measured severity of depressive mood symptoms. The 10-item checklist rating scale was 0 to 6, for a total score range of 0 (low severity of depressive symptoms) to 60 (high severity of depressive symptoms). Least Squares (LS) Means were adjusted for treatment, investigator, visit, treatment-by-visit, baseline score, and baseline-by-visit.","Baseline, Week 10",The analysis population included all randomized participants with a baseline and at least 1 post-baseline value.,LEAST_SQUARES_MEAN,Standard Error,units on a scale,MADRS,True,2,2,2,False,1
NCT00797966,0,Change From the End of Phase A (Week 8 Visit) to the End of Phase B (Week 14 Visit) in Montgomery Asberg Depression Rating Scale (MADRS) Total Score.,"The MADRS is utilized as the primary efficacy assessment of a participant's level of depression. The MADRS consists of 10 items, all rated on a 0 to 6 scale with 0 being the ""best"" rating and 6 being the ""worst"" rating. The MADRS Total Score is the sum of ratings for all 10 items. The possible Total scores are from 0 to 60. The MADRS Total Score was unevaluable if less than 8 of the 10 items are recorded. If 8 or 9 of the 10 items were recorded, the MADRS Total Score was the mean of the recorded items multiplied by 10 and then rounded to the first decimal place.",Week 8 to Week 14,Intent-to-Treat (ITT) dataset consisted of all randomized participants who had an End of Phase A value and at least one post-randomization efficacy evaluation for MADRS Total Score in Phase B. The Last Observation Carried Forward (LOCF) method was used to impute missing data.,LEAST_SQUARES_MEAN,Standard Error,Units on a scale,MADRS,True,4,4,4,False,3
NCT00798707,0,Change From Baseline in HAM-D17 Total Score at the Final On-therapy (FOT)Evaluation (Week 8 or ET),"HAM-D17: a standardized, clinician-administered rating scale that assesses 17 items characteristically associated with major depression. Items are scored on either a 3 point (0 to 2) or a 5 point scale (0 to 4), with 0=none/absent and 4=most severe, for a maximum total score of 50.",Baseline and Week 8 (or ET),"Intent-To-Treat (ITT) Population:all randomly assigned participants with baseline primary efficacy evaluation, had taken at least 1 dose of double-blind drug and 1 primary efficacy evaluation after first dose of double-blind drug. If participant had missing value at any visit, last observation carried forward (LOCF) method of imputation was used.",MEAN,Standard Error,Units on a scale,HAM-D/HDRS,True,3,3,3,True,2
NCT00807248,0,Montgomery and Åsberg Depression Rating Scale (MADRS),The MADRS is a 10-item rating scale designed to assess the severity of the symptoms in depressive illness and to be sensitive to treatment effects. Symptoms are rated on a 7-point scale from 0 (no symptom) to 6 (severe symptom). Definitions of severity are provided at 2-point intervals. The total score of the 10 items ranges from 0 to 60.,Baseline to 8 weeks,"Mean change from baseline to Week 8: Full-analysis Set (FAS), Last Observation Carried Forward (LOCF), Analysis of Covariance (ANCOVA)",MEAN,Standard Error,Scores on a scale,MADRS,False,4,4,4,True,2
NCT00811252,0,Change From Baseline in HAM-D-24 Total Score After 8 Weeks of Treatment,"The Hamilton Depression Scale - 24 Items (HAM-D-24) measures depression severity. Items are rated on a scale from 0 (symptoms not present) to a maximum of 2 to 4 (symptom extremely severe) for a total score range of 0 to 76. The higher the score, the more severe.",Baseline and Week 8,Full-analysis set (FAS) - all patients in the all-patients-treated set (APTS) who had at least one valid post-baseline assessment of the primary efficacy variable; last observation carried forward (LOCF); analysis of covariance (ANCOVA),MEAN,Standard Error,units on a scale,HAM-D/HDRS,True,3,3,3,True,2
NCT00824291,0,Change From Baseline in Hamilton Depression Scale (HAM-D) at Week 12,"HAM-D, clinician-rated interview, measures presence of depressive symptoms in 17 areas (symptoms such as depressed mood, guilt feelings, suicide, sleep disturbances, anxiety levels and weight loss). Total score ranges from 0 to 52; higher scores indicate more depression. Change from baseline: mean at observation minus mean at baseline.",At Baseline and Week 12.,"Intent-to-treat (ITT) analysis set, Last Observation Carried Forward (LOCF)",MEAN,Standard Error,Scores on a scale,HAM-D/HDRS,True,2,2,2,True,1
NCT00839423,0,Change From Baseline in MADRS Total Score After 6 Weeks of Treatment,"The Montgomery Åsberg Depression Rating Scale (MADRS) is a depression rating scale consisting of 10 items, each rated 0 (no symptom) to 6 (severe symptom). The 10 items represent the core symptoms of depressive illness. The rating should be based on a clinical interview with the patient, moving from broadly phrased questions about symptoms to more detailed ones, which allow a precise rating of severity, covering the last 7 days. Total score from 0 to 60. The higher the score, the more severe.",Baseline and Week 6,Full-analysis set (FAS) - all patients in the all-patients-treated set (APTS) who had at least one valid baseline and one valid post-baseline assessment of the MADRS total score; Last Observation Carried Forward (LOCF),MEAN,Standard Error,units on a scale,MADRS,True,4,4,4,True,3
NCT00840034,2,Change From Baseline to 8 Weeks in Montgomery-Asberg Depression Rating Scale (MADRS),"The MADRS is a rating scale for severity of depressive mood symptoms. The MADRS is a 10-item checklist with items rated on a scale of 0-6, for a total scores range of 0 (low severity of depressive symptoms) to 60 (high severity of depressive symptoms). Least Squares (LS) means are calculated using mixed model repeating measures (MMRM) and adjusted for investigator, treatment-by-visit, baseline score, and baseline-by-visit.","Baseline, 8 weeks","Intent-to-treat population analysis is determined by the treatment groups to which participants are randomly assigned regardless of treatment received, and includes all participants who do not meet response criteria during Weeks 1-2, have baseline and at least 1 post-baseline MADRS Total Score.",LEAST_SQUARES_MEAN,Standard Error,units on a scale,MADRS,True,2,2,2,False,0
NCT00849693,0,Change From Baseline in Children's Depression Rating Scale-Revised (CDRS-R) Total Score at Week 10 Endpoint,"CDRS-R Total score measure the presence and severity of depression in children. The scale consists of 17 items scored on a 1-to-5- or 1-to-7-point scale. A rating of 1 indicates normal functioning. Total scores range from 17 to 113. In general, scores below 20 indicate an absence of depression, scores of 20 to 30 indicate borderline depression, and scores of 40 to 60 indicate moderate depression. Least Square (LS) means are adjusted for baseline, pooled investigator, age category, visit, treatment, treatment\*visit, age category\*visit and baseline\*visit.","Baseline, Week 10",Participants with both a baseline and at least one post-baseline value.,LEAST_SQUARES_MEAN,Standard Error,units on a scale,Other/unclear,True,2,2,2,False,1
NCT00849901,0,Change From Baseline in Children's Depression Rating Scale-Revised (CDRS-R) Total Score at Week 10 Endpoint,"CDRS-R Total score measure the presence and severity of depression in children. The scale consists of 17 items scored on a 1-to-5- or 1-to-7-point scale. A rating of 1 indicates normal functioning. Total scores range from 17 to 113. In general, scores below 20 indicate an absence of depression, scores of 20 to 30 indicate borderline depression, and scores of 40 to 60 indicate moderate depression. Least Square (LS) means are adjusted for baseline, pooled investigator, age category, visit, treatment, treatment\*visit, age category\*visit and baseline\*visit.","Baseline, Week 10",Participants with both a baseline and at least one post-baseline value.,LEAST_SQUARES_MEAN,Standard Error,units on a scale,Other/unclear,True,3,3,3,False,1
NCT00854100,0,Montgomery-Asberg Depression Rating Scale (MADRS),"The patient is rated on a scale from 0-6 on 10 items. Apparent sadness, reported sadness, lassitude, pessimistic thoughts, inner tension, suicidal thoughts, reduced sleep and appetite, concentration difficulties, inability to feel. The overall MADRS score ranges from 0-60, with 0 meaning no symptoms and score of 60 meaning maximum severity. The primary efficacy parameter was the change in MADRS score totals from the scores taken at Baseline (Week 8) and during at least one more time point up to and including Week 16.",Baseline (Week 8) to Week 16,"231 patients were randomized, and of them, 230 received at least 1 dose of treatment (Double-blind Safety Population), and had at least a baseline and 1 post-baseline MADRS assessment (Double-blind Intent To Treat Population). All patients in the Double-blind Intent To Treat Population were included in the efficacy analyses.",LEAST_SQUARES_MEAN,Standard Error,Units on a Scale,MADRS,False,3,3,3,True,2
NCT00863798,0,Change From Baseline in HAM-D17 Total Score at Final On-therapy (FOT) Evaluation (Week 8 or ET),"HAM-D17: a standardized, clinician-administered rating scale that assesses 17 items characteristically associated with major depression. Items are scored on either a 3 point (0 to 2) or a 5 point scale (0 to 4), with 0=none/absent and 4=most severe, for a maximum total score of 50.",Baseline and Week 8 (or ET),"Intent-To-Treat (ITT) Population:all randomly assigned participants with baseline primary efficacy evaluation, had taken at least 1 dose of double-blind drug and 1 primary efficacy evaluation after first dose of double-blind drug. If participant had missing value at any visit, last observation carried forward (LOCF) method of imputation was used.",MEAN,Standard Error,Units on a scale,HAM-D/HDRS,True,3,3,3,True,2
NCT00876343,0,Mean Change in Montgomery-Asberg Depression Rating Scale (MADRS) Total Score,"The change in MADRS total score from the end of the SSRI/SNRI treatment period to Week 6 of the placebo-controlled, double-blind treatment period by covariance analysis, and compared the aripiprazole variable dose group with the placebo group as well as the aripiprazole fixed dose group with the placebo group.

Higher MADRS score indicates more severe depression, and each item yields a score of 0 to 6. The overall score ranges from 0 to 60.

The questionnaire includes questions on the following symptoms

1\. Apparent sadness 2. Reported sadness 3. Inner tension 4. Reduced sleep 5. Reduced appetite 6. Concentration difficulties 7. Lassitude 8. Inability to feel 9. Pessimistic thoughts 10. Suicidal thoughts","Baseline (the end of the SSRI/SNRI treatment period), at completion of administration",,MEAN,Standard Error,Rating score,MADRS,True,3,3,3,True,2
NCT00887224,0,Time to Relapse Following Randomization to the Double-blind (DB) Phase: Estimated Probability (Percent) of Relapse at DB Day 185,"Time to relapse analyzed using log-rank test; defined as Hamilton Psychiatric Scale for Depression-17 item score ≥16 at any time during DB phase, discontinuation for unsatisfactory response or efficacy (need for additional or alternate treatment for depression, investigator decision to remove participant for efficacy reasons, or failure to return if investigator determined related to efficacy), hospitalization for depression, suicide attempt, or suicide. Participants who relapsed after DB day 185 or completed DB therapy without relapse were considered as censored on DB day 185 (study day 325).",Double-blind phase Baseline (Study Day 140) up to DB Day 185 (Study Day 325),All Randomized population: all participants randomly assigned to the Double-blind treatment phase of the study.,NUMBER,,percent estimated probability,Other/unclear,False,2,2,2,False,1
NCT00905424,0,Change From Augmentation Baseline for Non-Remitters in Montgomery-Ǻsberg Depression Rating Scale (MADRS) Total Score at Week 6 - Last Observation Carried Forward (LOCF),"MADRS is a validated, 10-item rating scale with each item being scored on a scale from 0-6 with a total score ranging from 0-60. Lower scores indicate a decreased severity of depression.","Augmentation Baseline, 6 weeks",Primary Efficacy Analysis Set defined as all non-remitters (MADRS total score greater than 10 at augmentation baseline) who take at least 1 dose of randomized augmentation treatment and have at least 1 primary efficacy measurement after randomization.,LEAST_SQUARES_MEAN,Standard Error,Units on a scale,MADRS,True,2,2,2,False,1
NCT00962598,0,ACC Glx/Water,"The data reflects the ratio of Glutamine-Glutamate and water in the brain (ratio divided by 10000 for analysis purposes). Glutamate is a precursor to Glutamine, an amino acid which functions as an excitatory neurotransmitter in the human brain.",baseline and 10-weeks,,MEAN,Standard Deviation,ratio * 10^-4,Other/unclear,False,2,4,4,True,0
NCT00962598,1,ACC GABA/Water,"The ratio of gamma-Aminobutyric acid (GABA) and water in the brain (ratio divided by 10000 for analysis purposes), that was observed in MR Spectroscopy. GABA, an amino acid produced by cells of the central nervous system, is an inhibitory neurotransmitter, prominent in the human brain.",baseline and 10-weeks,,MEAN,Standard Deviation,ratio * 10^-4,Other/unclear,False,2,4,4,True,0
NCT00969150,0,Change in Montgomery-Asberg Depression Rating Scale (MADRS) Total Score,"MADRS was used to assess depressive symptomatology during the past week. Patients are rated on 10 items to assess feelings of sadness, lassitude, pessimism, inner tension, suicidality, reduced sleep or appetite, difficulty concentrating, and lack of interest.

Each item of the 10 items are scored on a 7-point scale. A score of 0 indicates the absence of symptoms,and a score of 6 indicates symptoms of maximum severity. The total MADRS score for this measure ranges from 0 (absence of symptoms) to 60 (maximum severity).",From Baseline to Week 8,"Of the 357 patients who received at least 1 dose of double-blind treatment (Safety Population), 355 patients had at least 1 postbaseline MADRS assessment (Intent to Treat \[ITT\] Population).",LEAST_SQUARES_MEAN,Standard Error,units on a scale,MADRS,True,2,2,2,True,1
NCT00969709,0,Change in Montgomery-Åsberg Depression Rating Scale (MADRS) Total Score,"The MADRS was used to assess depressive symptomatology during the past week. Patients are rated on 10 items to assess feelings of sadness, lassitude, pessimism, inner tension, suicidality, reduced sleep or appetite, difficulty concentrating, and lack of interest.

Each item of the 10 items are scored on a 7-point scale. A score of 0 indicates the absence of symptoms,and a score of 6 indicates symptoms of maximum severity. The total MADRS score for this measure ranges from 0 (absence of symptoms) to 60 (maximum severity for all measured symptoms).",From Baseline to Week 8,A total of 724 patients were randomized to receive double-blind treatment (Randomized Population); 713 patients received at least 1 dose of treatment (Safety Population); and 704 patients received at least 1 dose of treatment and had at least 1 postbaseline MADRS-CR assessment (Intent to Treat \[ITT\] Population).,LEAST_SQUARES_MEAN,Standard Error,Units on a scale,MADRS,True,4,4,4,True,3
NCT00976560,0,Change From Randomization (Week 0) Associated With GW856553 Versus Placebo at Week 6 in the Bech (6-item HAMD-17 [Hamilton Depression Rating Scale]) Score.,"HAMD-17 has 17 questions. The HAMD-17 Total Score was calculated by summing the individual response scores over the 17 individual components of the interview. The highest possible score was 52, which represented the most severe measure of depression; the lowest possible score was 0, which represented an absence of depression. There were 9 five point questions and 8 three point questions. The responses to the individual questions had values of 0-2 (three points response) or 0-4 (five points response). The BECH scale was extracted from the HAMD-17 and comprises of 6 items out of which 5 are 5 point questions and 1 is 3 point question. The Bech Total Score was calculated by summing the individual response scores and ranged from 0 to 22, with higher scores indicating more severe depression. Week 0 values were considered as Baseline.The change from randomization was analysed using suitable Bayesian mixed-effects model repeated measures (BMMRM) assuming missing at random (MAR).",At Week 6,"Intent-to-Treat (ITT) - It comprised of all randomised participants who received at least one dose of study medication and had at least one post-dose efficacy assessment.

Only those participants with data available at the indicated time points were analyzed.",MEAN,Standard Deviation,Scores on scale,HAM-D/HDRS,True,2,2,2,True,1
NCT00985725,0,"Change From Baseline in Behavior Rating Inventory of Executive Function - Adult Version Global Executive Composite T-score (BRIEF-A GEC T) at Week 9, Last Observation Carried Forward (LOCF)","BRIEF-A Global Executive Composite assesses behavioral aspects of executive function. Items are rated 1 (never), 2 (sometimes), and 3 (often). There is no range for a total score. Raw scale scores are used to generate T-scores. A reduction in score indicates less impairment.",Baseline and week 9,The Full Analysis Set (FAS) defined as all randomized subjects who took at least 1 dose of randomized investigational product and had at least 1 primary efficacy assessment after baseline.,LEAST_SQUARES_MEAN,Standard Error,T-scores,Other/unclear,True,2,2,2,True,1
NCT01020799,0,Montgomery-Åsberg Depression Rating Scale (MADRS) Total Score Change From Baseline to Week 4.,"MADRS total score, sum of 10 item scores (each on a 0 (best value) to 6 (worst value)scale), assesses the severity of depressive symptoms on a continuous scale from 0 (the best) to 60 (the worst). Change from baseline was calculated as Week 4 value minus baseline value. \[observed cases, Mixed Model Repeated Measurement (MMRM), Full Analysis Set (FAS)\]","Baseline, Week 4",,LEAST_SQUARES_MEAN,Standard Error,scores on a scale,MADRS,True,3,3,3,True,0
NCT01034462,0,Change in Montgomery-Asberg Depression Rating Scale (MADRS) Total Score,"MADRS was used to assess depressive symptomatology during the past week. Patients are rated on 10 items to assess feelings of sadness, lassitude, pessimism, inner tension, suicidality, reduced sleep or appetite, difficulty concentrating, and lack of interest.

Each item of the 10 items are scored on a 7-point scale. A score of 0 indicates the absence of symptoms,and a score of 6 indicates symptoms of maximum severity. The total MADRS score for this measure ranges from 0 (absence of symptoms) to 60 (maximum severity).",From Baseline to Week 8,The Safety Population consisted of 434 randomized patients who took at least 1 dose of double-blind investigational product. The Intent-to-Treat (ITT) Population consisted 429 patients in the Safety Population who had at least 1 postbaseline assessment of the MADRS total score.,LEAST_SQUARES_MEAN,Standard Error,units on a scale,MADRS,True,2,2,2,True,1
NCT01052077,0,Change From the End of Phase A (Week 8 Visit) to the End of Phase B (Week 14 Visit) in the Montgomery Asberg Depression Rating Scale (MADRS) Total Score.,"The MADRS was utilized as the primary efficacy assessment of a participants level of depression. The MADRS consisted of 10 items, all rated on a 0 to 6 scale with 0 being the ""best"" rating and 6 being the ""worst"" rating. The MADRS Total Score is the sum of ratings for all 10 items; therefore, possible total scores range from 0 to 60. The MADRS total score were to be unevaluable if less than 8 of the 10 items were recorded. If 8 or 9 of the 10 items were recorded, the MADRS total score was the mean of the recorded items multiplied by 10 and then rounded of to the first decimal place.",Baseline (end of week 8) to Week 14,The efficacy sample was the Full Analysis Set (FAS) comprised of participants who received 1 dose of double-blind study medication and had both end of Week 8 visit value and 1 post-randomization efficacy assessment for MADRS total score in double-blind Phase B. The LOCF method was used to impute missing data.,LEAST_SQUARES_MEAN,Standard Error,Units on a scale,MADRS,True,2,2,2,False,1
NCT01085812,0,Time to Relapse (Days),Number of days until patients meet relapse criteria. Relapse was defined as 1 or more of the following: 1. MADRS total score of at least 22 at 2 consecutive visits 2. Increase of 2 or more points in CGI-I score compared with the CGI-I score at Visit 9 at 2 consecutive visits 3. Premature discontinuation due to insufficient therapeutic response 4. MADRS item 10 score of at least 4,24 Weeks,The double blind Intent-to-treat population consists of 342 randomized participants who received study drug and were evaluated for the Primary Outcome Measure,MEAN,Standard Deviation,Days,Other/unclear,False,2,0,2,False,0
NCT01138007,0,Change From Baseline in the Montgomery-Asberg Depression Rating Scale (MADRS) Total Score at Week 8/Withdrawal,"The MADRS scale measures the depression level of a participant. The total score was derived by adding the scores of the following 10 items: 1, Apparent sadness; 2, Reported sadness; 3, Inner tension; 4, Reduced sleep; 5, Reduced appetite; 6, Concentration difficulties; 7, Lassitude; 8, Inability to feel; 9, Pessimistic thoughts; 10, Suicidal thoughts. Each item was scored using a scale of 0 to 6 (a higher score indicates increased severity). The maximum total score is 60; 0, no depression; 60, severely depressed. Change from Baseline in the total score was calculated as the value at Week 8/Withdrawal minus the value at Baseline. The least squared means were estimated based on the Analysis of Covariance (ANCOVA) model including Baseline MADRS score and region as covariates.",Baseline and Week 8/Withdrawal,Full Analysis Set (FAS): all participants who took at least one dose of investigational product and provided at least one efficacy observation at a Treatment Phase visit (i.e. Week 1 or later). Missing values were imputed using Last Observation Carried Forward (LOCF): last observed non-missing value was used to fill missing values at a later point.,LEAST_SQUARES_MEAN,Standard Error,Scores on a scale,MADRS,True,3,3,3,True,2
NCT01140906,0,Change From Baseline in MADRS Total Score After 8 Weeks of Treatment.,"The Montgomery Åsberg Depression Rating Scale (MADRS) is a depression rating scale consisting of 10 items, each rated 0 (no symptom) to 6 (severe symptom). The 10 items represent the core symptoms of depressive illness. The rating should be based on a clinical interview with the patient, moving from broadly phrased questions about symptoms to more detailed ones, which allow a precise rating of severity, covering the last 7 days. Total score from 0 to 60. The higher the score, the more severe.",Baseline and Week 8,"Full-analysis set (FAS), mixed model for repeated measurements (MMRM)",MEAN,Standard Error,units on a scale,MADRS,True,4,4,4,True,3
NCT01152554,0,Frequency of Patients Experiencing at Least One Adverse Event (AE),The frequency of patients experiencing at least one AE during the randomized treatment or follow-up periods was calculated.,Randomization (Week 0) to end of the follow-up period (Week 54),Safety analysis set including all randomized patients who received at least 1 dose of investigational product (TC-5214 or placebo) and for whom any postdose data were available.,NUMBER,,percentage of participants analyzed,Other/unclear,False,2,2,2,True,0
NCT01152554,1,Frequency of Patients Experiencing AEs That Resulted in Discontinuation of Investigational Product (IP),The frequency of patients experiencing AEs that resulted in discontinuation of IP during the randomized treatment or follow-up periods was calculated.,Randomization (Week 0) to end of the follow-up period (Week 54),Safety analysis set including all randomized patients who received at least 1 dose of investigational product (TC-5214 or placebo) and for whom any postdose data were available.,NUMBER,,percentage of participants analyzed,Other/unclear,False,2,2,2,True,0
NCT01152554,2,Frequency of Patients Experiencing Serious Adverse Events (SAEs),The frequency of patients experiencing serious adverse events (SAEs) during the randomized treatment or follow-up periods was calculated.,Randomization (Week 0) to end of the follow-up period (Week 54),Safety analysis set including all randomized patients who received at least 1 dose of investigational product (TC-5214 or placebo) and for whom any postdose data were available.,NUMBER,,percentage of participants analyzed,Other/unclear,False,2,2,2,True,0
NCT01153009,0,Change From Baseline in the Montgomery-Åsberg Depression Rating Scale (MADRS) Total Score,"The MADRS is a depression rating scale consisting of 10 items, each rated 0 (normal) to 6 (most abnormal). The 10 items represent the core symptoms of depressive illness. The overall score ranges from 0 (symptoms absent) to 60 (severe depression). A decrease in the total score or on individual items indicates improvement. Least squares (LS) means are from a mixed model for repeated measurements (MMRM) analysis of covariance (ANCOVA) with treatment, center, week, treatment-by-week interaction, Baseline MADRS total score-by-week as fixed effects.",Baseline and Week 8,"The full analysis set (FAS) included all randomized patients who received at least 1 dose of study drug, and had at least 1 valid post-baseline value for assessment of primary efficacy. A mixed model for repeated measurements (MMRM) based on observed cases was used.",LEAST_SQUARES_MEAN,Standard Error,scores on a scale,MADRS,True,4,4,4,True,3
NCT01153347,0,Change in the Montgomery-Asberg Depression Rating Scale (MADRS) Total Score From Randomization to End of Treatment.,A 10-item scale for the evaluation of depressive symptoms. Each MADRS item is rated on a 0 to 6 scale. The MADRS total score is calculated as the sum of the 10 individual item scores; the total score can range from 0 to 60. Higher MADRS scores indicate higher levels of depressive symptoms.,Randomization (Week 8) to end of treatment (Week 16),Modified intent-to-treat analysis set including all randomized patients who received at least 1 dose of investigational product (TC-5214 or placebo) and who had a randomization and at least 1 post-randomization MADRS total score.,LEAST_SQUARES_MEAN,Standard Error,units on a scale,MADRS,True,4,4,4,True,3
NCT01157078,0,Change in the Montgomery-Asberg Depression Rating Scale (MADRS) Total Score From Randomization to End of Treatment.,A 10-item scale for the evaluation of depressive symptoms. Each MADRS item is rated on a 0 to 6 scale. The MADRS total score is calculated as the sum of the 10 individual item scores; the total score can range from 0 to 60. Higher MADRS scores indicate higher levels of depressive symptoms.,Randomization (Week 8) to end of treatment (Week 16),Modified intent-to-treat analysis set including all randomized patients who received at least 1 dose of investigational product (TC-5214 or placebo) and who had a randomization and at least 1 post-randomization MADRS total score.,LEAST_SQUARES_MEAN,Standard Error,units on a scale,MADRS,True,2,2,2,True,1
NCT01163266,0,Change From Baseline in Montgomery-Åsberg Depression Rating Scale (MADRS) Total Score,"The MADRS is a depression rating scale consisting of 10 items, each rated 0 (normal) to 6 (most abnormal). The 10 items represent the core symptoms of depressive illness. The overall score ranges from 0 (symptoms absent) to 60 (severe depression). A decrease in the total score or on individual items indicates improvement. Least squares (LS) means are from a mixed model for repeated measurements (MMRM) analysis of covariance (ANCOVA) with treatment, center, week, treatment-by-week interaction, Baseline MADRS total score-by-week as fixed effects.",Baseline and Week 8,"The full analysis set (FAS) included all randomized patients who received at least 1 dose of study drug, and had at least 1 valid postbaseline value for assessment of primary efficacy. A mixed model for repeated measurements (MMRM) based on observed cases was used.",LEAST_SQUARES_MEAN,Standard Error,scores on a scale,MADRS,True,3,3,3,True,2
NCT01173601,0,Change From Randomization to Week 8 in the Montgomery-Asberg Depression Rating Scale (MADRS) Total Score,"The MADRS is a rating scale for severity of depressive mood symptoms. The MADRS had a 10-item checklist. Items were rated on a scale of 0 to 6, for a total score range of 0 (low severity of depressive symptoms) to 60 (high severity of depressive symptoms). Least Squares (LS) means were calculated using mixed model repeated measures (MMRM) adjusting for treatment, investigator, visit, baseline score, treatment-by-visit and baseline score-by-visit.","Randomization, 8 weeks",All randomized participants who have non-missing values at the time of randomization and at least one post-randomization value.,LEAST_SQUARES_MEAN,Standard Error,units on a scale,MADRS,True,3,3,3,False,2
NCT01179516,0,Change From Baseline in Montgomery-Åsberg Depression Rating Scale (MADRS) Total Score,"The MADRS is a depression rating scale consisting of 10 items, each rated 0 (normal) to 6 (most abnormal). The 10 items represent the core symptoms of depressive illness. The overall score ranges from 0 (symptoms absent) to 60 (severe depression). A decrease in the total score or on individual items indicates improvement. Least squares (LS) means are from a mixed model for repeated measurements (MMRM) analysis of covariance (ANCOVA) with treatment, center, week, treatment-by-week interaction, Baseline MADRS total score-by-week as fixed effects.",Baseline and Week 8,"The full analysis set (FAS) included all randomized patients who received at least 1 dose of study drug, and had at least 1 valid post-baseline value for assessment of primary efficacy. A mixed model for repeated measurements (MMRM) based on observed cases was used.",LEAST_SQUARES_MEAN,Standard Error,scores on a scale,MADRS,True,3,3,3,True,2
NCT01180400,0,Change in the Montgomery-Asberg Depression Rating Scale (MADRS) Total Score From Randomization to End of Treatment.,A 10-item scale for the evaluation of depressive symptoms. Each MADRS item is rated on a 0 to 6 scale. The MADRS total score is calculated as the sum of the 10 individual item scores; the total score can range from 0 to 60. Higher MADRS scores indicate higher levels of depressive symptoms.,Randomization (Week 8) to end of treatment (Week 16),Modified intent-to-treat analysis set including all randomized patients who received at least 1 dose of investigational product (TC-5214 or placebo) and who had a randomization and at least 1 post-randomization MADRS total score.,LEAST_SQUARES_MEAN,Standard Error,units on a scale,MADRS,True,2,2,2,True,1
NCT01185340,0,Change From Randomization to Week 8 in Montgomery-Asberg Depression Rating Scale (MADRS) Total Score,"The Montgomery-Asberg Depression Rating Scale (MADRS) is a rating scale for severity of depressive mood symptoms. The MADRS had a 10-item checklist. Items were rated on a scale of 0 to 6, for a total score range of 0 (low severity of depressive symptoms) to 60 (high severity of depressive symptoms). Least Squares (LS) means were calculated using mixed model repeated measures (MMRM) adjusting for treatment, investigator, visit, baseline score, treatment-by-visit, and baseline score-by-visit.","Randomization, 8 weeks",All randomized participants who have non-missing values at the time of randomization and at least one post-randomization value.,LEAST_SQUARES_MEAN,Standard Error,units on a scale,MADRS,True,2,2,2,False,1
NCT01187407,0,Change From Randomization to Week 8 in the Montgomery-Asberg Depression Rating Scale (MADRS) Total Score,"The MADRS is a rating scale for severity of depressive mood symptoms. The MADRS had a 10-item checklist (sadness \[apparent\], sadness \[reported\], inner tension, reduced sleep, reduced appetite, concentration difficulties, lassitude, inability to feel, pessimistic thoughts, and suicidal thoughts). Items were rated on a scale of 0 to 6, for a total score range of 0 (low severity of depressive symptoms) to 60 (high severity of depressive symptoms). Least Squares (LS) means were calculated using mixed model repeated measures (MMRM) adjusting for treatment, investigator, visit, baseline score, treatment-by-visit, and baseline score-by-visit.","Randomization, 8 weeks",All randomized participants who have non-missing values at the time of randomization and at least one post-randomization value.,LEAST_SQUARES_MEAN,Standard Error,units on a scale,MADRS,True,3,3,3,False,2
NCT01189812,0,Sheehan-Suicidality Tracking Scale (S-STS),"The S-STS is an 14 item clinician administered prospective rating scale that scores both treatment-emergent suicidal ideations and suicidal behaviors with scores ranging from 0-40 points. Patients scoring a 0 are experiencing no suicidal thoughts, ideations, or attempts, while a score of 40 indicates a fatal, completed suicide.

Comparison was made between the citalopram with lithium and the citalopram with placebo treatment groups. Outcome measures are expressed as change scores from the baseline visit to week 4.",4 weeks; from Baseline to Week 4,The ITT population consisted of 80 patients randomized to lithium (n=40)or placebo (n=40).,MEAN,Standard Deviation,Scores on a Scale (S-STSS),Other/unclear,False,2,2,2,True,0
NCT01197508,0,Change in the Montgomery-Asberg Depression Rating Scale (MADRS) Total Score From Randomization to End of Treatment.,A 10-item scale for the evaluation of depressive symptoms. Each MADRS item is rated on a 0 to 6 scale. The MADRS total score is calculated as the sum of the 10 individual item scores; the total score can range from 0 to 60. Higher MADRS scores indicate higher levels of depressive symptoms.,Randomization (Week 8) to end of treatment (Week 16),Modified intent-to-treat analysis set including all randomized patients who received at least 1 dose of investigational product (TC-5214 or placebo) and who had a randomization and at least 1 post-randomization MADRS total score.,LEAST_SQUARES_MEAN,Standard Error,units on a scale,MADRS,True,4,4,4,True,3
NCT01254305,0,Change in Clinical Global Impression of Severity (CGI-S) for Fatigue Score,"The CGI-S is a clinician-rated scale that rates the severity of the patient's current state of fatigue based on the Investigator's clinical opinion with regard to the patient population with Major Depressive Disorder (MDD). Patient were rated on a scale from 1 to 7, with 1 indicating a normal state and 7 indicating that the patient was among the most extremely fatigued",From Baseline to Week 8,"The Randomized Population consisted of 262 patients, with 251 patients who took at least 1 dose of double-blind treatment to comprise the Safety population.

The Intent-to-Treat (ITT) Population consisted of 248 patients in the Safety Population who had a baseline and at least 1 postbaseline assessment of either the CGI-S or PGI-I fatigue score.",MEAN,Standard Deviation,units on a scale,Other/unclear,True,3,3,3,True,0
NCT01254305,2,Change in Patient Global Impressions of Severity (PGI-S) for Fatigue Score,"The PGI-S is a clinician-rated scale that rates was used to rate the severity of the patient's current state of overall fatigue. Patients were rated on a scale from 1 to 7, with 1 indicating no symptoms of fatigue and 7 indicating extreme fatigue.",From Baseline to Week 8,"The Randomized Population consisted of 262 patients, with 251 patients who took at least 1 dose of double-blind treatment to comprise the Safety population.

The Intent-to-Treat (ITT) Population consisted of 248 patients in the Safety Population who had a baseline and at least 1 postbaseline assessment of either the CGI-S or PGI-I fatigue score.",MEAN,Standard Deviation,units on a scale,Other/unclear,True,3,3,3,True,0
NCT01255787,0,Change From Baseline in Montgomery-Åsberg Depression Rating Scale (MADRS) Total Score,"The MADRS is a depression rating scale consisting of 10 items, each rated 0 (normal) to 6 (most abnormal). The 10 items represent the core symptoms of depressive illness. The overall score ranges from 0 (symptoms absent) to 60 (severe depression). A decrease in the total score or on individual items indicates improvement. Least squares (LS) means were from an Analysis of Covariance (ANCOVA) model with treatment as a fixed factor and the Baseline value as a covariate.",Baseline and Week 8,The full analysis set included all randomized participants who received at least 1 dose of study drug. One patient in the placebo arm was excluded from all datasets due to enrollment in another clinical study. Only participants with Baseline and at least 1 post-baseline value are included. Last observation carried forward (LOCF) was used.,LEAST_SQUARES_MEAN,Standard Error,scores on a scale,MADRS,True,4,4,4,True,3
NCT01299272,0,Percentage of Participants Who Meet Criteria for Re-emergence of Depressive Symptoms Estimated by Kaplan-Meier Product Limit Method (Double-blind Randomized Withdrawal Period),"Participants meeting any of the following criteria were determined as having major depressive disorder symptom re-emergence: 1) a Montgomery-Asberg Depression Rating Scale (MADRS) total score greater ≥14 or a Clinical Global Impressions of Severity (CGI-S) increase of 2 or more points from Week 18 at 2 consecutive visits or 2) discontinuation due to lack of efficacy/worsening of depression/suicidality. Time from randomization to the first visit at which the participant met the reemergence criteria was calculated. The percentage of participants who meet criteria was estimated using the Kaplan-Meier product limit method. The MADRS is a rating scale for severity of depressive mood symptoms and has a 10-item checklist with items rated on a scale of 0-6, for a total score range of 0 (low severity) to 60 (high severity). CGI-S measures severity of depression at the time of assessment compared with the start of treatment. Scores range from 1 (normal, not at all ill) to 7 (extremely ill).",Randomization up to 44 weeks,All randomized participants.,NUMBER,,percentage of participants,Other/unclear,False,2,2,2,False,1
NCT01312922,0,Early and Sustained (Antidepressant) Response (ESR) Rate,"Early and Sustained Response (ESR) is defined as a MADRS total score reduction from Baseline of 50% or more and a MADRS total score ≤16 at Week 2, Week 3, Week 4, and Week 6.",From (end of) Week 2 visit to (end of) Week 6 visit,"Full Analysis Set (FAS): The FAS consists of all patients who are randomized and were administered at least one dose of trial medication, as assessed from pill counting. Patients will be analyzed according to the treatment group to which they were randomized (intention-to-treat principle), irrespective of the study treatment received.",COUNT_OF_PARTICIPANTS,,Participants,Other/unclear,False,3,3,3,True,2
NCT01355081,0,Change From Baseline in Montgomery-Åsberg Depression Rating Scale (MADRS) Total Score After 8 Weeks of Treatment,"MADRS is a 10-item clinician rated scale that measures overall severity of depressive symptoms (such as apparent sadness, reported sadness, inner tension) rated on a 7-point Likert scale from 0 (symptoms absent) to 6 (severe depression) with a total possible score range from 0 to 60. Higher scores indicate greater severity of symptoms. A negative change from Baseline indicates that symptoms have improved. An analysis of covariance (ANCOVA) model was used with change in MADRS total score as a dependent variable, treatment as a fixed effect and the baseline MADRS total score as a covariate.","Baseline, Week 8","Participants from the Full Analysis Set (FAS), defined as all participants who were randomized and received at least 1 dose of study drug; who had data available for this outcome measure. One participant in the Vortioxetine 10 mg group was excluded due to a major protocol deviation. Last observation carried forward.",LEAST_SQUARES_MEAN,Standard Error,scores on a scale,MADRS,True,3,3,3,True,2
NCT01360632,0,Mean Change From the End of Phase A (Week 8 Visit) to Phase B (Week 14 Visit) in the Montgomery-Asberg Depression Rating Scale for the Efficacy Sample Set,"The MADRS was utilized as the primary efficacy assessment of a participant's level of depression. The MADRS consisted of 10 items, all rated on a 0 to 6 scale with 0 being the ""best"" rating and 6 being the ""worst"" rating. The MADRS total score were to be unevaluable if less than 8 of the 10 items were recorded. If 8 or 9 of the 10 items were recorded, the MADRS total score was the mean of the recorded items multiplied by 10 and then rounded of to the first decimal place. The MADRS Total Score is the sum of ratings for all 10 items. The possible total scores are from 0 to 60, with higher values indicating worse outcome.",Baseline and Week 14,The Efficacy Sample Set included all participants who had received at least one dose of study treatment and had both an end of Phase A (Week 8) value and at least 1 post randomization efficacy evaluation for MADRS Total Score in Phase B.,LEAST_SQUARES_MEAN,Standard Error,Units on a scale,MADRS,True,3,3,3,False,2
NCT01360632,1,Mean Change in MADRS Total Score From Baseline End of Week 8 to Week 14 for the Efficacy Sample Per Final Protocol,"The MADRS was utilized as the primary efficacy assessment of a participant's level of depression. The MADRS consisted of 10 items, all rated on a 0 to 6 scale with 0 being the ""best"" rating and 6 being the ""worst"" rating. The MADRS total score were to be unevaluable if less than 8 of the 10 items were recorded. If 8 or 9 of the 10 items were recorded, the MADRS total score was the mean of the recorded items multiplied by 10 and then rounded of to the first decimal place. The MADRS Total Score is the sum of ratings for all 10 items. The possible total scores are from 0 to 60, with higher values indicating worse outcome.",Baseline and Week 14,Analysis was based on all participants in the Efficacy Sample who met the revised randomization criteria for incomplete response as defined in Protocol Amendment 3.,LEAST_SQUARES_MEAN,Standard Error,Units on a scale,MADRS,True,3,3,3,False,2
NCT01360645,0,Change From Baseline (End of Phase A [Week 8]) to Week 14 in Montgomery-Asberg Depression Rating Scale (MADRS) Total Score for the Efficacy Sample.,"The MADRS consists of 10 items, all rated on a 0 to 6 scale with 0 being the ""best"" rating and 6 being the ""worst"" rating. The MADRS total score is the sum of ratings for all 10 items. The possible total scores are from 0 to 60. The MADRS total score will be un-evaluable if less than 8 of the 10 items are recorded. If 8 or 9 of the 10 items are recorded, the MADRS total score will be the mean of the recorded items multiplied by 10 and then rounded to the first decimal place.",Baseline and Week 14,"The Efficacy Sample comprised of all participants in the Safety Sample who had an end of Phase A (i.e, Week 8) value and at least one post-randomization efficacy evaluation for MADRS total score in Phase B.",LEAST_SQUARES_MEAN,Standard Error,Units on a scale,MADRS,True,2,2,2,False,1
NCT01360645,1,Change From Baseline (End of Phase A [Week 8]) to Week 14 in MADRS Total Score for the Efficacy Sample Per the Final Protocol.,"The MADRS consists of 10 items, all rated on a 0 to 6 scale with 0 being the ""best"" rating and 6 being the ""worst"" rating. The MADRS total score is the sum of ratings for all 10 items. The possible total scores are from 0 to 60. The MADRS total score will be un-evaluable if less than 8 of the 10 items are recorded. If 8 or 9 of the 10 items are recorded, the MADRS total score will be the mean of the recorded items multiplied by 10 and then rounded to the first decimal place.",Baseline and Week 14,All participants in the Efficacy Sample who met the revised randomization criteria for incomplete response as defined in Protocol Amendment 3.,LEAST_SQUARES_MEAN,Standard Error,Units on a scale,MADRS,True,2,2,2,False,1
NCT01368432,0,Montgomery-Asberg Depression Rating Scale (MADRS) at Baseline,"This scale assesses the range of symptoms most frequently observed in patients with major depression. This measure will be used to assess the difference in Montgomery-Asberg Depression Rating Scale (MADRS) at baseline and 12 weeks. The scores range from 0-60.

0 to 6 - normal; 7 to 19 - mild depression; 20 to 34 - moderate depression; \>34 - severe depression.

In this study the score was used as a continuous variable.",MADRS score at baseline,,MEAN,Standard Deviation,units on a scale,MADRS,False,2,2,2,False,0
NCT01368432,1,Montgomery-Asberg Depression Rating Scale (MADRS),"This scale assesses the range of symptoms most frequently observed in patients with major depression. This measure will be used to assess the difference in Montgomery-Asberg Depression Rating Scale (MADRS) at baseline and 12 weeks. The scores range from 0-60.

0 to 6 - normal; 7 to 19 - mild depression; 20 to 34 - moderate depression; \>34 - severe depression.

In this study the score was used as a continuous variable.",MADRS score at 12 weeks,,MEAN,Standard Deviation,units on a scale,MADRS,False,2,2,2,False,0
NCT01370733,0,Mean HAM-D17 Total Score Change (Intent to Treat - All),"The mean HAM-D17 total score change from Baseline (Day 0) to Week 6 compared between the active treatment and sham-controlled groups. If any subject did not complete the double-blind phase in the ITT population, the assessment last observation carried forward (LOCF) was used. The single value provided in each arm reflects the change seen.

For this trial, the Hamilton Rating Scale for Depression (HAM-D28) was performed as a baseline assessment. A subset of the HAM-D28, the HAM-D17, was utilized as both a baseline and efficacy measure. It's considered the gold standard for rating depression severity and used frequently in clinical trials. The HAM-D17 score ranges from 0-52; a score of 0-7 is generally accepted to be within the normal range (or in clinical remission), while a score of 20 or higher indicates at least moderate severity. A reduction of 50% or more in total score from Baseline indicates clinical response.",Baseline to End of Double-Blind Treatment Period (Week 6),"Includes all subjects who signed an informed consent, met all I/E criteria, were subsequently randomized and received at least 1 treatment (active sTMS or sham) session in the double-blind phase.",MEAN,Standard Deviation,units on a scale,HAM-D/HDRS,True,2,2,2,True,0
NCT01370733,1,Mean HAM-D17 Total Score Change (Per Protocol - All),"The mean HAM-D17 total score change from Baseline (Day 0) to Week 6 compared between the active treatment and sham-controlled groups. All subjects in the Per Protocol analysis completed Week 6. Baseline HAM-D17 total score was directly compared to the HAM-D17 total score at Week 6. The single value provided in each arm reflects the change seen.

For this trial, the Hamilton Rating Scale for Depression (HAM-D28) was performed as a baseline assessment. A subset of the HAM-D28, the HAM-D17, was utilized as both a baseline and efficacy measure. It's considered the gold standard for rating depression severity and used frequently in clinical trials. The HAM-D17 score ranges from 0-52; a score of 0-7 is generally accepted to be within the normal range (or in clinical remission), while a score of 20 or higher indicates at least moderate severity. A reduction of 50% or more in total score from Baseline indicates clinical response.",Baseline to End of Double-Blind Treatment Period (Week 6),Per Protocol Population,MEAN,Standard Deviation,units on a scale,HAM-D/HDRS,True,2,2,2,True,0
NCT01371734,0,"Change From Baseline to Week 8 in the Children's Depression Rating Scale, Revised (CDRS-R) Total Score (n=102, 104, 106)","Clinician-rated interview-based scale (with both child and parent or guardian) to assess 17 distinct symptom areas to derive an index of depression severity. Discrepancies between informants' responses were resolved by using most impaired rating given by valid informant. Rated on a 7-point scale; range from 1 (no impairment) to 7 (indicates greater impairment). Total score calculated as sum of the 17 items (range 1 to 119); higher score indicates greater impairment. Mean change from baseline was adjusted for the baseline total score, age group and gender.",Baseline and Week 8,"Intention-To-Treat (ITT) Population - included all randomized participants who received at least 1 dose of study drug, had a baseline primary efficacy assessment, and had at least one post-baseline primary efficacy assessment.

n is the number of participants with evaluable data.",LEAST_SQUARES_MEAN,Standard Error,Score on a scale,Other/unclear,True,3,3,3,True,2
NCT01372150,0,"Change From Baseline to Week 8 in the Children's Depression Rating Scale, Revised (CDRS-R) Total Score",Clinician-rated interview-based scale (with both child and parent or guardian) to assess 17 distinct symptom areas to derive an index of depression severity. Discrepancies between informants' responses were resolved by using most impaired rating given by valid informant. Rated on a 7-point scale; range from 1 (no impairment) to 7 (indicates greater impairment). Total score calculated as sum of the 17 items (range 1 to 119); higher score indicates greater impairment. Adjusted mean presented.,Baseline and Week 8,"Intention-To-Treat (ITT) Population - included all randomized participants who received at least 1 dose of study drug, had a baseline primary efficacy assessment, and had at least one post-baseline primary efficacy assessment.",MEAN,Standard Error,Score on a Scale,Other/unclear,True,3,3,3,False,2
NCT01377194,0,Change in Montgomery-Asberg Depression Rating Scale (MADRS) Total Score - Mixed-effects Model for Repeated Measures (MMRM) Analysis.,"The Montgomery-Asberg Depression Rating Scale (MADRS) rates patients on 10 items to assess feelings of sadness, lassitude, pessimism, inner tension, suicidality, reduced sleep or appetite, difficulty concentrating, and lack of interest. Each item was scored on a 7-point scale. A score of 0 indicated the absence of symptoms, and a score of 6 indicated symptoms of maximum severity. The minimum overall score possible was 0 (absence of symptoms), with a maximum overall score of 60 (maximum severity).",From Baseline to Week 8,"Of the 568 patients randomized to receive double-blind treatment, 562 patients received at least 1 dose of treatment and were included in the Safety Population, and 557 patients received at least 1 dose of treatment and had at least 1 postbaseline MADRS assessment and were included in the ITT Population.",MEAN,Standard Deviation,Units on a scale,MADRS,True,3,3,3,True,2
NCT01407575,0,Montgomery Asberg Depression Rating Scale,measure of depression severity Theoretical Range 0-60 lower values represent better outcome,6 weeks,,MEAN,Standard Deviation,units on a scale,MADRS,False,2,2,2,True,0
NCT01407575,1,Blood Pressure,Measure of systolic and diastolic blood pressure. 140/90 or lower is considered normal and indicates a better outcome.,6 weeks,,MEAN,Standard Deviation,mm Hg,Other/unclear,False,2,4,4,True,0
NCT01407575,2,UKU Side Effect Rating Scale,"measure of side effects 46 items with scores of 0,1,2,3 possible. Theoretical range 0-138 Lower scores indicate fewer side effects",6 weeks,,MEAN,Standard Deviation,units on a scale,Other/unclear,False,2,2,2,True,0
NCT01407575,5,Heart Rate,Heart Rate (Beats per minute) 60-100 beats per minute is considered normal lower heart rate represent healthier outcome,6 weeks,,MEAN,Standard Deviation,Beats per minute,Other/unclear,False,2,2,2,True,0
NCT01407575,6,Weight,Participant weight,6 weeks,,MEAN,Standard Deviation,lbs,Other/unclear,False,2,2,2,True,0
NCT01421134,0,Mean Change From Baseline to the 6-week Study Endpoint in Montgomery-Asberg Depression Rating Scale (MADRS) Total Scores,"The MADRS consists of 10 items, each rated on a Likert scale, from 0=""Normal"" to 6=""Most Severe"". The MADRS total score is calculated as the sum of the 10 items. The MADRS total score ranges from 0 to 60. Higher scores are associated with greater severity.",Baseline to Week 6,Intent to treat population,LEAST_SQUARES_MEAN,Standard Error,units on a scale,MADRS,True,2,2,2,True,1
NCT01421342,0,Rate of Protocol Remission of Symptoms of Major Depressive Disorder,Remission of symptoms of major depression during the acute treatment phase (12 weeks) defined as a sustained clinician-rated Quick Inventory of Depressive Symptoms (QIDS-C16) of \<= 5 for two consecutive visits.,During acute phase (12 weeks),,COUNT_OF_PARTICIPANTS,,Participants,Other/unclear,False,3,3,3,False,3
NCT01422213,0,Change From Baseline to Week 8 in DSST (Number of Correct Symbols) and RAVLT (Acquisition and Delayed Recall) Using the Composite Z-score Defined as the Weighted Sum of the Individual Patient Z-scores,"DSST assesses psychomotor speed of performance requiring visual perception, spatial decision-making, and motor skills. It consists of 133 digits and requires the patient to substitute each digit with a simple symbol in a 90-s period. Each correct symbol is counted, and the total score ranges from 0 (\< normal functioning) to 133 (\> normal functioning).

RAVLT assesses verbal learning and memory, including immediate memory, efficiency of learning, retroactive and proactive interference effects, and encoding versus retrieval. It consists of a number of tasks, including immediate recall and delayed recall. The number of words correctly recalled on each task is recorded.

The scores are standardized by subtracting the overall mean change from baseline from the individual change from baseline and dividing by the standard deviation estimate of the change from baseline. The 2 tests, DSST and RAVLT are each assigned a weight of 0.5, the 2 subtests of RAVLT are each assigned a weight of 0.25.",Baseline and Week 8,FAS,MEAN,Standard Error,z score,Other/unclear,True,3,3,3,True,2
NCT01428661,0,Change From Baseline to Endpoint at Week 8 Using the Total Score of the Hamilton Depression Rating Scale (HAM-D),"Hamilton Rating Scale for Depression (HAM-D) assesses the range of symptoms that are most frequently observed in subjects with major depressive disorder (MDD) on a scale from 0 to 52. Higher HAM-D scores indicate more severe levels of depressive symptoms, thus, a negative change from baseline indicates a reduction (or improvement) in depressive symptoms.",8 weeks,The Intent-to-Treat (ITT) Population included any subject randomized into the study that receives a dose of study medication and that has completed at least one post-baseline efficacy measurement while on study medication.,MEAN,Standard Error,units on a scale,HAM-D/HDRS,True,3,3,3,False,0
NCT01435759,3,"Change in Montgomery-Ǻsberg Depression Rating Scale (MADRS) Total Score From Augmentation Baseline (Week 8) to Week 16 (Double-blind Phase, Dose Response Evaluable Set)","MADRS is a validated, 10-item rating scale with each item being scored on a scale from 0-6 with a total score ranging from 0-60. Lower scores indicate a decreased severity of depression. CHange in MADRS total score in Augmentsion Baseline to Week 16.",Augmentation Baseline (Week 8) to Week 16,Dose Response Evaluable Set (DRES): All randomized subjects who had at least 1 valid primary efficacy measurement (MADRS total score) during the Dose Maintenance Period (Weeks 11-16) while on the target dose level of investigational product.,LEAST_SQUARES_MEAN,90% Confidence Interval,units on a scale,MADRS,True,5,5,5,False,4
NCT01436149,0,Mean Change From Baseline in Montgomery-Asberg Depression Rating Scale (MADRS) Total Score at up to 8 Weeks,"MADRS is a validated, 10-item rating scale with each item being scored on a scale from 0-6 with a total score ranging from 0-60. Lower scores indicate a decreased severity of depression.",8 weeks,Full Analysis Set: Subjects who took at least 1 dose of randomized investigational product and who had at least 1 valid primary efficacy measurement of the MADRS total score after the Augmentation Baseline Visit (Visit 8).,LEAST_SQUARES_MEAN,95% Confidence Interval,units on a scale,MADRS,True,2,2,2,False,1
NCT01436162,0,Mean Change From Baseline in Montgomery-Asberg Depression Rating Scale (MADRS) Total Score at 8 Weeks,"MADRS is a validated, 10-item rating scale with each item being scored on a scale from 0-6 with a total score ranging from 0-60. Lower scores indicate a decreased severity of depression.",8 weeks,Full Analysis Set: Subjects who took at least 1 dose of randomized investigational product and who had at least 1 valid primary efficacy measurement of the MADRS total score after the Augmentation Baseline Visit (Visit 8).,LEAST_SQUARES_MEAN,95% Confidence Interval,units on a scale,MADRS,True,2,2,2,False,1
NCT01441440,0,Change From Baseline in 17-item Hamilton Raing Scale for Depression (HAM-D17) Total Score at Week 8 or Early Termination,"HAM-D17 is a standardized, clinician-administered rating scale that assesses 17 items characteristically associated with major depression (symptoms such as depressed mood, work and activities, sleep, suicide, psychomotor agitation/retardation, appetite, sexual interest, anxiety, and somatic symptoms). The items of the HAM-D17 are rated on a scale of 0 to 2 or 0 to 4, and the total score ranges from 0 to 52. Higher scores indicate more severe symptoms. Change from baseline: mean score at Week 8 or early termination minus mean score at baseline.","Baseline, Week 8 or Early termination",Participants randomly assigned to treatment who took at least one dose of the study drug in the double-blind period and who had both baseline and at least one post-baseline measurements of the primary efficacy variable.,MEAN,Standard Error,Units on a scale,HAM-D/HDRS,True,3,3,3,True,2
NCT01469377,0,Change From Baseline in the Montgomery-Åsberg Depression Rating Scale (MADRS) Total Score at Week 8,"The MADRS is a clinician-rated scale to assess depressive symptomatology during the preceding week. Participants are rated on 10 items (feelings of sadness, lassitude, pessimism, inner tension, suicidality, reduced sleep or appetite, difficulty concentrating, and lack of interest) each on a 7-point scale from 0 (no symptoms) to 6 (symptoms of maximum severity). The total score ranges from 0 to 60 with a higher score indicating more depression. A negative change score indicates improvement.",Baseline to Week 8,Intent-to-treat population consisted of all patients in the Safety Population who had at least 1 post-baseline assessment of the MADRS total score.,LEAST_SQUARES_MEAN,Standard Error,Units on a scale,MADRS,True,3,3,3,True,2
NCT01482221,0,Change From Baseline to Week 6 in the Montgomery-Asberg Depression Rating Scale (MADRS) Total Score,A 10-item scale for the evaluation of depressive symptoms. Each MADRS item is rated on a 0 to 6 scale. The MADRS total score is calculated as the sum of the 10 individual item scores; the total score can range from 0 to 60. Higher MADRS scores indicate higher levels of depressive symptoms.,Baseline to Week 6,"The modified intent-to-treat (mITT) analysis set included all randomized patients, who took investigational product (IP) and who have a non-missing baseline MADRS total score and at least 1 post-baseline MADRS total score, classified according to their randomized treatment.",LEAST_SQUARES_MEAN,Standard Error,units on a scale,MADRS,True,3,3,3,True,2
NCT01488071,0,Change From Baseline in MADRS Total Score at Week 8,"The Montgomery Åsberg Depression Rating Scale (MADRS) is a depression rating scale consisting of 10 items, each rated 0 (no symptom) to 6 (severe symptom). The 10 items represent the core symptoms of depressive illness. The rating should be based on a clinical interview with the patient, moving from broadly phrased questions about symptoms to more detailed ones, which allow a precise rating of severity, covering the last 7 days. Total score from 0 to 60. The higher the score, the more severe, thus, a negative change (or decrease) from baseline indicates a reduction (or improvement) in symptoms.",Baseline and Week 8,full-analysis set (FAS),MEAN,Standard Error,units on a scale,MADRS,True,2,2,2,True,1
NCT01500200,0,Change From Baseline to Week 4 in Hamilton Rating Scale for Depression (HAM-D17) Total Score,"The HAM-D17 scale is a clinician-administered questionnaire comprised of 17 items used to measure the severity of MDD symptoms. Scores range from 0 (no apparent symptoms) to 50 (most severe symptoms). Individual questionnaire items include depressed mood, work and activities, insomnia (early), insomnia (middle), insomnia (late), genital symptoms, somatic symptoms (gastrointestinal), loss of weight, somatic symptoms (general), feelings of guilt, suicide, anxiety (psychic), anxiety (somatic), hypochondriasis, insight, agitation, and retardation.",Baseline and 4 weeks for each stage,Stage 1 and Stage 2 Full Analysis Sets (FAS) consisted of subjects who were randomized and took at least 1 dose of study drug and had at least 1 postbaseline HAM-D17 assessment in the respective stage. Two subjects randomized to 8/8 in Stage 1 received 2/2. These subjects are included in the 8/8 group for efficacy analysis.,LEAST_SQUARES_MEAN,Standard Error,score on a scale,HAM-D/HDRS,True,6,6,6,False,2
NCT01558063,0,Number of Responders 24-hours Post-ketamine Infusion,"The quantitative depressive symptom ratings were collected at Baseline, Day 1 (post ketamine), Day 3 using HDRS-24 (a 24-item questionnaire used to provide an indication of depression, and as a guide to evaluate recovery). The total score can range from 0 to a maximum score of 15 with a higher score indicating a worse outcome. A ""responder"" was defined as an individual exhibiting a reduction in the HDRS score from baseline to 24 hours (day 1) post-treatment, and all other individuals were classified as non-responders.",Day 1 (post ketamine),,NUMBER,,participants,Other/unclear,False,6,6,6,True,0
NCT01564862,0,Change From Baseline to Week 8 in the Digit Symbol Substitution Test (DSST),"The DSST assesses relative contributions of speed, memory, executive function and visual scanning. Participants are required to copy symbols that are paired with simple geometric shapes or numbers within a specific time for a total possible score of 0 to 133. Higher scores-correct number of symbols reflects greater objective cognitive functioning. An increase in score represents an improvement in an integrated measure of cognitive function. An Analysis of Covariance (ANCOVA) model was used with treatment and center as fixed factors and the Baseline value as a covariate.",Baseline and Week 8,Full Analysis Set included all randomized participants who received at least one dose of study drug and had at least 1 valid post-baseline value for assessment of primary efficacy. Participants with scores of \> 70 at Baseline were excluded.,LEAST_SQUARES_MEAN,Standard Error,Correct symbols,Other/unclear,True,3,3,3,True,3
NCT01571453,0,Change From Baseline in MADRS Total Score at Week 8,"Montgomery and Asberg Depression Rating Scale (MADRS) is a ten-item rating scale designed to assess the severity of the symptoms in depressive illness and to be sensitive to treatment effects. Symptoms are rated on a 7-point scale from 0 (no symptom) to 6 (severe symptom). Definitions of severity are provided at two-point intervals. The total score of the ten items ranges from 0 to 60. The higher the score, the more severe, thus, a negative change (or decrease) from baseline indicates a reduction (or improvement) in symptoms.",Baseline and Week 8,The full-analysis set (FAS) comprises all patients in the APTS who had a valid baseline assessment and at least one valid post-baseline assessment of the MADRS total score.,MEAN,Standard Error,units on a scale,MADRS,True,2,2,2,True,1
NCT01625845,0,Change in Brachial Flow-Mediated Dilation (FMD) From Pre- to Post- Treatment,"Patients underwent ultrasound assessment of brachial FMD in accordance with established guidelines at pre- (0 weeks) and post- (12 weeks) treatment. After a 10-minute supine rest, high-resolution baseline images of the brachial artery were obtained from 3 consecutive cardiac cycles. Next, the forearm cuff was inflated to 250 mmHg for 5 minutes and then was rapidly deflated. At 60 and 90 seconds post-deflation, images from 3 consecutive cardiac cycles were acquired. FMD values were computed as the % change in brachial diameter at either 60 or 90 seconds after cuff deflation",0 and 12 weeks,,MEAN,Standard Error,% change in brachial diameter,Other/unclear,True,2,2,2,True,1
NCT01625845,1,Change in Depressive Symptoms Severity (Hopkins Symptom Checklist Depression Scale; SCL-20) From Pre- to Post- Treatment,Self-reported depressive symptom severity was measured at pre- (0 weeks) and post- (12 weeks) treatment visits by the 20 depression items from the Symptom Checklist 90 (Hopkins Symptom Checklist depression scale; SCL-20). Each item on the scale ranges from 0 (not at all) to 4 (extremely). Total scores are the average across all response items and range from 0 to 4 with higher scores indicating greater levels of depressive symptoms.,0 and 12 weeks,,MEAN,Standard Error,Change in Total Score,Other/unclear,True,2,2,2,True,1
NCT01627782,0,Change in Montgomery-Asberg Depression Rating Scale (MADRS) Total Score From Baseline to Day 15,"The MADRS is a clinician-rated scale designed to measure depression severity and detects changes due to antidepressant treatment. The test consists of 10 items, each of which is scored from 0 (item not present or normal) to 6 (severe or continuous presence of the symptoms), for a total score of 60. Higher scores represent a more severe condition.",Baseline (Day 1) and Day 15,"An intent-to-treat (ITT) analysis set is defined as all participants who receive at least 1 dose of study drug and have both Day 1 (baseline) and at least 1 post-baseline MADRS total score. Here,""N""(Number of Participants Analyzed) and ""n"" signifies those participants who were evaluable for this outcome measure and at given time point, respectively",MEAN,Standard Deviation,Units on a scale,MADRS,True,4,8,8,True,2
NCT01715805,0,Montgomery-Asberg Depression Rating Scale (MADRS) at Baseline in the Double-Blind Period,"The MADRS is a clinician-rated scale to assess depressive symptomatology during the past week. Patients are rated on 10 items to assess feelings of sadness, lassitude, pessimism, inner tension, suicidality, reduced sleep or appetite, difficulty concentrating and lack of interest. Each item is scored on a 7-point scale. A score of 0 indicates the absence of symptoms, and a score of 6 indicates symptoms of maximum severity for a total possible score of 0 to 60.",Baseline (Week 8),Double-blind Intent-to-Treat (ITT) Population included all participants in the double-blind safety population who had a randomization baseline assessment and at least 1 postbaseline assessment of the MADRS total score during the double-blind treatment period.,MEAN,Standard Deviation,score on a scale,MADRS,False,2,2,2,False,0
NCT01715805,1,Change From Baseline in Montgomery-Asberg Depression Rating Scale (MADRS) in the Double-Blind Period,"The MADRS is a clinician-rated scale to assess depressive symptomatology during the past week. Participants are rated on 10 items to assess feelings of sadness, lassitude, pessimism, inner tension, suicidality, reduced sleep or appetite, difficulty concentrating and lack of interest. Each item is scored on a 7-point scale. A score of 0 indicates the absence of symptoms, and a score of 6 indicates symptoms of maximum severity for a total possible score of 0 to 60. A negative change from Baseline indicates improvement. Mixed-effects model for repeated measures (MMRM) with treatment group, study center, visit, and treatment group-by-visit interaction as fixed effects, and the baseline value and baseline by-visit interaction as the covariates was used for analyses.",Baseline (Week 8) to Week 16,Double-blind ITT Population included all participants in the double-blind safety population who had a randomization baseline assessment and at least 1 postbaseline assessment of the MADRS total score during the double-blind treatment period.,LEAST_SQUARES_MEAN,Standard Error,score on a scale,MADRS,True,2,2,2,False,1
NCT01725282,0,Change From Baseline in Montgomery-Asberg Depression Rating Scale (MADRS) Total Score,"The Montgomery Åsberg Depression Rating Scale (MADRS) is a depression rating scale consisting of 10 items, each rated 0 to 6. The 10 items represent the core symptoms of depressive illness. The overall score ranges from 0 (symptoms absent) to 60 (severe depression). Decrease in the total score or on individual items indicates improvement.",Baseline and Week 6,Full Analysis Set: Participants who met the following requirements: major depressive disorder confirmed at registration; at least one dose of the study drug for the treatment period was administered; and at least one efficacy variable was assessed after the start of treatment. Last observation carried forward (LOCF) imputation was used.,LEAST_SQUARES_MEAN,Standard Error,units on a scale,MADRS,True,4,4,4,True,3
NCT01727726,0,Montgomery Asberg Depression Rating Scale (MADRS),"To determine the efficacy of brexpiprazole (flexible dose) with placebo as adjunctive therapy by assessment of MADRS total score. The MADRS depression rating scale was used to assess the subject's level of depression by utilizing the structured interview guide for the MADRS (SIGMA). The MADRS consisted of 10 items (apparent sadness, reported sadness, inner tension, reduced sleep, reduced appetite, concentration difficulties, lassitude, inability to feel, pessimistic thoughts and suicidal thoughts), each rated 0 to 6. The overall score ranged from 0 (symptoms absent) to 60 (severe depression). Lower score indicated decreased severity of depression.",Randomization Visit (week 8 or week 10) to End of Double-Blind Treatment (week 14 or week 16).,"All subjects in the Safety Sample who have an end of Phase A (ie, Week 8 or 10) value and at least one post-randomization efficacy evaluation for MADRS Total Score in Phase B.",LEAST_SQUARES_MEAN,Standard Error,Units on a scale,MADRS,False,3,3,3,True,2
NCT01808612,0,Mean Change From Baseline to 6-Week Endpoint on the 21-Item Hamilton Depression Rating Scale (HAMD21) Total Score,"HAMD21 is a 21-item assessment used to measure depression severity. Items were rated on a scale from 0 (symptoms not present) to a maximum of 2 to 4 (symptom extremely severe) for a total score ranging from 0 (not at all depressed) to 64 (severely depressed). Least squares (LS) means were calculated using mixed-model repeated measures (MMRM) adjusting for the random effect of participant and fixed categorical effects of treatment, pooled investigative site, visit, and treatment-by-visit interaction, as well as the continuous fixed covariate of baseline HAMD21 total score.","Baseline, 6 weeks",Randomized participants who received at least 1 dose of study drug with a baseline and at least 1 post-baseline HAMD21 total score during the Treatment Period.,LEAST_SQUARES_MEAN,Standard Error,units on a scale,HAM-D/HDRS,True,3,3,3,False,1
NCT01838681,0,Full Remission During the Randomised Treatment Period,"Full remission is defined as a Montomery and Åsberg Depression Rating Scale (MADRS) total score ≤10 and a ≥50% decrease from randomisation in MADRS total score for at least 8 consecutive weeks during randomized treatment. The MADRS is a depression rating scale consisting of 10 items, each rated 0 to 6. The 10 items represent the core symptoms of depressive illness. The overall score ranges from 0 (symptoms absent) to 60 (severe depression). The MADRS total score is the sum of the 10 items.",From randomisation to end of Period B (24 weeks),All randomised patients who took at least one dose of randomised treatment (brexpiprazole or placebo) in Period B.,NUMBER,,participants,Other/unclear,False,2,2,2,False,1
NCT01874951,0,Change in HAM-D-17 Total Score,"Hamilton Depression Scale-17 (HAM-D-17) item. The change in scores depends on the difference between the initial (baseline) score and the final score at the conclusion of the double blind treatment period. There is no formal range of score changes, since they depend on the initial and final score. A negative score represents a lowering in the score from baseline to end (improvement), and a positive score indicates an increase in score from baseline to end (worsening). A zero score would indicate no change. In theory, the maximum drop in score would be from 52 to zero, or -52. A maximum increase would be from 18 (the minimum score required for admission) to 52, or +34.",Change from baseline to week 3,Study completers.,MEAN,Standard Deviation,units on a scale,HAM-D/HDRS,True,2,2,2,True,0
NCT01878292,0,Change in Children's Depression Rating Scale - Revised (CDRS-R) Total Score,"The Children's Depression Rating Scale-Revised (CDRS-R) total score ranges from 17 (minimal or no symptoms of depression) to 133 (indicative of depression) is a semi-structured, clinician-rated instrument designed for use with children and adolescents between the ages of 6 to 17 years of age and their caregivers. The CDRS-R evaluates the presence and severity of symptoms commonly associated with depression in childhood.",From Baseline to week 8,The Intent-to-Treat (ITT) Population will consist of all patients in the Safety Population who had baseline and at least 1 postbaseline assessment of the Children's Depression Rating Scale-Revised (CDRS-R) total score.,LEAST_SQUARES_MEAN,Standard Error,units on a scale,Other/unclear,True,3,3,3,False,0
NCT02014363,0,Change From Baseline in Baseline-adjusted (Montgomery-Asberg Depression Scale) MADRS Score at the End of Treatment.,"The mean difference in baseline-adjusted MADRS score at the end of treatment in the per protocol population using the last observation carried forward (LOCF) method. MADRS is used to assess the range of symptoms that are most frequently observed in patients with major depression. The MADRS test includes 10 items and uses a 0 to 6 severity scale, with higher scores indicating increasing depressive symptoms. The total MADRS score is derived by adding all the scores from the 10 items, meaning the lowest possible score is 0 and the highest possible is 60.",Baseline (start of randomized treatment) and 8 weeks post start of treatment,Per protocol population (all subjects of the full analysis set for whom no relevant protocol deviations were documented).,LEAST_SQUARES_MEAN,Standard Error,Scores on a scale,MADRS,True,3,3,3,True,0
NCT02015546,0,Change in Total MADRS Scores From Baseline to Week 8,"The efficacy of switching to three different doses of vilazodone (10 mg/d, 20 mg/d, 40 mg/d) from equivalent dose range of generic SSRIs or SSNRIs in patients with MDD measured by the MADRS. The MADRS is a 10-item scale that evaluates the core symptoms and cognitive features of clinical depression. Each MADRS item is rated on a 0 to 6 scale. The MADRS Total score ranges from 0 (min) to 60 (max). Higher MADRS scores indicate higher levels of depressive symptoms.","Baseline, Week 8",,MEAN,Standard Deviation,units on a scale,MADRS,True,3,3,3,True,0
NCT02015546,1,Change in the Discontinuation Emergent Signs and Symptoms Check List (DESS),"DESS: a clinician-administered 43-item assessment that evaluates discontinuation-emergent symptoms resulting from the withdrawal from test article. The primary tolerability measure for discontinuation symptoms will be The Discontinuation Emergent Signs and Symptoms Check List (DESS). Discontinuation symptoms that do not respond to education and supportive psychotherapy will be managed by reinstituting the last dose of Vilazodone at which patients did not experience discontinuation symptoms and slowly tapering the dose over 1 week or longer, if necessary.

Total possible range is 0 to 172. A higher score indicates more symptoms.","Baseline, week 9",,MEAN,Standard Deviation,units on a scale,Other/unclear,True,3,3,3,True,0
NCT02015546,2,Change in Safety as Assessed by the Arizona Sexual Experience Scale (ASEX),"The Arizona Sexual Experience Scale (ASEX) is a 5-item, patient selfrated scale that evaluates a patient's recent sexual experience. Patients are asked to assess their own experience over the last week (for example, ""How strong is your sex drive?"", ""Are your orgasms satisfying?"") and respond on a 6-point scale for each item. The ASEX is used to identify individuals with sexual dysfunction. Possible total score ranges from 5 to 30, with the higher score indicating more patient sexual dysfunction.","Baseline, Weeks 8",,MEAN,Standard Deviation,units on a scale,Other/unclear,True,3,3,3,True,0
NCT02046564,0,The Mean Change From Baseline in the Montgomery-Åsberg Depression Rating Scale (MADRS) Total Score,"The MADRS is a clinician-rated scale which evaluates the level of depression. The MADRS consists of 10 items assessing apparent sadness, reported sadness, inner tension, reduced sleep, reduced appetite, concentration difficulties, lassitude, inability to feel, pessimistic thoughts, suicidal thought. Each item is scored from 0 to 6, with higher scores indicating worse condition.Summed subscales are combined to compute a total score. Total score ranges from 0 to 60, with higher score indicating worse condition.","8 weeks after the start of the sertraline treatment period (Baseline), 6 weeks after the start of the double-blind period (Last Observation Carried Forward [LOCF])",,MEAN,Standard Error,units on a scale,MADRS,True,2,2,2,True,0
NCT02085135,0,Number of Subjects With Adverse Events (AEs),,8 weeks,Number of subjects who received at least 1 dose of study drug.,COUNT_OF_PARTICIPANTS,,Participants,Other/unclear,False,2,2,2,True,0
NCT02116361,0,Baseline Values for the Clinic 10-Item Montgomery-Asberg Depression Rating Scale (MADRS) Total Score,The MADRS is a 10-item scale completed by clinic personnel that assesses the subject's symptoms of depression. Each question is answered on a 7-point scale ranging from no symptoms to worst possible symptoms. The total score is summed for all responses and ranges from 0 to 60. A negative change from baseline indicates an improvement in symptoms and a positive change from baseline indicates a worsening.,Baseline,Modified Intent to Treat: Enrolled subjects who received treatment with data at the noted time point,MEAN,Standard Deviation,Scores on a Scale,MADRS,False,4,4,4,True,0
NCT02116361,1,Change From Baseline Values in the Clinic 10-Item Montgomery-Asberg Depression Rating Scale (MADRS) Total Score,The MADRS is a 10-item scale completed by clinic personnel that assesses the subject's symptoms of depression. Each question is answered on a 7-point scale ranging from no symptoms to worst possible symptoms. The total score is summed for all responses and ranges from 0 to 60. A negative change from baseline indicates an improvement in symptoms and a positive change from baseline indicates a worsening.,Week 6,Modified Intent to Treat: Enrolled subjects who received treatment with data at the noted time point,LEAST_SQUARES_MEAN,Standard Error,Scores on a Scale,MADRS,True,4,4,4,True,0
NCT02133001,0,Change From Baseline to Day 1: 4-Hour Post-dose in Montgomery Asberg Depression Rating Scale (MADRS) Total Score (Double-blind Phase),"The MADRS consists of 10 items that cover all of the core depressive symptoms (apparent sadness, reported sadness, inner tension, sleep, appetite, concentration, lassitude, interest level, pessimistic thoughts, and suicidal thoughts). Each item is scored from 0 (item is not present or is normal) to 6 (severe or continuous presence of the symptom). A total score (0 to 60) is calculated by adding the scores of all 10 items. For each item as well as the total score, a higher score represents a more severe condition. The last observation carried forward (LOCF) approach was used for missing visit data in the ITT LOCF efficacy analyses.",Baseline (Day 1-Predose) to Day 1: 4-hours post-dose,Intent-To-Treat Analysis (ITT) analysis set defined as all randomized participants who received at least 1 dose of study medication during the double-blind phase and had both the baseline and the Day 1-4 hour post dose evaluation for the MADRS total score.,MEAN,Standard Deviation,Units on a scale,MADRS,True,2,2,2,False,0
NCT02158533,0,Change From Baseline to Week 5 in the Montgomery Asberg Depression Rating Scale (MADRS) Total Score,"The MADRS-10 scale is a clinician-administered questionnaire comprised of 10 items used to measure the severity of MDD symptoms. Scores range from 0 (no apparent symptoms) to 60 (most severe symptoms). Individual questionnaire items include: Apparent Sadness, Reported Sadness, Inner Tension, Reduced Sleep, Reduced Appetite, Concentration Difficulties, Lassitude, Inability to Feel, Pessimistic Thoughts, and Suicidal Thoughts.",Baseline and 5 weeks for each stage,Stage 1 and Stage 2 Full Analysis Sets (FAS) consisted of subjects who were randomized and took at least 1 dose of study drug and had at least 1 postbaseline MADRS-10 assessment in the respective stage.,LEAST_SQUARES_MEAN,Standard Error,units on a scale,MADRS,True,6,6,6,False,2
NCT02158546,0,Change From Baseline to End of Treatment (Week 6) in the Montgomery Asberg Depression Rating Scale (MADRS) Total Score,"The MADRS-10 scale is a clinician-administered questionnaire comprised of 10 items used to measure the severity of MDD symptoms. Scores range from 0 (no apparent symptoms) to 60 (most severe symptoms). Individual questionnaire items include: Apparent Sadness, Reported Sadness, Inner Tension, Reduced Sleep, Reduced Appetite, Concentration Difficulties, Lassitude, Inability to Feel, Pessimistic Thoughts, and Suicidal Thoughts.",Baseline and week 6,The Full Analysis Set (FAS) consists of subjects in the Group 1 Safety Population who have at least 1 post-randomization assessment of MADRS total score.,LEAST_SQUARES_MEAN,Standard Error,units on a scale,MADRS,True,2,2,2,False,1
NCT02176291,0,Montgomery-Asberg Depression Rating Scale (MADRS),"Measure of depression severity, range of 0-60

We calculated the mean change in depression severity for both groups using baseline MADRS and week 8 MADRS scores.

Greater mean change represents better outcome.",baseline and 8 weeks,,MEAN,Standard Deviation,units on a scale,MADRS,False,2,4,4,True,0
NCT02181231,0,Montgomery-Asberg Depression Rating Scale (MADRS),"Measure of depression severity, range of 0-60, with higher scores indicating more severe depression. We calculated the mean change in depression for both groups using baseline MADRS and week 8 MADRS scores.",Baseline and 8 weeks,,MEAN,Standard Deviation,units on a scale,MADRS,False,2,4,4,True,0
NCT02181231,1,"Frequency, Intensity, and Burden of Side Effects Rating (FIBSER)","Three item side effect scale used to assess frequency and intensity of side effects (range 0-6 for each item). We calculated the total score of all three items (range 0-18) with lower numbers indicating less frequency.

We calculated the mean score at baseline and week 8 (final timepoint).",Week 1 and week 8,,MEAN,Standard Deviation,score on a scale,Other/unclear,False,2,4,4,True,0
NCT02181231,2,Antidepressant Side Effect Checklist (ASEC),"Measure of side effects, consisting of 21 items, ranging from 0-3 (0 indicates no side effect, 3 indicates severe side effect). We calculated the total final score for the 21 items (total range is 0-63). A higher total number represents a greater severity in reported side effects. We calculated the mean change in side effects for both groups using baseline and 8 week data.",Baseline and 8 weeks,,MEAN,Standard Deviation,units on a scale,Other/unclear,False,2,4,4,True,0
NCT02185131,0,Drinks Per Drinking Day,"Level of drinking, as indicated by the number of drinks per day as recorded on the Timeline Follow-Back calendar.",12 Weeks,,MEAN,Standard Deviation,Drinks per drinking day,Other/unclear,False,2,2,2,True,0
NCT02185131,1,Level of Depressive Symptoms,"Level of depressive symptoms, as indicated by the score on the Beck Depression Inventory. The Beck Depression Inventory II scoring range is as follows: 0-13 minimal depressive symptoms, 14-19 mild depressive symptoms, 20-28 moderate depressive symptoms and 29-63 severe depressive symptoms.",12 Weeks,,MEAN,Standard Deviation,Units on a scale,Other/unclear,False,2,2,2,True,0
NCT02191397,0,Mean Change in Hamilton Depression Rating Scale - 17 (HAMD-17) Total Score From Baseline to End of Acute Treatment Phase (Week 8),"HAMD-17 is used to assess the severity of depression and symptom improvement. It consisted of 17 questions. The HAMD-17 total score is calculated by summing the individual response scores if there is no missing response. HAMD-17 has a total score in a range of 0 (not present) to 52 (severe). Change from Baseline was calculated by subtracting the Baseline total score (at Day 0, Week 0) from Week 8 observed total score. The Per Protocol (PP) Population is defined as all randomized participants in the Intent-To-Treat (ITT) Population who do not meet criteria of a major protocol deviation, with overall compliance of active drug for acute treatment phase in the range of 75%-125% and complete the first 6 weeks treatment and has HAMD-17 assessment at/after week 6 (that is \>=35 days). All participants in the PP population were included in the mixed model repeated measures analysis. Only those participants with data available at the specified time point were analyzed.",Baseline (Week 0) and Week 8,PP Population,LEAST_SQUARES_MEAN,Standard Error,Scores on a scale,HAM-D/HDRS,True,2,2,2,True,1
NCT02196506,0,Change in the Montgomery-Asberg Depression,"To assess the change in the Montgomery-Asberg Depression Rating Scale (MADRS) Total Score from Baseline (End of Phase A \[Week 8\]) to Week 14. The MADRS was utilized as the primary efficacy assessment of the participant's level of depression and was administered utilizing the Structured Interview Guide for the MADRS (SIGMA). The MADRS consisted of 10 items each with 7 defined grades of severity. The rater decided whether the rating lied on predefined scale steps (0, 2, 4, 6) or between them (1, 3, 5). The 10 items were apparent sadness, reported sadness, inner tension, reduced sleep, reduced appetite, concentration difficulties, lassitude, inability to feel, pessimistic thoughts, suicidal thoughts. Each item was scored using a scale of 0 to 6 (a higher score indicates increased severity). The maximum total score was 60; 0, no symptom; 60, severely affected.",From baseline (end of Phase A [Week 8]) to week 14,The primary analysis was performed on Efficacy Sample which included all randomized participants who took at least one dose of trial medication in Phase B and who have both an end of Phase A (Week 8) and at least one post-randomization MADRS Total Score during Phase B.,LEAST_SQUARES_MEAN,Standard Error,Units on a scale,MADRS,True,2,2,2,False,1
NCT02218008,0,"Change in Montgomery Asberg Depression Rating Scale (MADRS)-6 Score Using Average of Changes From Baseline to Week 3 Through the End of Treatment Period (Week 5 for Stage 1, Week 6 for Stage 2)","The MADRS-6 scale is a clinician-administered questionnaire used to measure the severity of MDD symptoms. The MADRS-6 scale is a subset of the MADRS-10 scale, comprised of the following individual questionnaire items: Apparent Sadness, Reported Sadness, Inner Tension, Lassitude, Inability to Feel, and Pessimistic Thoughts. Scores range from 0 (no apparent symptoms) to 36 (most severe symptoms).","Baseline and 5 weeks (Stage 1) and baseline and 6 weeks (Stage 2), combined together for the overall estimate of treatment effect",Stage 1 and Stage 2 Full Analysis Sets (FAS) consisted of subjects who were randomized and took at least 1 dose of study drug and had at least 1 postbaseline MADRS assessment in the respective stage.,LEAST_SQUARES_MEAN,Standard Error,Units on a scale,MADRS,True,6,6,6,False,1
NCT02218008,1,"Change in MADRS-10 Score Using Average of Changes From Baseline to Week 3 Through the End of Treatment Period (Week 5 for Stage 1, Week 6 for Stage 2)","The MADRS-10 scale is a clinician-administered questionnaire comprised of 10 items used to measure the severity of MDD symptoms. Scores range from 0 (no apparent symptoms) to 60 (most severe symptoms). Individual questionnaire items include: Apparent Sadness, Reported Sadness, Inner Tension, Reduced Sleep, Reduced Appetite, Concentration Difficulties, Lassitude, Inability to Feel, Pessimistic Thoughts, and Suicidal Thoughts.",5-6 Weeks (5 weeks for Stage 1 and 6 weeks for Stage 2),Stage 1 and Stage 2 Full Analysis Sets (FAS) consisted of subjects who were randomized and took at least 1 dose of study drug and had at least 1 postbaseline MADRS-10 assessment in the respective stage.,LEAST_SQUARES_MEAN,Standard Error,Units on a scale,MADRS,True,6,6,6,False,1
NCT02218008,2,Change From Baseline to End of Treatment in the MADRS-10,"The MADRS-10 scale is a clinician-administered questionnaire comprised of 10 items used to measure the severity of MDD symptoms. Scores range from 0 (no apparent symptoms) to 60 (most severe symptoms). Individual questionnaire items include: Apparent Sadness, Reported Sadness, Inner Tension, Reduced Sleep, Reduced Appetite, Concentration Difficulties, Lassitude, Inability to Feel, Pessimistic Thoughts, and Suicidal Thoughts.",5-6 Weeks (5 weeks for Stage 1 and 6 weeks for Stage 2),Stage 1 and Stage 2 Full Analysis Sets (FAS) consisted of subjects who were randomized and took at least 1 dose of study drug and had at least 1 postbaseline MADRS-10 assessment in the respective stage.,LEAST_SQUARES_MEAN,Standard Error,Units on a scale,MADRS,True,6,6,6,False,1
NCT02372799,0,Change in Children's Depression Rating Scale-Revised (CDRS-R) Total Score,"The Children's Depression Rating Scale-Revised (CDRS-R) total score ranges from 17 (minimal or no symptoms of depression) to 133 (indicative of depression) is a semi-structured, clinician-rated instrument designed for use with children and adolescents between the ages of 6 to 17 years of age and their caregivers. The CDRS-R evaluates the presence and severity of symptoms commonly associated with depression in childhood.",From Baseline to Week 8,The Intent-to-Treat (ITT) Population will consist of all patients in the Safety Population who had baseline and at least 1 postbaseline assessment of the Children's Depression Rating Scale-Revised (CDRS-R) total score.,LEAST_SQUARES_MEAN,Standard Error,units on a scale,Other/unclear,True,3,3,3,False,2
NCT02376257,0,Recall of Cognitive Therapy Content,A modified Cognitive Therapy Awareness Scale (CTAS) was used to assess delayed memory for cognitive therapy content from the computerized CBT. Higher scores indicate better memory for CBT skills. Scores range from 0 to 40.,Week 2 and Week 3,Data was missing for two participants.,MEAN,Standard Deviation,Number of correct units of information,Other/unclear,False,3,6,6,True,0
NCT02376257,1,1 Week Delayed Recall of Emotional Story Items,"1 Week Delayed Recall of a Threat-Related Story. Scores can range from 0 to 74, with higher scores reflect greater memory for story items.",Week 2 and Week 3,,MEAN,Standard Deviation,units on a scale,Other/unclear,False,3,6,6,True,0
NCT02376257,2,1 Week Delayed Recall Logical Memory,Higher scores reflect greater recall of Wechsler Memory Scale (WMS) Story B content assessed one week after last rehearsal. Possible scores range from 0 to 25.,Week 2 and Week 3,,MEAN,Standard Deviation,units on a scale,Other/unclear,False,3,6,6,True,0
NCT02389816,0,Change From Baseline in Montgomery-Åsberg Depression Rating Scale (MADRS) Total Score to Week 8,"MADRS is a 10-item clinician rated scale to measure overall severity of depressive symptoms (such as apparent sadness, reported sadness, inner tension). MADRS corresponds to core symptoms of depression, and rated on a 7-point Likert scale from 0 (symptoms absent) to 6 (severe depression) with a total possible score range from 0 to 60. Higher scores indicate greater severity of symptoms. A negative change from Baseline indicates improvement.","Baseline (At the start of double-blind treatment period), up to 8 weeks",Full Analysis Set (FAS): All participants who were randomized and received at least 1 dose of the study drug in the double-blind treatment period.,LEAST_SQUARES_MEAN,Standard Error,Scores on a scale,MADRS,True,3,3,3,True,2
NCT02395978,0,Change of Montgomery-Asberg Depression Rating Scale (MADRS) Total Score From Baseline to Week 6 Compared to Placebo for Part II.,"The MADRS is a 10-item checklist of depressive symptoms. Each Item is rated on a scale of 0-6, with anchors at 2-point intervals; higher scores indicating more severity (i.e., ranging from 0 \[no sadness\] to 6 extremely despondent\]). The total MADRS score was calculated by summing the ratings of all items. The total MADRS score for this measure ranges from 0 (absence of symptoms) to 60 (maximum severity).",From Baseline to Week 6,The Intention-To-Treat (ITT) population consisted of 60 randomized subjects. The Per-Protocol (PP) population consisted of 44 randomized subjects. This Outcome Measure was conducted for Part II only.,MEAN,Standard Deviation,score on a scale,MADRS,True,3,6,6,False,1
NCT02431806,0,Change From Baseline in Children's Depression Rating Scale-Revised (CDRS-R) Total Score,CDRS-R is a 17-item scale measuring presence and severity of symptoms commonly associated with childhood depression and is scored on a 1-to-5- or 1-to-7-point scale. Rating of 1 indicates normal function. The CDRS-R total score ranges from 17 to 113; higher score indicates more severe depression. A negative change from Baseline indicates improvement. Mixed Model for Repeated Measures (MMRM) was used for analysis.,Baseline (Week 0) to Week 8,ITT Population included all participants in the Safety Population who had the baseline and at least 1 postbaseline assessment of the CDRS-R total score. Overall number of participants analyzed is the number of participants with data available for analyses.,LEAST_SQUARES_MEAN,Standard Error,score on a scale,Other/unclear,True,4,4,4,False,3
NCT02458690,0,Brachial Artery Flow-Mediated Dilation (FMD) at 12 Months,"Brachial FMD was measured per consensus guidelines using a GE LOGIQe high-resolution ultrasound with a 15-MHz vascular transducer. After a 10-minute supine rest period, a BP cuff was placed on the forearm and inflated to 250 mmHg for five minutes. Brachial diameter was measured at pre-inflation and 60- and 90-seconds post-deflation using AccessPoint 2011 software (version 8.2). FMD was computed the maximum % increase in brachial diameter at 60- or 90-seconds post-deflation.",12 months,"195 of 216 randomized participants had post-treatment brachial FMD data. Because multiple imputation was employed, all 216 randomized participants were included in this analysis.",MEAN,Standard Deviation,% increase in brachial diameter,Other/unclear,False,2,2,2,True,1
NCT02461927,0,Number of Participants With 50% or Greater Improvement in MADRS Scores From Baseline,"Our primary analysis (severity of depression) was to compare the proportions of subjects with clinical response in symptoms of major depressive disorder (response defined as a 50% or greater improvement from baseline in Montgomery-Asberg Depression Rating Scale (MADRS) scores) at the end-of-treatment time point (Day 21, after 4th infusion, T+240 minutes).","Day 21 (after 4th infusion, 240 minutes)","Subjects who completed the outcome measure on Day 21 (after 4th infusion, 240 minutes)",COUNT_OF_PARTICIPANTS,,Participants,MADRS,False,3,3,3,True,0
NCT02461927,1,Rate of Complete Abstinence From Alcohol,Alcohol consumption was measured using the Time Line Follow Back (TLFB) method. The rates of complete abstinence from alcohol across visits 3 (day 0) through visit 7 (day 28) were compared among the three study groups.,Day 28,The total number of participants analyzed is inconsistent with the total number of participants reported in the same arm in the Participant Flow---because there is a lot of missing data in the TLFB.,COUNT_OF_PARTICIPANTS,,Participants,Other/unclear,False,3,3,3,True,0
NCT02473289,0,Change From Baseline in Hamilton Depression Rating Scale (HDRS-17) Total Score at Week 12,"The HDRS-17 is a clinician-administered rating scale designed to assess the severity of symptoms in participants diagnosed with depression with a score range of 0 to 52. Each of the 17 items is rated by the clinician on either a 3-point (0 to 2) or a 5-point scale (0 to 4). The point scale used a rating of 0 (absent), 1 (doubtful to mild), 2 (mild to moderate), 3 (moderate to severe), and 4 (very severe). A total score (0 to 52) was calculated by adding the scores of all 17 items. For each item as well as the total score, a higher score represents a more severe condition. Here 'N' (number of participants analyzed) signifies number of participants who were evaluable for this outcome measure.",Baseline and Week 12,Modified Intent-to-treat 1 (mITT1) analysis set: all randomized participants with high sensitivity c-reactive protein (hsCRP) \>= 3.00 milligram per liter (mg/L) at screening and baseline who receive at least 1 dose of study drug and have both baseline and at least one postbaseline HDRS-17 total score in double-blind (DB) treatment period.,LEAST_SQUARES_MEAN,Standard Error,Units on a scale,HAM-D/HDRS,True,2,2,2,True,1
NCT02553915,0,Percent Change in Plasma Concentration of Inflammatory Biomarkers IL-6 (pg/mL) and PBMC TNF-α (pg/mL),"To evaluate whether a dose-response relationship exists between dose of EPA and decrease either in plasma interleukin-6 (IL-6) levels (pg/mL) or in mitogen-stimulated peripheral blood mononuclear cell (PBMC) Tumor Necrosis Factor-α (TNF-α) expression and secretion (pg/mL), when compared with placebo. Levels of inflammatory biomarkers were assessed at baseline (week 0) and at week 12 for comparison. Percent changes were calculated as relative to baseline values. Greater percent decrease indicates better outcome.",12 weeks,Study completers with available biomarker data,MEAN,Standard Deviation,percentage of change in plasma levels,Other/unclear,True,4,8,8,True,1
NCT02553915,1,Mean Change in Depression Severity Score (IDS-C30) After 12 Weeks of Treatment,"To evaluate whether EPA treatment produces a decrease in ratings of depression severity after 12 weeks of treatment, when compared with placebo-treated subjects. Comparison is made between pre-treatment and post-12 weeks treatment. Inventory of Depressive Symptomatology-30 item-Clinician Rated (IDS-C30) is a depression severity scale, where lower scores indicate less depressive severity and higher scores indicate greater severity. Minimum score is 0 (zero) and maximum score is 84.",12 weeks,Study completers with available IDS-C30 data,MEAN,Standard Deviation,score on a scale,Other/unclear,True,4,8,8,True,1
NCT02553915,2,Percent Change in IDS-C Score After 12 Weeks of Treatment,"To evaluate whether EPA treatment produces a decrease in ratings of depression severity, when compared with placebo-treated subjects; and whether the changes in IL-6 or mitogen- stimulated PBMC TNF-α expression will mediate changes observed in ratings of depression.

Inventory of Depressive Symptomatology-30 item-Clinician Rated (IDS-C30) is a depression severity scale, where lower scores indicate less depressive severity and higher scores indicate greater severity. Minimum score is 0 (zero) and maximum score is 84. Change in score over 12 weeks (from week 0 to week12) is calculated as a percent change from baseline. Greater percent change in the negative direction indicates better outcome.",12 weeks,Study completers with available data,MEAN,Standard Deviation,percentage change in score,Other/unclear,True,4,4,4,True,1
NCT02646449,0,Drinks Per Drinking Day,"Level of drinking, as indicated by the number of drinks per day as recorded on the Timeline Follow-Back calendar.",12 Weeks,,MEAN,Standard Deviation,Drinks per drinking day,Other/unclear,False,2,2,2,True,0
NCT02646449,1,Level of Depressive Symptoms,"Level of depressive symptoms, as indicated by the score on the Beck Depression Inventory. The Beck Depression Inventory II scoring range is as follows: 0-13 minimal depressive symptoms, 14-19 mild depressive symptoms, 20-28 moderate depressive symptoms and 29-63 severe depressive symptoms.",12 Weeks,,MEAN,Standard Deviation,units on a scale,Other/unclear,False,2,2,2,True,0
NCT02674529,0,Change in Montgomery-Åsberg Depression Rating Scale (MADRS) Scores,"The Montgomery-Åsberg Depression Rating Scale (MADRS) is a ten-item diagnostic questionnaire which psychiatrists use to measure the severity of depressive episodes in patients with mood disorders. It was designed in 1979 by British and Swedish researchers as an adjunct to the Hamilton Rating Scale for Depression (HAMD) which would be more sensitive to the changes brought on by antidepressants and other forms of treatment than the Hamilton Scale was.\[2\] There is, however, a high degree of statistical correlation between scores on the two measures.",baseline and week 8,"Scores can range from 0-60, with higher scores meaning greater the depression severity. The greater the change in MADRS scores from baseline, the better the outcome. 46 participants were analyzed, with 8 participants lost to follow up.",MEAN,Standard Deviation,score on a scale,MADRS,True,2,2,2,False,2
NCT02709655,0,Change From Baseline in Children Depression Rating Scale - Revised (CDRS-R) Total Score at Week 8 of Phase B,"The CDRS-R is a clinician-rated scale to measure the severity of depression in children and adolescents. The CDRS-R was rated by a clinician following interviews with the child and parent and consisted of 17 items out of which 3 items rated nonverbal observations (listless speech, hypoactivity, and depressed affect). Fourteen items were rated on a 7-point scale from 1 to 7, and 3 items (sleep disturbance, appetite disturbance, and listless speech) were scored on a 5-point scale from 1 to 5. A rating of 1 indicated normal functioning and a higher number indicated a greater degree of depression. The total score ranged from 17 (normal) to 113 (severe depression). Least square (LS) mean was estimated using a restricted maximum likelihood (REML)-based Mixed Model Repeated Measurements (MMRM) approach.","Baseline (Week 4 of Phase A), Week 8 of Phase B","Full analysis set (FAS) included all participants randomized to the double-blind, 8-week treatment period (Phase B) who took at least 1 dose of double-blind study drug and who had a valid baseline (Week 4 of Phase A) assessment and at least 1 valid post-baseline assessment of the CDRS-R total score. Overall number of participants analyzed = participants evaluated for this outcome measure.",LEAST_SQUARES_MEAN,Standard Error,units on a scale,Other/unclear,True,5,5,5,False,4
NCT02709746,0,Change in Children Depression Rating Scale - Revised (CDRS-R) Total Score After Treatment,"The CDRS-R is a clinician-rated scale to measure the severity of depression of children and adolescents. The CDRS-R consists of 17 items: 14 items rate verbal observations, and three items rate nonverbal observations (tempo of language, hypoactivity, and nonverbal expression of depressed affect). Depression symptoms are rated on a 5-point scale from 1 to 5 for the verbal observations, and a 7-point scale from 1 to 7 for the nonverbal observations. The total score ranges from 17 (normal) to 113 (severe depression).",From Randomization to Week 8,Double-blind treatment period,LEAST_SQUARES_MEAN,Standard Error,units on a scale,Other/unclear,True,5,5,5,False,4
NCT02720198,0,Changes of Montgomery-Åsberg Depression Rating Scale (MADRS) Total Score,A ten-item diagnostic questionnaire used to measure the severity of depressive episodes in patients with mood disorders. Total scores will range from 0 to 60. Higher scores indicate greater severity of depressive episodes.,Baseline to Week 8,Data not available on some participants.,MEAN,Standard Deviation,score on a scale,MADRS,True,2,2,2,True,1
NCT02914769,0,Hamilton Depression Rating Scale (HAM-D) Effect Seven Days After Dosing (D7),"changes in depression severity, assessed by the Hamilton Depression Rating Scale (HAM-D) scale, from baseline to 7 days after dosing.

Minimum and maximum scores are 0 and 50, respectively. Although the HAM-D form lists 21 items, the scoring is based on the first 17. Eight items are scored on a 5-point scale, ranging from 0 = not present to 4 = severe. Nine items are scored from 0-2.

Lower HAM-D score indicates less severe depression (better outcome). Usual cutoff points are a total score ranging from: 0 to 7 indicates that the patient is in the normal range (no depression); 8 to 16 indicates ""mild depression""; 17 to 23 indicates ""moderate depression""; a score of 24 and greater indicates ""severe depression"".",seven days after dosing,"A fixed-effects linear mixed model, with baseline scores as covariate, examined changes in HAM-D at D7. Herein we report mean HAM-D scores at D7.",MEAN,Standard Deviation,score on a scale,HAM-D/HDRS,False,2,2,2,True,0
NCT02932943,0,Change From Baseline in Montgomery-Asberg Depression Rating Scale (MADRS) Total Score at the End of Trial,"The MADRS is a clinician-rated scale to assess depressive symptomatology during the preceding week. Participants are rated on 10 items (feelings of sadness, lassitude, pessimism, inner tension, suicidality, reduced sleep or appetite, difficulty concentrating, and lack of interest) each on a 7-point scale from 0 (no symptoms) to 6 (symptoms of maximum severity). The total score ranges from 0 to 60 with a higher score indicating more depression. A negative change score indicates improvement.",Baseline and 3 Weeks,"The modified Intent-to-Treat (mITT) Population will consist of all patients who were randomized, received at least 1 dose of IP during the randomized treatment period, and had at least 1 post-randomization assessment of the MADRS total score.",LEAST_SQUARES_MEAN,Standard Error,Score on a Scale,MADRS,True,2,2,2,True,1
NCT02943564,0,Change From Baseline in Montgomery-Asberg Depression Rating Scale (MADRS) Total Score at the End of Study,"The MADRS is a clinician-rated scale to assess depressive symptomatology during the preceding week. Participants are rated on 10 items (feelings of sadness, lassitude, pessimism, inner tension, suicidality, reduced sleep or appetite, difficulty concentrating, and lack of interest) each on a 7-point scale from 0 (no symptoms) to 6 (symptoms of maximum severity). The total score ranges from 0 to 60 with a higher score indicating more depression. A negative change score indicates improvement.",Baseline and 3 Weeks,"The modified Intent-to-Treat (mITT) Population will consist of all patients who were randomized, received at least 1 dose of IP during the randomized treatment period, and had at least 1 post-randomization assessment of the MADRS total score",LEAST_SQUARES_MEAN,Standard Error,Score on a Scale,MADRS,True,3,3,3,True,2
NCT02943577,0,Change From Baseline in Montgomery-Asberg Depression Rating Scale (MADRS) Total Score at the End of Study,"The MADRS is a clinician-rated scale to assess depressive symptomatology during the preceding week. Participants are rated on 10 items (feelings of sadness, lassitude, pessimism, inner tension, suicidality, reduced sleep or appetite, difficulty concentrating, and lack of interest) each on a 7-point scale from 0 (no symptoms) to 6 (symptoms of maximum severity). The total score ranges from 0 to 60 with a higher score indicating more depression. A negative change score indicates improvement.",Baseline and 3 Weeks,"The modified Intent-to-Treat (mITT) Population will consist of all patients who were randomized, received at least 1 dose of IP during the randomized treatment period, and had at least 1 post-randomization assessment of the MADRS total score",LEAST_SQUARES_MEAN,Standard Error,Score on a Scale,MADRS,True,2,2,2,True,1
NCT02951988,0,Time to First Relapse During the First 52 Weeks of the Double-Blind Treatment Period,The time in days to first relapse is defined as the number of days from the date of randomization to the first relapse.,52 Weeks,The Double-blind modified Intent-to-Treat Population consists of all patients in the Open-label Safety Population who were randomized to a treatment group during the DBTP of the study and received at least 1 dose of IP during the DBTP.,MEDIAN,95% Confidence Interval,Days,Other/unclear,False,3,3,3,False,2
NCT02951988,2,Number of Participants Experiencing Suicidal Ideation or Suicidal Behavior Based on Columbia-Suicide Severity Rating Scale (C-SSRS) Using 5-Point Scales,"On the C-SSRS, the 5 types of suicidal ideation are:

Type 1: ""Wish to be dead"" Type 2: Non-specific active suicidal thoughts Type 3: ""Active suicidal ideation with any methods (not plan) without intent to act"" Type 4: ""Active suicidal ideation with some intent to act, without specific plan"" Type 5: ""Active suicidal ideation with specific plan and intent""",104 Weeks,The Double-blind modified Intent-to-Treat Population consists of all patients in the Open-label Safety Population who were randomized to a treatment group during the DBTP of the study and received at least 1 dose of IP during the DBTP. 1 subject in the Biweekly Rapastinel group did not have any responses regarding the C-SSRS during the DBTP.,COUNT_OF_PARTICIPANTS,,Participants,Other/unclear,False,3,6,6,False,0
NCT03000530,0,Percentage of Participants With Treatment-emergent Adverse Events (TEAEs) - Part A,"An AE was defined as any untoward medical occurrence associated with the use of a drug in humans, whether or not considered drug-related. A TEAE was defined as an adverse event with onset after the start of study drug, or any worsening of a pre-existing medical condition/adverse event with onset after the start of study drug and until 7 days after the last dose. The analysis was performed in participants included in Part A of the study.",Day 1 up to Day 21,The safety set included all participants who received at least one dose of the study drug.,NUMBER,,percentage of participants,Other/unclear,False,1,1,1,False,0
NCT03000530,1,"Percentage of Participants With TEAEs, Graded by Severity - Part A","Severity was assessed according to the following scale: mild (awareness of sign or symptom, but easily tolerated); moderate (discomfort sufficient to cause interference with normal activities); severe (incapacitating, with inability to perform normal activities). The analysis was performed in participants included in Part A of the study.",Day 1 up to Day 21,The safety set included all participants who received at least one dose of the study drug.,NUMBER,,percentage of participants,Other/unclear,False,1,3,3,False,0
NCT03000530,2,Change From Baseline in Basophils - Part A,"Hematology measures included basophils, basophils to leukocytes ratio, eosinophils, eosinophils to leukocytes ratio, hematocrit, hemoglobin, lymphocytes, lymphocytes to leukocytes ratio, monocytes, monocytes to leukocytes ratio, neutrophils, neutrophils to leukocytes ratio, platelets, erythrocytes, reticulocytes and leukocytes. The analysis was performed in participants included in Part A of the study. ET = Early Termination.","Baseline, Day 8, Day 15/ET, follow-up Day 21, follow-up Day 28",The safety set included all participants who received at least one dose of the study drug.,MEAN,Standard Deviation,10^9 cells per liter (10^9 cells/L),Other/unclear,True,1,5,5,False,0
NCT03000530,3,Change From Baseline in Basophils to Leukocytes Ratio [Percentage (%)] - Part A,"Hematology measures included basophils, basophils to leukocytes ratio, eosinophils, eosinophils to leukocytes ratio, hematocrit, hemoglobin, lymphocytes, lymphocytes to leukocytes ratio, monocytes, monocytes to leukocytes ratio, neutrophils, neutrophils to leukocytes ratio, platelets, erythrocytes, reticulocytes and leukocytes. The analysis was performed in participants included in Part A of the study. ET = Early Termination. The blood cell differential (ratio) data are presented as International System (SI) unit, percentage (%).","Baseline, Day 8, Day 15/ET, follow-up Day 21, follow-up Day 28",The safety set included all participants who received at least one dose of the study drug.,MEAN,Standard Deviation,percentage,Other/unclear,True,1,5,5,False,0
NCT03000530,4,Change From Baseline in Eosinophils - Part A,"Hematology measures included basophils, basophils to leukocytes ratio, eosinophils, eosinophils to leukocytes ratio, hematocrit, hemoglobin, lymphocytes, lymphocytes to leukocytes ratio, monocytes, monocytes to leukocytes ratio, neutrophils, neutrophils to leukocytes ratio, platelets, erythrocytes, reticulocytes and leukocytes. The analysis was performed in participants included in Part A of the study. ET = Early Termination.","Baseline, Day 8, Day 15/ET, follow-up Day 21, follow-up Day 28",The safety set included all participants who received at least one dose of the study drug.,MEAN,Standard Deviation,10^9 cells/L,Other/unclear,True,1,5,5,False,0
NCT03000530,5,Change From Baseline in Eosinophils to Leukocytes Ratio (%) - Part A,"Hematology measures included basophils, basophils to leukocytes ratio, eosinophils, eosinophils to leukocytes ratio, hematocrit, hemoglobin, lymphocytes, lymphocytes to leukocytes ratio, monocytes, monocytes to leukocytes ratio, neutrophils, neutrophils to leukocytes ratio, platelets, erythrocytes, reticulocytes and leukocytes. The analysis was performed in participants included in Part A of the study. ET = Early Termination. The blood cell differential (ratio) data are presented as SI unit, percentage (%).","Baseline, Day 8, Day 15/ET, follow-up Day 21, follow-up Day 28",The safety set included all participants who received at least one dose of the study drug.,MEAN,Standard Deviation,percentage,Other/unclear,True,1,5,5,False,0
NCT03000530,6,Change From Baseline in Hematocrit - Part A,"Hematology measures included basophils, basophils to leukocytes ratio, eosinophils, eosinophils to leukocytes ratio, hematocrit, hemoglobin, lymphocytes, lymphocytes to leukocytes ratio, monocytes, monocytes to leukocytes ratio, neutrophils, neutrophils to leukocytes ratio, platelets, erythrocytes, reticulocytes and leukocytes. The analysis was performed in participants included in Part A of the study. ET = Early Termination.","Baseline, Day 8, Day 15/ET, follow-up Day 21, follow-up Day 28",The safety set included all participants who received at least one dose of the study drug.,MEAN,Standard Deviation,fraction of one,Other/unclear,True,1,5,5,False,0
NCT03000530,7,Change From Baseline in Hemoglobin - Part A,"Hematology measures included basophils, basophils to leukocytes ratio, eosinophils, eosinophils to leukocytes ratio, hematocrit, hemoglobin, lymphocytes, lymphocytes to leukocytes ratio, monocytes, monocytes to leukocytes ratio, neutrophils, neutrophils to leukocytes ratio, platelets, erythrocytes, reticulocytes and leukocytes. The analysis was performed in participants included in Part A of the study. ET = Early Termination.","Baseline, Day 8, Day 15/ET, follow-up Day 21, follow-up Day 28",The safety set included all participants who received at least one dose of the study drug.,MEAN,Standard Deviation,grams per liter (g/L),Other/unclear,True,1,5,5,False,0
NCT03000530,8,Change From Baseline in Lymphocytes - Part A,"Hematology measures included basophils, basophils to leukocytes ratio, eosinophils, eosinophils to leukocytes ratio, hematocrit, hemoglobin, lymphocytes, lymphocytes to leukocytes ratio, monocytes, monocytes to leukocytes ratio, neutrophils, neutrophils to leukocytes ratio, platelets, erythrocytes, reticulocytes and leukocytes. The analysis was performed in participants included in Part A of the study. ET = Early Termination.","Baseline, Day 8, Day 15/ET, follow-up Day 21, follow-up Day 28",The safety set included all participants who received at least one dose of the study drug.,MEAN,Standard Deviation,10^9 cells/L,Other/unclear,True,1,5,5,False,0
NCT03000530,9,Change From Baseline in Lymphocytes to Leukocytes Ratio (%) - Part A,"Hematology measures included basophils, basophils to leukocytes ratio, eosinophils, eosinophils to leukocytes ratio, hematocrit, hemoglobin, lymphocytes, lymphocytes to leukocytes ratio, monocytes, monocytes to leukocytes ratio, neutrophils, neutrophils to leukocytes ratio, platelets, erythrocytes, reticulocytes and leukocytes. The analysis was performed in participants included in Part A of the study. ET = Early Termination. The blood cell differential (ratio) data are presented as SI unit, percentage (%).","Baseline, Day 8, Day 15/ET, follow-up Day 21, follow-up Day 28",The safety set included all participants who received at least one dose of the study drug.,MEAN,Standard Deviation,percentage,Other/unclear,True,1,5,5,False,0
NCT03000530,10,Change From Baseline in Monocytes - Part A,"Hematology measures included basophils, basophils to leukocytes ratio, eosinophils, eosinophils to leukocytes ratio, hematocrit, hemoglobin, lymphocytes, lymphocytes to leukocytes ratio, monocytes, monocytes to leukocytes ratio, neutrophils, neutrophils to leukocytes ratio, platelets, erythrocytes, reticulocytes and leukocytes. The analysis was performed in participants included in Part A of the study. ET = Early Termination.","Baseline, Day 8, Day 15/ET, follow-up Day 21, follow-up Day 28",The safety set included all participants who received at least one dose of the study drug.,MEAN,Standard Deviation,10^9 cells/L,Other/unclear,True,1,5,5,False,0
NCT03000530,11,Change From Baseline in Monocytes to Leukocytes Ratio (%) - Part A,"Hematology measures included basophils, basophils to leukocytes ratio, eosinophils, eosinophils to leukocytes ratio, hematocrit, hemoglobin, lymphocytes, lymphocytes to leukocytes ratio, monocytes, monocytes to leukocytes ratio, neutrophils, neutrophils to leukocytes ratio, platelets, erythrocytes, reticulocytes and leukocytes. The analysis was performed in participants included in Part A of the study. ET = Early Termination. The blood cell differential (ratio) data are presented as SI unit, percentage (%).","Baseline, Day 8, Day 15/ET, follow-up Day 21, follow-up Day 28",The safety set included all participants who received at least one dose of the study drug.,MEAN,Standard Deviation,percentage,Other/unclear,True,1,5,5,False,0
NCT03000530,12,Change From Baseline in Neutrophils - Part A,"Hematology measures included basophils, basophils to leukocytes ratio, eosinophils, eosinophils to leukocytes ratio, hematocrit, hemoglobin, lymphocytes, lymphocytes to leukocytes ratio, monocytes, monocytes to leukocytes ratio, neutrophils, neutrophils to leukocytes ratio, platelets, erythrocytes, reticulocytes and leukocytes. The analysis was performed in participants included in Part A of the study. ET = Early Termination.","Baseline, Day 8, Day 15/ET, follow-up Day 21, follow-up Day 28",The safety set included all participants who received at least one dose of the study drug.,MEAN,Standard Deviation,10^9 cells/L,Other/unclear,True,1,5,5,False,0
NCT03000530,13,Change From Baseline in Neutrophils to Leukocytes Ratio (%) - Part A,"Hematology measures included basophils, basophils to leukocytes ratio, eosinophils, eosinophils to leukocytes ratio, hematocrit, hemoglobin, lymphocytes, lymphocytes to leukocytes ratio, monocytes, monocytes to leukocytes ratio, neutrophils, neutrophils to leukocytes ratio, platelets, erythrocytes, reticulocytes and leukocytes. The analysis was performed in participants included in Part A of the study. ET = Early Termination. The blood cell differential (ratio) data are presented as SI unit, percentage (%).","Baseline, Day 8, Day 15/ET, follow-up Day 21, follow-up Day 28",The safety set included all participants who received at least one dose of the study drug.,MEAN,Standard Deviation,percentage,Other/unclear,True,1,5,5,False,0
NCT03000530,14,Change From Baseline in Platelets - Part A,"Hematology measures included basophils, basophils to leukocytes ratio, eosinophils, eosinophils to leukocytes ratio, hematocrit, hemoglobin, lymphocytes, lymphocytes to leukocytes ratio, monocytes, monocytes to leukocytes ratio, neutrophils, neutrophils to leukocytes ratio, platelets, erythrocytes, reticulocytes and leukocytes. The analysis was performed in participants included in Part A of the study. ET = Early Termination.","Baseline, Day 8, Day 15/ET, follow-up Day 21, follow-up Day 28",The safety set included all participants who received at least one dose of the study drug.,MEAN,Standard Deviation,10^9 cells/L,Other/unclear,True,1,5,5,False,0
NCT03000530,15,Change From Baseline in Erythrocytes - Part A,"Hematology measures included basophils, basophils to leukocytes ratio, eosinophils, eosinophils to leukocytes ratio, hematocrit, hemoglobin, lymphocytes, lymphocytes to leukocytes ratio, monocytes, monocytes to leukocytes ratio, neutrophils, neutrophils to leukocytes ratio, platelets, erythrocytes, reticulocytes and leukocytes. The analysis was performed in participants included in Part A of the study. ET = Early Termination.","Baseline, Day 8, Day 15/ET, follow-up Day 21, follow-up Day 28",The safety set included all participants who received at least one dose of the study drug.,MEAN,Standard Deviation,10^12 cells per liter (10^12 cells/L),Other/unclear,True,1,5,5,False,0
NCT03000530,16,Change From Baseline in Reticulocytes - Part A,"Hematology measures included basophils, basophils to leukocytes ratio, eosinophils, eosinophils to leukocytes ratio, hematocrit, hemoglobin, lymphocytes, lymphocytes to leukocytes ratio, monocytes, monocytes to leukocytes ratio, neutrophils, neutrophils to leukocytes ratio, platelets, erythrocytes, reticulocytes and leukocytes. The analysis was performed in participants included in Part A of the study. ET = Early Termination.","Baseline, Day 8, Day 15/ET, follow-up Day 21, follow-up Day 28",The safety set included all participants who received at least one dose of the study drug.,MEAN,Standard Deviation,10^9 cells/L,Other/unclear,True,1,5,5,False,0
NCT03000530,17,Change From Baseline in Leukocytes - Part A,"Hematology measures included basophils, basophils to leukocytes ratio, eosinophils, eosinophils to leukocytes ratio, hematocrit, hemoglobin, lymphocytes, lymphocytes to leukocytes ratio, monocytes, monocytes to leukocytes ratio, neutrophils, neutrophils to leukocytes ratio, platelets, erythrocytes, reticulocytes and leukocytes. The analysis was performed in participants included in Part A of the study. ET = Early Termination.","Baseline, Day 8, Day 15/ET, follow-up Day 21, follow-up Day 28",The safety set included all participants who received at least one dose of the study drug.,MEAN,Standard Deviation,10^9 cells/L,Other/unclear,True,1,5,5,False,0
NCT03000530,18,Change From Baseline in Albumin - Part A,"Clinical chemistry measures included albumin, alkaline phosphatase, alanine aminotransferase, aspartate aminotransferase, bilirubin, chloride, carbon dioxide, creatinine, potassium, protein, sodium, and urea nitrogen. The analysis was performed in participants included in Part A of the study. ET = Early Termination.","Baseline, Day 8, Day 15/ET, follow-up Day 21, follow-up Day 28",The safety set included all participants who received at least one dose of the study drug.,MEAN,Standard Deviation,g/L,Other/unclear,True,1,5,5,False,0
NCT03000530,19,Change From Baseline in Alkaline Phosphatase - Part A,"Clinical chemistry measures included albumin, alkaline phosphatase, alanine aminotransferase, aspartate aminotransferase, bilirubin, chloride, carbon dioxide, creatinine, potassium, protein, sodium, and urea nitrogen. The analysis was performed in participants included in Part A of the study. ET = Early Termination.","Baseline, Day 8, Day 15/ET, follow-up Day 21, follow-up Day 28",The safety set included all participants who received at least one dose of the study drug.,MEAN,Standard Deviation,units per liter (U/L),Other/unclear,True,1,5,5,False,0
NCT03000530,20,Change From Baseline in Alanine Aminotransferase - Part A,"Clinical chemistry measures included albumin, alkaline phosphatase, alanine aminotransferase, aspartate aminotransferase, bilirubin, chloride, carbon dioxide, creatinine, potassium, protein, sodium, and urea nitrogen. The analysis was performed in participants included in Part A of the study. ET = Early Termination.","Baseline, Day 8, Day 15/ET, follow-up Day 21, follow-up Day 28",The safety set included all participants who received at least one dose of the study drug.,MEAN,Standard Deviation,U/L,Other/unclear,True,1,5,5,False,0
NCT03000530,21,Change From Baseline in Aspartate Aminotransferase - Part A,"Clinical chemistry measures included albumin, alkaline phosphatase, alanine aminotransferase, aspartate aminotransferase, bilirubin, chloride, carbon dioxide, creatinine, potassium, protein, sodium, and urea nitrogen. The analysis was performed in participants included in Part A of the study. ET = Early Termination.","Baseline, Day 8, Day 15/ET, follow-up Day 21, follow-up Day 28",The safety set included all participants who received at least one dose of the study drug.,MEAN,Standard Deviation,U/L,Other/unclear,True,1,5,5,False,0
NCT03000530,22,Change From Baseline in Bilirubin - Part A,"Clinical chemistry measures included albumin, alkaline phosphatase, alanine aminotransferase, aspartate aminotransferase, bilirubin, chloride, carbon dioxide, creatinine, potassium, protein, sodium, and urea nitrogen. The analysis was performed in participants included in Part A of the study. ET = Early Termination.","Baseline, Day 8, Day 15/ET, follow-up Day 21, follow-up Day 28",The safety set included all participants who received at least one dose of the study drug.,MEAN,Standard Deviation,micro-moles per liter (umol/L),Other/unclear,True,1,5,5,False,0
NCT03000530,23,Change From Baseline in Chloride - Part A,"Clinical chemistry measures included albumin, alkaline phosphatase, alanine aminotransferase, aspartate aminotransferase, bilirubin, chloride, carbon dioxide, creatinine, potassium, protein, sodium, and urea nitrogen. The analysis was performed in participants included in Part A of the study. ET = Early Termination.","Baseline, Day 8, Day 15/ET, follow-up Day 21, follow-up Day 28",The safety set included all participants who received at least one dose of the study drug.,MEAN,Standard Deviation,milli-moles per liter (mmol/L),Other/unclear,True,1,5,5,False,0
NCT03000530,24,Change From Baseline in Carbon Dioxide - Part A,"Clinical chemistry measures included albumin, alkaline phosphatase, alanine aminotransferase, aspartate aminotransferase, bilirubin, chloride, carbon dioxide, creatinine, potassium, protein, sodium, and urea nitrogen. The analysis was performed in participants included in Part A of the study. ET = Early Termination.","Baseline, Day 8, Day 15/ET, follow-up Day 21, follow-up Day 28",The safety set included all participants who received at least one dose of the study drug.,MEAN,Standard Deviation,mmol/L,Other/unclear,True,1,5,5,False,0
NCT03000530,25,Change From Baseline in Creatinine - Part A,"Clinical chemistry measures included albumin, alkaline phosphatase, alanine aminotransferase, aspartate aminotransferase, bilirubin, chloride, carbon dioxide, creatinine, potassium, protein, sodium, and urea nitrogen. The analysis was performed in participants included in Part A of the study. ET = Early Termination.","Baseline, Day 8, Day 15/ET, follow-up Day 21, follow-up Day 28",The safety set included all participants who received at least one dose of the study drug.,MEAN,Standard Deviation,umol/L,Other/unclear,True,1,5,5,False,0
NCT03000530,26,Change From Baseline in Potassium - Part A,"Clinical chemistry measures included albumin, alkaline phosphatase, alanine aminotransferase, aspartate aminotransferase, bilirubin, chloride, carbon dioxide, creatinine, potassium, protein, sodium, and urea nitrogen. The analysis was performed in participants included in Part A of the study. ET = Early Termination.","Baseline, Day 8, Day 15/ET, follow-up Day 21, follow-up Day 28",The safety set included all participants who received at least one dose of the study drug.,MEAN,Standard Deviation,mmol/L,Other/unclear,True,1,5,5,False,0
NCT03000530,27,Change From Baseline in Protein - Part A,"Clinical chemistry measures included albumin, alkaline phosphatase, alanine aminotransferase, aspartate aminotransferase, bilirubin, chloride, carbon dioxide, creatinine, potassium, protein, sodium, and urea nitrogen. The analysis was performed in participants included in Part A of the study. ET = Early Termination.","Baseline, Day 8, Day 15/ET, follow-up Day 21, follow-up Day 28",The safety set included all participants who received at least one dose of the study drug.,MEAN,Standard Deviation,g/L,Other/unclear,True,1,5,5,False,0
NCT03000530,28,Change From Baseline in Sodium - Part A,"Clinical chemistry measures included albumin, alkaline phosphatase, alanine aminotransferase, aspartate aminotransferase, bilirubin, chloride, carbon dioxide, creatinine, potassium, protein, sodium, and urea nitrogen. The analysis was performed in participants included in Part A of the study. ET = Early Termination.","Baseline, Day 8, Day 15/ET, follow-up Day 21, follow-up Day 28",The safety set included all participants who received at least one dose of the study drug.,MEAN,Standard Deviation,mmol/L,Other/unclear,True,1,5,5,False,0
NCT03000530,29,Change From Baseline in Urea Nitrogen - Part A,"Clinical chemistry measures included albumin, alkaline phosphatase, alanine aminotransferase, aspartate aminotransferase, bilirubin, chloride, carbon dioxide, creatinine, potassium, protein, sodium, and urea nitrogen. The analysis was performed in participants included in Part A of the study. ET = Early Termination.","Baseline, Day 8, Day 15/ET, follow-up Day 21, follow-up Day 28",The safety set included all participants who received at least one dose of the study drug.,MEAN,Standard Deviation,mmol/L,Other/unclear,True,1,5,5,False,0
NCT03000530,30,Change From Baseline in Activated Partial Thromboplastin Time - Part A,"Coagulation measures included activated partial thromboplastin time, prothrombin international normalized ratio, and prothrombin time. The analysis was performed in participants included in Part A of the study. ET = Early Termination.","Baseline, Day 8, Day 15/ET, follow-up Day 21, follow-up Day 28",The safety set included all participants who received at least one dose of the study drug.,MEDIAN,Full Range,seconds,Other/unclear,True,1,5,5,False,0
NCT03000530,31,Change From Baseline in Prothrombin International Normalized Ratio (%) - Part A,"Coagulation measures included activated partial thromboplastin time, prothrombin international normalized ratio, and prothrombin time. The analysis was performed in participants included in Part A of the study. ET = Early Termination. The data for prothrombin international normalized ratio are presented as SI unit, percentage (%).","Baseline, Day 8, Day 15/ET, follow-up Day 21, follow-up Day 28",The safety set included all participants who received at least one dose of the study drug.,MEAN,Standard Deviation,percentage,Other/unclear,True,1,5,5,False,0
NCT03000530,32,Change From Baseline in Prothrombin Time - Part A,"Coagulation measures included activated partial thromboplastin time, prothrombin international normalized ratio, and prothrombin time. The analysis was performed in participants included in Part A of the study. ET = Early Termination.","Baseline, Day 8, Day 15/ET, follow-up Day 21, follow-up Day 28",The safety set included all participants who received at least one dose of the study drug.,MEDIAN,Full Range,seconds,Other/unclear,True,1,5,5,False,0
NCT03000530,33,Change From Baseline in pH - Part A,Urinalysis measures included pH and specific gravity. The analysis was performed in participants included in Part A of the study. ET = Early Termination.,"Baseline, Day 8, Day 15/ET, follow-up Day 21, follow-up Day 28",The safety set included all participants who received at least one dose of the study drug.,MEAN,Standard Deviation,pH,Other/unclear,True,1,5,5,False,0
NCT03000530,34,Change From Baseline in Specific Gravity - Part A,Urinalysis measures included pH and specific gravity. The analysis was performed in participants included in Part A of the study. ET = Early Termination.,"Baseline, Day 8, Day 15/ET, follow-up Day 21, follow-up Day 28",The safety set included all participants who received at least one dose of the study drug.,MEAN,Standard Deviation,ratio,Other/unclear,True,1,5,5,False,0
NCT03000530,35,Change From Baseline (CFB) in Supine Systolic Blood Pressure - Part A,"Vital signs measures included supine systolic blood pressure, supine diastolic blood pressure, standing systolic blood pressure, standing diastolic blood pressure, heart rate, respiratory rate, oral temperature, and oxygen saturation. The analysis was performed in participants included in Part A of the study. H = Hour(s). ET = Early Termination.","Baseline, Day 1 (0.25, 0.5, 1, 2, 12 hours postdose), Days 2, 3, 4, 5, 6 and 7 (predose, 0.25, 0.5, 1, 2, 12 hours postdose), Days 8, 9, 10, 11, 12, 13 and 14 (predose, 1 hour postdose), Day 15/ET, follow-up Day 21, follow-up Day 28",The safety set included all participants who received at least one dose of the study drug. Number analyzed: Number of participants in the safety set with a non-missing value at both baseline and the visit.,MEAN,Standard Deviation,millimeter of mercury (mmHg),Other/unclear,True,1,59,59,False,0
NCT03000530,36,Change From Baseline (CFB) in Supine Diastolic Blood Pressure - Part A,"Vital signs measures included supine systolic blood pressure, supine diastolic blood pressure, standing systolic blood pressure, standing diastolic blood pressure, heart rate, respiratory rate, oral temperature, and oxygen saturation. The analysis was performed in participants included in Part A of the study. H = Hour(s). ET = Early Termination.","Baseline, Day 1 (0.25, 0.5, 1, 2, 12 hours postdose), Days 2, 3, 4, 5, 6 and 7 (predose, 0.25, 0.5, 1, 2, 12 hours postdose), Days 8, 9, 10, 11, 12, 13 and 14 (predose, 1 hour postdose), Day 15/ET, follow-up Day 21, follow-up Day 28",The safety set included all participants who received at least one dose of the study drug. Number analyzed: Number of participants in the safety set with a non-missing value at both baseline and the visit.,MEAN,Standard Deviation,mmHg,Other/unclear,True,1,59,59,False,0
NCT03000530,37,Change From Baseline (CFB) in Standing Systolic Blood Pressure - Part A,"Vital signs measures included supine systolic blood pressure, supine diastolic blood pressure, standing systolic blood pressure, standing diastolic blood pressure, heart rate, respiratory rate, oral temperature, and oxygen saturation. The analysis was performed in participants included in Part A of the study. H = Hour(s). ET = Early Termination.","Baseline, Day 1 (0.25, 0.5, 1, 2, 12 hours postdose), Days 2, 3, 4, 5, 6 and 7 (predose, 0.25, 0.5, 1, 2, 12 hours postdose), Days 8, 9, 10, 11, 12, 13 and 14 (predose, 1 hour postdose), Day 15/ET, follow-up Day 21, follow-up Day 28",The safety set included all participants who received at least one dose of the study drug. Number analyzed: Number of participants in the safety set with a non-missing value at both baseline and the visit.,MEAN,Standard Deviation,mmHg,Other/unclear,True,1,59,59,False,0
NCT03000530,38,Change From Baseline (CFB) in Standing Diastolic Blood Pressure - Part A,"Vital signs measures included supine systolic blood pressure, supine diastolic blood pressure, standing systolic blood pressure, standing diastolic blood pressure, heart rate, respiratory rate, oral temperature, and oxygen saturation. The analysis was performed in participants included in Part A of the study. H = Hour(s). ET = Early Termination.","Baseline, Day 1 (0.25, 0.5, 1, 2, 12 hours postdose), Days 2, 3, 4, 5, 6 and 7 (predose, 0.25, 0.5, 1, 2, 12 hours postdose), Days 8, 9, 10, 11, 12, 13 and 14 (predose, 1 hour postdose), Day 15/ET, follow-up Day 21, follow-up Day 28",The safety set included all participants who received at least one dose of the study drug. Number analyzed: Number of participants in the safety set with a non-missing value at both baseline and the visit.,MEAN,Standard Deviation,mmHg,Other/unclear,True,1,59,59,False,0
NCT03000530,39,Change From Baseline (CFB) in Heart Rate - Part A,"Vital signs measures included supine systolic blood pressure, supine diastolic blood pressure, standing systolic blood pressure, standing diastolic blood pressure, heart rate, respiratory rate, oral temperature, and oxygen saturation. The analysis was performed in participants included in Part A of the study. H = Hour(s). ET = Early Termination.","Baseline, Day 1 (0.25, 0.5, 1, 2, 12 hours postdose), Days 2, 3, 4, 5, 6 and 7 (predose, 0.25, 0.5, 1, 2, 12 hours postdose), Days 8, 9, 10, 11, 12, 13 and 14 (predose, 1 hour postdose), Day 15/ET, follow-up Day 21, follow-up Day 28",The safety set included all participants who received at least one dose of the study drug. Number analyzed: Number of participants in the safety set with a non-missing value at both baseline and the visit.,MEAN,Standard Deviation,beats per minute (beats/min),Other/unclear,True,1,59,59,False,0
NCT03000530,40,Change From Baseline (CFB) in Respiratory Rate - Part A,"Vital signs measures included supine systolic blood pressure, supine diastolic blood pressure, standing systolic blood pressure, standing diastolic blood pressure, heart rate, respiratory rate, oral temperature, and oxygen saturation. The analysis was performed in participants included in Part A of the study. H = Hour(s). ET = Early Termination.","Baseline, Day 1 (0.25, 0.5, 1, 2, 12 hours postdose), Days 2, 3, 4, 5, 6 and 7 (predose, 0.25, 0.5, 1, 2, 12 hours postdose), Days 8, 9, 10, 11, 12, 13 and 14 (predose, 1 hour postdose), Day 15/ET, follow-up Day 21, follow-up Day 28",The safety set included all participants who received at least one dose of the study drug. Number analyzed: Number of participants in the safety set with a non-missing value at both baseline and the visit.,MEAN,Standard Deviation,breaths per minute (breaths/min),Other/unclear,True,1,59,59,False,0
NCT03000530,41,Change From Baseline (CFB) in Oral Temperature - Part A,"Vital signs measures included supine systolic blood pressure, supine diastolic blood pressure, standing systolic blood pressure, standing diastolic blood pressure, heart rate, respiratory rate, oral temperature, and oxygen saturation. The analysis was performed in participants included in Part A of the study. H = Hour(s). ET = Early Termination.","Baseline, Day 1 (0.25, 0.5, 1, 2, 12 hours postdose), Days 2, 3, 4, 5, 6 and 7 (predose, 0.25, 0.5, 1, 2, 12 hours postdose), Days 8, 9, 10, 11, 12, 13 and 14 (predose, 1 hour postdose), Day 15/ET, follow-up Day 21, follow-up Day 28",The safety set included all participants who received at least one dose of the study drug. Number analyzed: Number of participants in the safety set with a non-missing value at both baseline and the visit.,MEAN,Standard Deviation,degrees Celsius (degrees C),Other/unclear,True,1,59,59,False,0
NCT03000530,42,Change From Baseline (CFB) in Oxygen Saturation - Part A,"Vital signs measures included supine systolic blood pressure, supine diastolic blood pressure, standing systolic blood pressure, standing diastolic blood pressure, heart rate, respiratory rate, oral temperature, and oxygen saturation. The analysis was performed in participants included in Part A of the study. H = Hour(s).","Baseline, Day 1 (0.25, 0.5, 1, 2, 12 hours postdose), Days 2, 3, 4, 5, 6 and 7 (predose, 0.25, 0.5, 1, 2, 12 hours postdose), Day 8 (predose, 1 hour postdose)",The safety set included all participants who received at least one dose of the study drug. Number analyzed: Number of participants in the safety set with a non-missing value at both baseline and the visit.,MEAN,Standard Deviation,percentage of oxygen saturation,Other/unclear,True,1,44,44,False,0
NCT03000530,43,Change From Baseline in QT Interval - Part A,"Electrocardiogram (ECG) measures included QT interval, QTc based on Fridericia formula (QTcF interval), ECG mean heart rate, RR interval, PR interval, and QRS duration. The analysis was performed in participants included in Part A of the study.","Baseline, Days 1, 2, 7, 14 and follow-up Day 21",The safety set included all participants who received at least one dose of the study drug. Number analyzed: Number of participants in the safety set with a non-missing value at both baseline and the visit.,MEDIAN,Full Range,milliseconds (msec),Other/unclear,True,1,6,6,False,0
NCT03000530,44,Change From Baseline in QTcF Interval - Part A,"ECG measures included QT interval, QTcF interval, ECG mean heart rate, RR interval, PR interval, and QRS duration. The analysis was performed in participants included in Part A of the study.","Baseline, Days 1, 2, 7, 14 and follow-up Day 21",The safety set included all participants who received at least one dose of the study drug. Number analyzed: Number of participants in the safety set with a non-missing value at both baseline and the visit.,MEDIAN,Full Range,msec,Other/unclear,True,1,6,6,False,0
NCT03000530,45,Change From Baseline in ECG Mean Heart Rate - Part A,"ECG measures included QT interval, QTcF interval, ECG mean heart rate, RR interval, PR interval, and QRS duration. The analysis was performed in participants included in Part A of the study.","Baseline, Days 1, 2, 7, 14 and follow-up Day 21",The safety set included all participants who received at least one dose of the study drug. Number analyzed: Number of participants in the safety set with a non-missing value at both baseline and the visit.,MEAN,Standard Deviation,beats/min,Other/unclear,True,1,6,6,False,0
NCT03000530,46,Change From Baseline in RR Interval - Part A,"ECG measures included QT interval, QTcF interval, ECG mean heart rate, RR interval, PR interval, and QRS duration. The analysis was performed in participants included in Part A of the study.","Baseline, Days 1, 2, 7, 14 and follow-up Day 21",The safety set included all participants who received at least one dose of the study drug. Number analyzed: Number of participants in the safety set with a non-missing value at both baseline and the visit.,MEDIAN,Full Range,msec,Other/unclear,True,1,6,6,False,0
NCT03000530,47,Change From Baseline in PR Interval - Part A,"ECG measures included QT interval, QTcF interval, ECG mean heart rate, RR interval, PR interval, and QRS duration. The analysis was performed in participants included in Part A of the study.","Baseline, Days 1, 2, 7, 14 and follow-up Day 21",The safety set included all participants who received at least one dose of the study drug. Number analyzed: Number of participants in the safety set with a non-missing value at both baseline and the visit.,MEDIAN,Full Range,msec,Other/unclear,True,1,6,6,False,0
NCT03000530,48,Change From Baseline in QRS Interval - Part A,"ECG measures included QT interval, QTcF interval, ECG mean heart rate, RR interval, PR interval, and QRS duration. The analysis was performed in participants included in Part A of the study.","Baseline, Days 1, 2, 7, 14 and follow-up Day 21",The safety set included all participants who received at least one dose of the study drug. Number analyzed: Number of participants in the safety set with a non-missing value at both baseline and the visit.,MEDIAN,Full Range,msec,Other/unclear,True,1,6,6,False,0
NCT03000530,49,Percentage of Participants With a Response of 'Yes' to Any Columbia Suicide Severity Rating Scale (C-SSRS) Suicidal Ideation Item - Part A,"The C-SSRS scale consisted of a baseline evaluation (at screening) that assessed the lifetime experience of participants with suicidal ideation (SI) and behavior and a postbaseline evaluation that focused on suicidality since the last study visit. The C-SSRS included ""yes"" or ""no""' responses for assessment of suicidal ideation and behavior as well as numeric ratings for severity of ideation, if present (from 1 to 5, with 5 being the most severe). The C-SSRS SI items involved wish to be dead, non-specific active suicidal thoughts, active SI with any methods, active SI with some intent and active SI with specific plan. The analysis was performed in participants included in Part A of the study.",Day 1 up to Day 28,The safety set included all participants who received at least one dose of the study drug.,NUMBER,,percentage of participants,Other/unclear,False,1,1,1,False,0
NCT03000530,50,Change From Baseline in Stanford Sleepiness Scale (SSS) Score at Day 15 - Part A,"The SSS was participant-rated scale designed to quickly assess how alert a participant was feeling. Degrees of sleepiness and alertness were rated on a scale of one to seven, where the lowest score of 'one' indicated the participant was 'feeling active, vital, alert, or wide awake' and the highest score of 'seven' indicated the participant was 'no longer fighting sleep, sleep onset soon; having dream-like thoughts'. A negative change from baseline indicated less sleepiness. A positive change from baseline indicated more sleepiness. The analysis was performed in participants included in Part A of the study.","Baseline, Day 15",The safety set included all participants who received at least one dose of the study drug.,MEAN,Standard Deviation,score on a scale,Other/unclear,True,1,2,2,False,0
NCT03000530,51,Change From Baseline in the 17-item Hamilton Rating Scale for Depression (HAM-D) Total Score at Day 15 - Part B,"The HAM-D total score comprised a sum of 17 individual item scores. Items scored in a range of 0 to 2 included: insomnia (early, middle, late), somatic symptoms (gastrointestinal and general), genital symptoms, loss of weight, and insight. The following items were scored in a range of 0 to 4: agitation, depressed mood, feelings of guilt, suicide, work and activities, retardation, anxiety (psychic and somatic), and hypochondriasis. The total score could range from 0 to 52. Higher scores indicated a greater degree of depression. A negative change from baseline indicated less depression. A positive change from baseline indicated more depression. The analysis was performed in participants included in Part B of the study.","Baseline, Day 15",The efficacy set included all participants who were randomized and received at least 1 dose of the double-blind study drug and had a baseline and at least 1 post-baseline efficacy evaluation.,LEAST_SQUARES_MEAN,Standard Error,score on a scale,HAM-D/HDRS,True,2,2,2,False,1
NCT03018340,0,Change From Baseline to Week 5 in the HAMD-17 Total Score,"The Hamilton Rating Scale for Depression (HAMD-17) is a 17-item scale to assess depression. The HAMD-17 consists of 8 items with a score on a 3 point scale and 9 items with a score on a 5 point scale. Each item is rated from least (0) to most frequent or most severe, as applicable, with highest scores of 2 to 4, depending on the item. Items are summed up to calculate the HAMD-17 total score. The total score ranges from 0 to 52. A higher total score indicates more severe depression.","Baseline, 5 weeks and 10 weeks during Stage 1 and Stage 2, respectively","FAS Stage 1: pts randomized to Stage 1, received ≥1 dose of study drug in Stage 1, and had a baseline value and ≥1 post-baseline value for HAMD-17 total score in Stage 1.

FAS Stage 2: pts randomized to Stage 2, received ≥1 dose of study drug in Stage 2, and had a baseline value and ≥1 post-baseline value for HAMD-17 total score in Stage 2.",MEAN,Standard Error,score on a scale,HAM-D/HDRS,True,4,8,8,False,3
NCT03039192,0,Change From Baseline in Montgomery Asberg Depression Rating Scale (MADRS) Total Score at 24 Hours After the First Dose (Day 2) (Last Observation Carried Forward [LOCF] Data) During Double-blind Phase,"MADRS is clinician-rated scale designed to be used in participants with Major Depressive Disorder (MDD) to measure depression severity and detect changes due to antidepressant treatment. It evaluates apparent sadness, reported sadness, inner tension, sleep, appetite, concentration, lassitude, interest level, pessimistic and suicidal thoughts. Scale consists of 10 items, each of which is scored from 0 (item not present or normal) to 6 (severe or continuous presence of symptoms), summed for total possible score of 0 to 60. Higher scores represent more severe condition. Negative change in score indicates improvement.","Baseline (Day 1, predose) and 24 hours first post dose (Day 2)","Full efficacy analysis set included all randomized participants who received at least 1 dose of intranasal study agent during double-blind phase and have had both a baseline and a postbaseline evaluation for MADRS total score or CGI-SS-R. Here, N (number of participants analyzed) signifies number of participants analyzed for this outcome measure.",MEAN,Standard Deviation,units on a scale,MADRS,True,2,2,2,True,1
NCT03051256,0,Incidence of Treatment Emergent Adverse Events (AEs) [Safety and Tolerability],"Spontaneously reported or observed AEs will be recorded and reported throughout the study, and AEs will be elicited using a non-leading question at every visit from Screening through the Day 21 assessment.

An AE was any untoward medical occurrence in a patient or clinical investigation patient administered a pharmaceutical product and may not necessarily have a causal relationship with the administered treatment. An AE could therefore be any unfavorable and unintended sign (including a clinically significant laboratory abnormality, for example), symptom, or disease temporally associated with the use of a medicinal (investigational) product, regardless of relationship to the medicinal (investigational) product. During the study, an AE could also occur outside the time that the investigational product(s) was given (e.g., during the time from discontinuation of prohibited medications).",21 days,Safety population: All randomized patients who received any study treatment (REL-1017 or placebo).,COUNT_OF_PARTICIPANTS,,Participants,Other/unclear,False,3,6,6,True,0
NCT03097133,0,Change From Baseline in the Montgomery-Asberg Depression Rating Scale (MADRS) Total Score at 24 Hours Post First Dose (Last Observation Carried Forward [LOCF] Data): Double-blind (DB) Treatment Phase,"MADRS is clinician-rated scale designed to be used in participants with Major Depressive Disorder (MDD) to measure depression severity and detect changes due to antidepressant treatment. It evaluates apparent sadness, reported sadness, inner tension, sleep, appetite, concentration, lassitude, interest level, pessimistic and suicidal thoughts. Scale consists of 10 items, each of which is scored from 0 (item not present or normal) to 6 (severe or continuous presence of symptoms), summed for total possible score of 0 to 60. Higher scores represent more severe condition. Negative change in score indicates improvement.","Baseline (Day 1, predose) and 24 hours first post dose (Day 2)","Full efficacy analysis set included all randomized participants who received at least 1 dose of intranasal study agent during DB treatment phase and had both baseline and post baseline evaluation for MADRS total score or CGI-SS-R. Here, 'N' (number of participants analyzed) signifies number of participants analyzed for this outcome measure.",MEAN,Standard Deviation,units on a scale,MADRS,True,2,2,2,True,1
NCT03097133,1,Change From Baseline in Clinical Global Impression-Severity of Suicidality - Revised (CGI-SS-R) Scale at 24 Hours Post First Dose (LOCF Data): DB Treatment Phase,"Clinical global impression-severity of suicidality-revised (CGI-SS-R) scale is revised version of the clinical global impression severity scale (CGI-S),a global rating scale that gives an overall measure of the severity of a participants illness. The CGI-SS-R summarizes the clinician's overall impression of severity of suicidality on a 7-point scale from 0 (normal, not at all suicidal) to 6 (among the most extremely suicidal participants), based on the totality of information available to the clinician. Higher score indicates a more severe condition. Negative change in score indicates improvement.","Baseline (Day 1, predose) and 24 hours first post dose (Day 2)",Analysis was performed on full efficacy analysis set. Here 'N' (number of participants analyzed) signifies number of participants analyzed for this outcome measure.,MEDIAN,Full Range,units on a scale,Other/unclear,True,2,2,2,True,0
NCT03113968,0,Number of Participants With Treatment Responses Based on the 16-item Quick Inventory of Depressive Symptomatology-Self-Report Scale (QIDS-SR-16),Response is defined as at least a 50% improvement in the QIDS-SR-16 scale from baseline to the End of Treatment visit. The End of Treatment visit will occur 3-5 weeks after the Baseline visit.,Acute Study Phase (Baseline Visit to End of Treatment Visit) - approximately 3-5 weeks,"Modified Intention-to-treat Population (i.e., participants with at least one treatment and at least one follow-up measurement)",COUNT_OF_PARTICIPANTS,,Participants,Other/unclear,False,2,2,2,True,1
NCT03181529,0,The GRID-Hamilton Depression Rating Scale (GRID-HAMD),"The GRID-Hamilton Depression Rating Scale is a 17-item clinician-administered rating scale designed to assess severity of depressive symptoms. The score range for the GRID-HAMD is 0 to 52, with higher score indicating more severe depression. For this clinician-rated measure, a clinically significant response was defined as ⩾50% decrease in measure relative to Baseline; symptom remission was defined as ⩾50% decrease in measure relative to Baseline and a score of ⩽7 on the GRID-HAMD

* Week 0 Baseline = Initial baseline assessment
* Week 5 Waitlist-Period (Delayed Group Only) = 5 weeks post enrollment, but pre-study drug in the Delayed Treatment group only.
* Week 8 Waitlist-Period (Delayed Group Only) = 8 weeks post enrollment, but pre-study drug in the Delayed Treatment group only.
* Week 1 Post Psilocybin Treatment = 1 week after the second psilocybin session in both the Immediate Treatment group (Week 5) and Delayed Treatment group (Week 13)",Baseline (Week 0) to 1-week after second psilocybin session (Week 8 in Immediate Treatment; Week 13 in Delayed Treatment). The first psilocybin session (20 mg/70 kg) and second psilocybin session (30 mg/70 kg) are spaced approximately 1 week apart.,,MEAN,Standard Deviation,units on a scale,HAM-D/HDRS,False,2,6,8,True,0
NCT03185819,0,Change From Baseline in Children's Depression Rating Scale-Revised (CDRS-R) Total Score at 24 Hours Post First Dose (Day 2),"The CDRS-R is a validated 17- item, clinician-rated instrument developed to assess depressive symptomatology in children. Scores were based on interviews with both the child and their caregiver. Of the 17-item, 3 items were non-verbal behavior (listless speech, hypoactivity, and depressed affect) rated on a 5-point scale from 1 (no depression) to 5 (severe depression) and 14 items were rated on a 7-point scale from 1 (no depression) to 7 (severe depression), where higher score indicated more severe depression. The CDRS-R total score was the sum of the 17-tems score and it ranged from 17 (normal) to 113 (severe depression). Higher score indicated more severe depression and worse outcome.","Baseline (predose on Day 1) and 24 hours post first dose on Day 1 (i.e., Day 2)","Full efficacy analysis set for DB phase included all randomized participants who received at least 1 dose of DB study medication during the DB phase and had both baseline \& post dose evaluation for CDRS-R total score. As pre-planned in study statistical analysis plan (SAP), data were planned to be collected and analyzed on pooled population who had received esketamine (56 mg/84 mg) in arms ""Esketamine 56 mg + Placebo + SOC"" and ""Esketamine 84 mg + Placebo + SOC"" respectively.",MEAN,Standard Deviation,Units on a scale,Other/unclear,True,5,5,5,False,4
NCT03188185,0,Change From Baseline to the End of Treatment (EOT) in the Montgomery Asberg Depression Rating Scale-10 (MADRS-10) Scores,"The MADRS-10 scale is a clinician-administered questionnaire comprised of 10 items used to measure the severity of Major Depressive Disorder (MDD) symptoms. Scores range from 0 (no apparent symptoms) to 60 (most severe symptoms). Individual questionnaire items include: Apparent Sadness, Reported Sadness, Inner Tension, Reduced Sleep, Reduced Appetite, Concentration Difficulties, Lassitude, Inability to Feel, Pessimistic Thoughts, and Suicidal Thoughts.","Baseline and 5 weeks for Stage 1, Baseline and 6 weeks for Stage 2",Stage 1 and Stage 2 Full Analysis Sets (FAS) consisted of subjects who were randomized and took at least 1 dose of study drug and had at least 1 postbaseline MADRS assessment in the respective stage.,LEAST_SQUARES_MEAN,Standard Error,score on a scale,MADRS,True,4,4,4,False,1
NCT03193398,0,Change in Investigator-administered MADRS Total Score From Baseline BTRX-246040 and Placebo,"The Investigator-administered MADRS includes 10 items assessing the following symptoms: apparent sadness, reported sadness, inner tension, reduced sleep, reduced appetite, concentration difficulties, lassitude, inability to feel, pessimistic thoughts, and suicidal thoughts. Each item is scored from 0 (absence of symptom) to 6 (severe symptom); the overall score ranges from 0 to 60. MADRS total scores from 0 to 6 indicate normal/symptom absent, from 7 to 19 indicate mild depression, from 20 to 34 indicate moderate depression, and from 35 to 60 indicate severe depression.",Week 8,The full analysis set (FAS) contained all patients in the randomized set who received at least 1 dose of study medication and had at least 1 post-dose efficacy assessment,LEAST_SQUARES_MEAN,Standard Error,Change in score on a scale from baseline,MADRS,True,2,2,2,True,1
NCT03227224,0,Change From Baseline to Week 6 in Montgomery-Asberg Depression Rating Scale (MADRS) Total Score,"MADRS is a clinician-administered scale designed to measure depression severity and detects changes due to antidepressant treatment. The MADRS evaluates the following 10 items: apparent sadness, reported sadness, inner tension, reduced sleep, reduced appetite, concentration difficulties, lassitude, inability to feel, pessimistic thoughts, and suicidal thoughts. Each item is scored from 0 (item not present or normal) to 6 (severe or continuous presence of the symptoms), for a total possible score range of 0-60 which is calculated by adding the scores of all 10 items. Higher scores represent a more severe condition.",Baseline to Week 6,"Full analysis set included all participants who were randomly assigned to study drug and received at least 1 dose of study drug. Here, N (numbers of participants analyzed) signifies numbers of participants evaluable for this outcome measure.",MEAN,Standard Deviation,score on a scale,MADRS,True,4,4,4,False,3
NCT03227224,1,Percentage of Participants With Treatment-emergent Adverse Events as a Measure of Safety and Tolerability,An adverse event (AE) was any untoward medical occurrence in a participant who received study drug without regard to possibility of causal relationship. Treatment-emergent were events between the initial administration of study drug and 2 days after the last administration of study drug.,Up to Week 8,Safety analyses set included all participants who were randomly assigned to study drug and received at least 1 dose of study drug.,NUMBER,,percentage of participants,Other/unclear,False,4,4,4,False,0
NCT03227224,2,Percentage of Participants With Clinically Significant Laboratory Abnormalities,"Percentage of participants with clinically significant laboratory abnormalities were reported which included Gamma-glutamyl transferase (GGT), Alanine Aminotransferase (ALT), Aspartate Aminotransferase (AST), Alkaline Phosphatase (ALP), Creatine Kinase (CK), Lactate Dehydrogenase (LDH), Albumin , bicarbonate, bilirubin, calcium, chloride, cholesterol, creatinine, direct bilirubin, glucose, high density lipoprotein (HDL) cholesterol, hemoglobin A1C, low density lipoprotein (LDL) cholesterol, phosphate, potassium, protein, sodium, triglycerides, urate, and urea nitrogen.",Up to Week 8,"Safety analyses set included all participants who were randomly assigned to study drug and received at least 1 dose of study drug. Here, N (numbers of participants analyzed) signifies numbers of participants evaluable for this outcome measure; n (number analyzed) signifies those participants who were evaluable for specified categories.",NUMBER,,percentage of participants,Other/unclear,False,4,144,144,False,0
NCT03227224,3,Change From Baseline in Vital Signs (Systolic Blood Pressure [SBP] and Diastolic Blood Pressure [DBP]) at Day 8,Change from baseline in vital signs (SBP and DBP) at Day 8 was reported.,Baseline and Day 8,"Safety analyses set included all participants who were randomly assigned to study drug and received at least 1 dose of study drug. Here, N (numbers of participants analyzed) signifies numbers of participants evaluable for this outcome measure.",MEAN,Standard Deviation,millimeters of mercury (mmHg),Other/unclear,True,4,16,16,False,0
NCT03227224,4,Change From Baseline in Vital Signs (SBP and DBP) at Day 22,Change from baseline in vital signs (SBP and DBP) at Day 22 was reported.,Baseline and Day 22,"Safety analyses set included all participants who were randomly assigned to study drug and received at least 1 dose of study drug. Here, N (numbers of participants analyzed) signifies numbers of participants evaluable for this outcome measure.",MEAN,Standard Deviation,mmHg,Other/unclear,True,4,16,16,False,0
NCT03227224,5,Change From Baseline in Vital Signs (SBP and DBP) at Day 42,Change from baseline in vital signs (SBP and DBP) at Day 42 was reported.,Baseline and Day 42,"Safety analyses set included all participants who were randomly assigned to study drug and received at least 1 dose of study drug. Here, N (numbers of participants analyzed) signifies numbers of participants evaluable for this outcome measure.",MEAN,Standard Deviation,mmHg,Other/unclear,True,4,16,16,False,0
NCT03227224,6,Change From Baseline in Vital Signs (SBP and DBP) at Endpoint (Week 6),Change from baseline in vital signs (SBP and DBP) at endpoint was reported.,Baseline and Endpoint (Week 6),"Safety analyses set included all participants who were randomly assigned to study drug and received at least 1 dose of study drug. Here, N (numbers of participants analyzed) signifies numbers of participants evaluable for this outcome measure. Endpoint (double-blind \[DB\]) values are from the last measurement within the double-blind period.",MEAN,Standard Deviation,mmHg,Other/unclear,True,4,16,16,False,0
NCT03227224,7,Change From Baseline in Vital Sign (Pulse Rate [PR]) at Day 8,Change from baseline in vital sign (PR) at Day 8 was reported.,Baseline and Day 8,"Safety analyses set included all participants who were randomly assigned to study drug and received at least 1 dose of study drug. Here, N (numbers of participants analyzed) signifies numbers of participants evaluable for this outcome measure.",MEAN,Standard Deviation,Beats per minute,Other/unclear,True,4,8,8,False,0
NCT03227224,8,Change From Baseline in Vital Sign (PR) at Day 22,Change from baseline in vital sign (PR) at Day 22 was reported.,Baseline and Day 22,"Safety analyses set included all participants who were randomly assigned to study drug and received at least 1 dose of study drug. Here, N (numbers of participants analyzed) signifies numbers of participants evaluable for this outcome measure.",MEAN,Standard Deviation,Beats per minute,Other/unclear,True,4,8,8,False,0
NCT03227224,9,Change From Baseline in Vital Sign (PR) at Day 42,Change from baseline in vital sign (PR) at Day 42 was reported.,Baseline and Day 42,"Safety analyses set included all participants who were randomly assigned to study drug and received at least 1 dose of study drug. Here, N (numbers of participants analyzed) signifies numbers of participants evaluable for this outcome measure.",MEAN,Standard Deviation,Beats per minute,Other/unclear,True,4,8,8,False,0
NCT03227224,10,Change From Baseline in Vital Sign (PR) at Endpoint (Week 6),Change from baseline in vital sign (PR) at endpoint (Week 6) was reported.,Baseline and Endpoint (Week 6),"Safety analyses set included all participants who were randomly assigned to study drug and received at least 1 dose of study drug. Here, N (numbers of participants analyzed) signifies numbers of participants evaluable for this outcome measure. Endpoint (DB) values are from the last measurement within the double-blind period.",MEAN,Standard Deviation,Beats per minute,Other/unclear,True,4,8,8,False,0
NCT03227224,11,Change From Baseline in Vital Sign (Temperature) at Day 8,Change from baseline in vital Sign (temperature) at Day 8 was reported.,Baseline and Day 8,"Safety analyses set included all participants who were randomly assigned to study drug and received at least 1 dose of study drug. Here, N (numbers of participants analyzed) signifies numbers of participants evaluable for this outcome measure.",MEAN,Standard Deviation,Celsius,Other/unclear,True,4,4,4,False,0
NCT03227224,12,Change From Baseline in Vital Sign (Temperature) at Day 22,Change from baseline in vital Sign (temperature) at Day 22 was reported.,Baseline and Day 22,"Safety analyses set included all participants who were randomly assigned to study drug and received at least 1 dose of study drug. Here, N (numbers of participants analyzed) signifies numbers of participants evaluable for this outcome measure.",MEAN,Standard Deviation,Celsius,Other/unclear,True,4,4,4,False,0
NCT03227224,13,Change From Baseline in Vital Sign (Temperature) at Day 42,Change from baseline in vital Sign (temperature) at Day 42 was reported.,Baseline and Day 42,"Safety analyses set included all participants who were randomly assigned to study drug and received at least 1 dose of study drug. Here, N (numbers of participants analyzed) signifies numbers of participants evaluable for this outcome measure.",MEAN,Standard Deviation,Celsius,Other/unclear,True,4,4,4,False,0
NCT03227224,14,Change From Baseline in Vital Sign (Temperature) at Endpoint (Week 6),Change from baseline in vital Sign (temperature) at endpoint (Week 6) was reported.,Baseline and Endpoint (Week 6),"Safety analyses set included all participants who were randomly assigned to study drug and received at least 1 dose of study drug. Here, N (numbers of participants analyzed) signifies numbers of participants evaluable for this outcome measure. Endpoint (DB) values are from the last measurement within the double-blind period.",MEAN,Standard Deviation,Celsius,Other/unclear,True,4,4,4,False,0
NCT03227224,15,Change From Baseline in Physical Examination (Waist Circumference) at Day 42,Change from baseline in physical examination (waist circumference) was reported.,Baseline and Day 42,"Safety analyses set included all participants who were randomly assigned to study drug and received at least 1 dose of study drug. Here, 'N' (number of participants analyzed) signifies those participants who were evaluable for this outcome measure.",MEAN,Standard Deviation,centimeters (cm),Other/unclear,True,4,4,4,False,0
NCT03227224,16,Change From Baseline in Physical Examination (Body Weight) at Day 42,Change from baseline in physical examination (body weight) was reported.,Baseline and Day 42,"Safety analyses set included all participants who were randomly assigned to study drug and received at least 1 dose of study drug. Here, 'N' (number of participants analyzed) signifies those participants who were evaluable for this outcome measure.",MEAN,Standard Deviation,Kilograms (kg),Other/unclear,True,4,4,4,False,0
NCT03227224,17,Change From Baseline in Physical Examination (Body Mass Index [BMI]) at Day 42,Change from baseline in physical examination (BMI) was reported.,Baseline and Day 42,"Safety analyses set included all participants who were randomly assigned to study drug and received at least 1 dose of study drug. Here, 'N' (number of participants analyzed) signifies those participants who were evaluable for this outcome measure.",MEAN,Standard Deviation,kilograms per meter square (kg/m^2),Other/unclear,True,4,4,4,False,0
NCT03227224,18,Percentage of Participants With Treatment-emergent Abnormal Electrocardiogram (ECG) Values Outside Pre-defined Limits,"Percentage of participants with treatment-emergent abnormal ECG values (Heart rate less than or equal to \[\<=\] 50 or greater than or equal to \[\>=\] 100 beats per minute \[bpm\], PR interval \<=120 or \>=200 milliseconds \[msec\], QRS interval \<=60 or \>=120 msec, and QT interval \<=200 or \>=500 msec) outside pre-defined limits were reported.",Up to Week 6,"Safety analyses set included all participants who were randomly assigned to study drug and received at least 1 dose of study drug. Here, N (numbers of participants analyzed) signifies numbers of participants evaluable for this outcome measure; n (number analyzed) signifies those participants who were evaluable for specified categories.",NUMBER,,percentage of participants,Other/unclear,False,4,32,32,False,0
NCT03227224,19,Percentage of Participants With Most Severe Post-baseline Potentially Suicide-Related Category Using Columbia Suicide Severity Rating Scale (C-SSRS),"C-SSRS is a clinician-rated instrument that reports severity of both suicidal ideation and behavior. Suicidal ideation was classified on a 5-item scale: 1 (wish to be dead), 2 (nonspecific active suicidal thoughts), 3 (active suicidal ideation with any methods \[not plan\] without intent to act), 4 (active suicidal ideation with some intent to act, without specific plan), and 5 (active suicidal ideation with specific plan and intent). Suicidal behavior is classified on a 5-item scale: 0 (no suicidal behavior), 1 (preparatory acts or behavior), 2 (aborted attempt), 3 (interrupted attempt), and 4 (actual attempt). More than 1 classification can be selected provided they represent separate episodes. Minimum total score 0, maximum total score 5; higher total scores indicate more suicidal ideation and/or suicidal behavior. If no events qualify for score of 1 to 10, score of 0 was assigned (0= ""no event that can be assessed on the basis of C-SSRS""). Higher scores indicate greater severity.",Up to Week 8,"Safety analyses set included all participants who were randomly assigned to study drug and received at least 1 dose of study drug. Here, 'N' (number of participants analyzed) signifies those participants who were evaluable for this outcome measure.",NUMBER,,percentage of participants,Other/unclear,False,4,12,12,False,0
NCT03227224,20,Change From Baseline in Sexual Functioning as Measured by Arizona Sexual Experiences Scale (ASEX) Score at Day 42,"Effect on sexual functioning was assessed using the ASEX score. The ASEX is a five-item rating scale that quantifies sex drive, arousal, vaginal lubrication/penile erection, ability to reach orgasm, and satisfaction from orgasm. Each of the 5 items is rated on a 6-point scale, ranging from 1 to 6. The 5 items are summed to create a total score, ranging from 5 to 30, with the higher scores indicating more sexual dysfunction.",Baseline and Day 42,"Safety analyses set included all participants who were randomly assigned to study drug and received at least 1 dose of study drug. Here, 'N' (number of participants analyzed) signifies those participants who were evaluable for this outcome measure.",MEAN,Standard Deviation,score on a scale,Other/unclear,True,4,4,4,False,0
NCT03227224,21,Physician Withdrawal Checklist-20 (PWC-20) Total Score at Day 43,"Intensity of discontinuation symptoms was assessed (for example: underlying depression; anxiety-nervousness; dysphoric mood/depression; difficulty concentrating; weakness; fatigue-lethargy-lack of energy; irritability), using the Physician Withdrawal Checklist (PWC-20) administered by a trained clinician/rater. Symptoms are rated on a scale 0 (No symptom present) and 3 (severe symptoms). Total scores range from 0 to 24 calculated by adding the scores of following 8 items: Nausea-Vomiting, Diarrhea, Poor Coordination, Diaphoresis, Tremor-Tremulousness, Dizziness-Lightheadedness, Increased Acuity Sound Smell Touch, Paresthesias. Higher scores indicating more severe symptoms.",Day 43,"Safety analyses set included all participants who were randomly assigned to study drug and received at least 1 dose of study drug. Here, N (numbers of participants analyzed) signifies numbers of participants evaluable for this outcome measure.",MEAN,Standard Deviation,score on a scale,Other/unclear,False,4,4,4,False,0
NCT03227224,41,Physician Withdrawal Checklist-20 (PWC-20) Total Score From Day 49 to Day 56,"Intensity of discontinuation symptoms was assessed (for example: underlying depression; anxiety-nervousness; dysphoric mood/depression; difficulty concentrating; weakness; fatigue-lethargy-lack of energy; irritability), using the Physician Withdrawal Checklist (PWC-20) administered by a trained clinician/rater. Symptoms are rated on a scale 0 (No symptom present) and 3 (severe symptoms). Total scores range from 0 to 24 calculated by adding the scores of following 8 items: Nausea-Vomiting, Diarrhea, Poor Coordination, Diaphoresis, Tremor-Tremulousness, Dizziness-Lightheadedness, Increased Acuity Sound Smell Touch, Paresthesias. Higher scores indicating more severe symptoms.",Day 49 to Day 56,"Safety analyses set included all participants who were randomly assigned to study drug and received at least 1 dose of study drug. Here, N (numbers of participants analyzed) signifies numbers of participants evaluable for this outcome measure.",MEAN,Standard Deviation,score on a scale,Other/unclear,False,4,4,4,False,0
NCT03321526,0,Time to All-Cause Discontinuation of Study Drug,Time to all-cause discontinuation of study drug is defined as the number of days from the first dose of study drug to the last dose of study drug. Participants who completed double-blind treatment were not considered to have discontinued.,Up to Week 24,Full analysis set included all randomized participants who received at least 1 dose of study drug except 2 participants who received potentially defective investigational products (IPs) and were subsequently discontinued early because of the IP issues.,MEDIAN,80% Confidence Interval,days,Other/unclear,False,2,0,2,False,1
NCT03429075,0,Percentage Change of the BOLD Signal,Patients were tested with functional magnetic resonance imaging (fMRI) to measure brain brain responses to emotional faces before and after the treatment. The 2 values of BOLD signal (before and after exposure to emotional faces) were used to estimate a percentage value per patient and then these were used to estimated a group percentage change.,Baseline measure vs 6 weeks post 1st psilocybin dosing,"The data obtained from an imaging group in the trial, in which functional MRI was used to predict responses to the trial drugs, have not been analyzed.",MEAN,Standard Deviation,percentage change in BOLD signal,Other/unclear,True,2,2,2,True,0
NCT03429075,1,Change in QIDS-16: Quick Inventory of Depressive Symptomatology Self-Rated (QIDS-16),"Change in QIDS-16 (self-rated measure of depressive symptoms). Scale is composed of 16 items that correlate with the 9 Diagnostic Statistical Manual (DSM-IV) symptom criteria for depression. Each response is graded 0-4 (none-severe symptoms). Questions 1-4 concern sleep disturbances, Question 5 addresses sad mood, Questions 6-9 appetite/weight, Question 10 concentration, Question 11 self-criticism, Question 12 suicidal ideation, Question 13 interest, Q14 energy/fatigue and Questions 15-16 psychomotor agitation/retardation. All questions that address the same topic are grouped and only the highest score from each group is summed up together with the other questions in order to produce a total score. Scores can range from 0-27 and depression severity is graded based on the total score in the following way: 1-5 = No depression 6-10 = Mild depression 11-15 = Moderate depression 16-20 = Severe depression 21-27 = Very severe depression

Lower score =better outcome (less depression)",Baseline vs 6 weeks post 1st psilocybin dosing,,MEAN,Standard Error,score on a scale,Other/unclear,True,2,2,2,True,1
NCT03433339,0,Montgomery Asberg Depression Rating Scale (MADRS) Score Change,"Difference in change from baseline to week 8 (or last available observation) in Montgomery Asberg Depression Rating Scale summed total scores scores between active and sham transcutaneous spinal direct current stimulation (tsDCS) groups. Scores range from 0 to 60, with higher scores indicating worse depressive symptom severity.",8 weeks (or last available observation).,All participants with at least one post baseline Montgomery Asberg Depression Rating Scale total scores assessment were included in the analysis.,LEAST_SQUARES_MEAN,Standard Error,summed total scores,MADRS,True,2,2,2,True,1
NCT03446846,0,Change in Montgomery-Asberg Depression Rating Scale (MADRS) Total Score,"The Montgomery-Asberg Depression Rating Scale (MADRS) is a validated, physician-rated scale designed to measure depression severity and detect changes due to antidepressant treatment. The test consists of 10 items, each scored from 0 (item not present or normal) to 6 (severe or continuous presence of the symptoms), for a total score of 60. Higher scores represent a more severe conditions. MADRS evaluates apparent sadness, reported sadness, inner tension, sleep, appetite, concentration, lassitude, interest level, pessimistic thoughts, and suicidal thoughts. The test exhibits high inter-rater reliability and its capacity to differentiate between responders and nonresponders to antidepressant treatment has been shown to be comparable to the Hamilton Rating Scale for Depression.",Week 6,ITT population: all randomized patients who received at least 1 dose of study drug.,MEAN,Standard Deviation,score on a scale,MADRS,True,3,3,3,True,0
NCT03538691,0,Phase C: Time-to-Relapse by Any Criteria as Defined in Blinded Addendum,"Relapse criteria included:At same visit, increase in Montgomery Asberg Depression Rating Scale\[MADRS\] total score(10 items, 0=no symptoms to 6=severe symptoms,total score=0 to 60)of 50% from randomization and Clinical Global Impression-Severity of Illness \[CGI-\](8-point scale of 0=not assessed to 7=most extremely ill)score ≥4,hospitalization for depression, discontinuation for lack of efficacy/worsening of depression, active suicidality(score of ≥4 on MADRS item10 of suicidality)or yes answered on question 4 or 5 of Columbia-Suicide Severity Rating Scale\[C-SSRS\](Suicidal Ideation \[SI\] has 5 questions: wish to be dead,non-specific active suicidal thoughts,active SI with any methods \[not plan\]without intent to act,active SI with some intent to act without specific plan,active SI with specific plan,intent)or yes answered to any question in suicidal behavior section (5 questions:preparatory acts/behavior,aborted attempt,interrupted attempt,actual attempt\[non-fatal\],completed suicide).",Up to 14 days post last dose in Phase C (up to 28 weeks),Phase C Efficacy Sample included all participants randomized to the double-blind treatment who had taken at least one dose of investigational medicinal product (IMP) in Phase C. Overall number of participants analyzed for median time to relapse is the number of participants with impending relapse.,MEDIAN,Full Range,days,Other/unclear,False,2,2,2,False,1
NCT03559192,0,Change From Treatment Baseline in Montgomery Asberg Depression Rating Scale (MADRS) Total Score at Treatment Week 6 in Participants Who Were Non-Responders During Placebo Lead-in Period,"The MADRS is a clinician-rated scale designed to measure depression severity and detects changes due to antidepressant treatment. The scale consists of 10 items, each of which is scored from 0 (item not present or normal) to 6 (severe or continuous presence of the symptoms), summed for a total possible score of 60. Higher scores represent a more severe condition. The MADRS evaluates apparent sadness, reported sadness, inner tension, sleep appetite, concentration, lassitude, inability to feel (interest level), pessimistic thoughts, and suicidal thoughts. Negative change from baseline indicates improvement.",Treatment Baseline up to Week 6 of DB-treatment period,"The enriched intent-to-treat (eITT) analysis set included all enrolled lead-in placebo non-responders who were randomized into a treatment period, received at least 1 dose of study medication, and had at least 1 post-baseline MADRS assessment during the treatment period. Here 'N' (number of participants analyzed) refers to the number of participants evaluable for this outcome measure.",LEAST_SQUARES_MEAN,Standard Error,scores on a scale,MADRS,True,2,2,2,False,1
NCT03569475,0,Change From Baseline in Children's Depression Rating Scale- Revised (CDRS-R),"The CDRS-R is a semi-structured, clinician-rated instrument designed for use with children and adolescents between the ages of 6-17 years. It contains 17 ordinally-scaled items that evaluate the presence and severity of symptoms commonly associated with childhood depression and is scored on a 1-to-5- or 1-to-7-point scale. Rating of 1 indicates normal function. The CDRS-R total score ranges from 17 to 113; higher score indicates more severe depression. A negative change from Baseline indicates improvement. Mixed Model for Repeated Measures (MMRM) was used for analysis.",Baseline (Week 0) to Week 8,ITT Population included all participants in the Safety Population who had the baseline and at least 1 postbaseline assessment of the CDRS-R total score. Overall number of participants analyzed are the number of participants with data available for analyses.,LEAST_SQUARES_MEAN,Standard Error,score on a scale,Other/unclear,True,3,3,3,False,2
NCT03586427,0,Change From Baseline in Montgomery-Asberg Depression Rating Scale (MADRS) Total Score,"The MADRS is a clinician-rated scale to assess depressive symptomatology during the preceding week. Participants are rated on 10 items (feelings of sadness, lassitude, pessimism, inner tension, suicidality, reduced sleep or appetite, difficulty concentrating, and lack of interest) each on a 7-point scale from 0 (no symptoms) to 6 (symptoms of maximum severity). The total score ranges from 0 to 60 with a higher score indicating more depression. A negative change score indicates improvement.",Baseline to Day 1,,LEAST_SQUARES_MEAN,Standard Error,score on a scale,MADRS,True,5,5,5,True,1
NCT03595579,0,MADRS Score - Overall Change From Baseline,"The primary objective of the study was to assess the effect of AXS-05 versus bupropion as measured by the Montgomery-Åsberg Depression Rating Scale (MADRS) for change in severity of depressive symptoms. The MADRS is a 10-item scale and items are scored between 0-6 points. For each item, a score of 0 indicates the absence of symptoms, and a score of 6 indicates symptoms of maximum severity. A maximum total score is 60 points.","Assessed at week 1, 2, 3, 4, 5 and 6 (averaged over the entire 6-week treatment period)",modified Intent-to-Treat (mITT) Population,MEAN,Standard Error,score on a scale,MADRS,True,2,2,2,True,1
NCT03672175,0,Change From Baseline in the 17-item HAM-D Total Score at Day 15,"The 17-item HAM-D is used to rate the severity of depression in participants who were already diagnosed as depressed. The HAM-D total score comprises a sum of the 17 individual item scores. 8 items scored in a range of 0 to 2 include: Insomnia (early, middle, late), somatic symptoms (gastrointestinal and general), genital symptoms, loss of weight, and insight. The following 9 items are scored in a range of 0 to 4: Agitation, depressed mood, feelings of guilt, suicide, work and activities, retardation, anxiety (psychic and somatic), and hypochondriasis. Total HAM-D score can range from 0 to 52, and higher scores indicate severe depression. A negative change from baseline indicates less depression.","Baseline (BL), Day 15","mFAS included all randomized participants with valid baseline HAM-D and at least 1 post-baseline HAM-D evaluation, with a total HAM-D score of at least 22 at baseline. Here, ""Overall number of participants analyzed"" is the number of participants with data available for analyses.",LEAST_SQUARES_MEAN,Standard Error,score on a scale,HAM-D/HDRS,True,3,3,3,False,2
NCT03697603,0,Mean Changes From Baseline (Week 8 of the Antidepressant Treatment Period [Phase A]) in the MADRS Total Scores at Week 6 of the Double-blind Period (Phase B).,"The MADRS was a clinician-rated scale which evaluated the level of depression. The MADRS consisted of 10 items assessing apparent sadness, reported sadness, inner tension, reduced sleep, reduced appetite, concentration difficulties, lassitude, inability to feel, pessimistic thoughts, suicidal thought. Each item was scored from 0 to 6, with higher scores indicating worse condition. Summed subscales were combined to compute a total score. Total score ranges from 0 to 60, with higher scores indicating worse condition.The mean changes were compared between antidepressant treatments and brexpiprazole as adjunctive therapy.","Baseline (the end of Phase A), at completion of administration (Week 6).",FAS (Same as Baseline Analysis Population Description),MEAN,Standard Error,Units on a scale,MADRS,True,3,3,3,True,2
NCT03726658,0,Part A: Change in MADRS Score at 1 Day the Initial Dose of AGN-241751 Reported as Change From Baseline in Treated Group Compared With Change From Baseline in Placebo Group,"Efficacy will be measured by improvement in Montgomery-Asberg Depression Rating Scale (MADRS) total score. The MADRS is a clinician-rated scale to assess depressive symptomatology during the preceding week. The MADRS score ranges from 0 to 60 with a higher score indicating greater depression. A negative change score indicates improvement. Results are reported as change from baseline in treated group compared to change from baseline in placebo, reported as least squares difference and (standard error) calculated from a mixed model-repeated measures analysis",Baseline (Day1) to Day 2,Modified Intent-to-Treat,LEAST_SQUARES_MEAN,Standard Error,score on a scale,MADRS,True,7,4,4,True,3
NCT03726658,1,Part B: Change From Baseline in MADRS Score at Day 8 Post the Initial Dose of AGN-241751 (i.e. 1 Day After the Seventh Daily Dose),Efficacy was measured by improvement in Montgomery-Asberg Depression Rating Scale (MADRS) total score. The MADRS is a clinician-rated scale to assess depressive symptomatology during the preceding week. The MADRS score ranges from 0 to 60 with a higher score indicating greater depression. A negative change score indicates improvement.,Baseline (Day 1) to Day 8,"Modified Intent-to-Treat, subjects who completed Day 8 assessments",LEAST_SQUARES_MEAN,Standard Error,score on a scale,MADRS,True,7,3,3,True,2
NCT03738215,0,Total Score Change From Baseline to Week 6 in the MADRS (Montgomery-Åsberg Depression Rating Scale),"The MADRS is a 10-item, clinician-rated scale that evaluates the patient's depressive symptomatology during the past week. Patients are rated on items assessing feelings of sadness, lassitude, pessimism, inner tension, suicidality, reduced sleep or appetite, difficulty in concentration, and lack of interest. Each item is scored on a 7-point scale with a score of 0 reflecting no symptoms and a score of 6 reflecting symptoms of maximum severity. mITT Population included all randomized participants who had ≥1 postbaseline assessment of the MADRS total score. Number of subjects analyzed are the number of participants with data available for analyses.",Baseline and Week 6,mITT population includes all randomized participants who had ≥ 1 postbaseline assessment of the MADRS total score.,LEAST_SQUARES_MEAN,Standard Error,score on a scale,MADRS,True,3,3,3,False,2
NCT03739203,0,Change From Baseline to Week 6 in the MADRS (Montgomery-Åsberg Depression Rating Scale) Total Score,"The MADRS is a 10-item, clinician-rated scale that evaluates the participant's depressive symptomatology during the past week. Participants were rated on items assessing feelings of sadness, lassitude, pessimism, inner tension, suicidality, reduced sleep or appetite, difficulty in concentration, and lack of interest. Each item was scored on a 7-point scale with a score of 0 reflecting no symptoms and a score of 6 reflecting symptoms of maximum severity. The total score ranges from 0 to 60 with a higher score indicating more depression. A negative change from Baseline indicates improvement. Mixed-effects Model for Repeated Measures (MMRM) was used for analyses.",Baseline and Week 6,mITT Population included all randomized participants who had ≥1 postbaseline assessment of the MADRS total score. Overall number of participants analyzed are the number of participants with data available for analyses.,LEAST_SQUARES_MEAN,Standard Error,score on a scale,MADRS,True,3,3,3,False,2
NCT03866174,0,Change in Central Rater Montgomery-Asberg Depression Rating Scale (MADRS) Total Score From Baseline to Post-dose Day 43,"The MADRS is a clinician-rated scale designed to measure depression severity and to detect changes due to antidepressant treatment. The scale consists of 10 items, each of which is scored from 0 (item not present or normal) to 6 (severe or continuous presence of the symptoms), for a total score range of 0-60. Higher scores represent a more severe condition. The total (composite) MADRS score is used as the endpoint.",Baseline; Day 43 post-dose,"All 104 randomized participants analyzed by randomized treatment assignment using a mixed-effect model for repeated measures under missing-at-random assumption. Number analyzed reflects the intent-to-treat analysis population, not observed cases at each timepoint.",LEAST_SQUARES_MEAN,Standard Error,units on a scale,MADRS,True,2,2,2,True,1
NCT03968159,0,Change From Baseline to Week 5 in Hamilton Depression Scale (17 Items) (HAMD-17) Total Score,The HAMD-17 consists of 8 items with a score on a 3 point scale and 9 items with a score on a 5 point scale. The total score ranging from 0 to 52 will be calculated as the sum of the scores for all 17 items. Higher total scores denote more severe depression.,"Baseline, Week 5","Full Analysis Set: all subjects who were randomized, received at least one dose of study drug, and had a baseline value and at least one postbaseline value for HAMD-17 total score.",LEAST_SQUARES_MEAN,Standard Error,score on a scale,HAM-D/HDRS,True,2,2,2,True,1
NCT04019704,0,Change in MADRS Total Score From Baseline to Week 6,"The primary objective of the study was to evaluate the efficacy of AXS-05 as measured by the Montgomery-Åsberg Depression Rating Scale (MADRS) for change in severity of depressive symptoms from baseline to Week 6. The MADRS is a 10-item scale and items are scored between 0-6 points. For each item, a score of 0 indicates the absence of symptoms, and a score of 6 indicates symptoms of maximum severity. A maximum total score is 60 points.",6 weeks,modified Intent-to-Treat (mITT) Population,LEAST_SQUARES_MEAN,Standard Error,score on a scale,MADRS,True,2,2,2,True,1
NCT04080752,0,Change From Baseline in Hamilton Depression Rating Scale-17 (HDRS-17) Total Score at Week 6,"Change from baseline in HDRS-17 total score at Week 6 was reported. The HDRS-17 is a clinician-administered rating scale designed to assess the severity of symptoms in participants diagnosed with depression with a score range of 0 to 52. Each of the 17 items is rated by the clinician on either a 3-point (0 to 2) or a 5-point scale (0 to 4). The point scale used a rating of 0 (absent), 1 (doubtful to mild), 2 (mild to moderate), 3 (moderate to severe), and 4 (very severe). A total score (range: 0 to 52) was calculated by adding the scores of all 17 items. For each item as well as the total score, a higher score represents a more severe condition (greater depression).",Baseline and Week 6,"The enriched analysis set (EAS) included all randomized participants who received at least 1 dose of study agent and had improvement in percent changes in HDRS17 total score less than (\<)25 percent (%) from screening to baseline and HDRS-17 total score greater than or equal to (\>=)18 at baseline. Here, 'N' (number of participants analyzed) signifies number of participants who were evaluable for this outcome measure.",LEAST_SQUARES_MEAN,Standard Error,Units on a scale,HAM-D/HDRS,True,2,2,2,True,1
NCT04103892,0,Part B - Change From Baseline in Montgomery-Asberg Depression Rating Scale (MADRS) Score,"The MADRS is a validated clinician-administered measurement of depression severity commonly used in clinical trials of depression treatments to select subjects and assess efficacy. The test consists of 10 items, each of which is scored from 0 (item not present or normal) to 6 (severe or continuous presence of the symptoms), for a total possible score of 60. Higher scores represent a more severe condition.",29 days,"The Full Analysis Set (FAS), which is a subset of the ITT Analysis Set, includes all data collected while on study drug for all randomized subjects who received at least 1 dose of study drug during Part B and have both Baseline and at least 1 post-baseline MADRS total score. This Analysis Set serves as the principal analysis set for inference.",LEAST_SQUARES_MEAN,Standard Error,units on a scale,MADRS,True,2,2,2,False,1
NCT04116528,0,"Change in Scale for Suicidal Ideation (SSI) Total Scores Will be Analyzed as the Primary Outcome Measure Using Mixed Effects Models,","Analyses included a modified intention-to-treat population, defined as all randomized participants who received one week of treatment and completed the week 1 assessment of buprenorphine or placebo. A linear mixed-effects model tested the primary hypothesis of efficacy, measured by change in SSI total scores. The model included random effects for patient and fixed effects for treatment group, time as a continuous variable (days of study: 1, 3, 10, 17, 24, 31), and the time-by-treatment group interaction, along with an unstructured covariance matrix. The SSI has 19 items, each scored 0-2, for a maximum of 38 points. Higher scores indicate worse suicidal ideation.",Day 1 and 31,"Participants who completed at least 1 week of buprenorphrine or placebo, and completed at least 1 post-ketamine SSI assessment",MEAN,Standard Deviation,score on a scale,Other/unclear,True,2,4,4,True,1
NCT04221230,0,Change From Baseline in Hamilton Depression Rating Scale (HAMD-17) Total Score at Weeks 8,"The HAMD-17 was a 17-item clinician-rated instrument used to assess the range of symptoms that were most frequently observed in participants with major depression. All items were scored on an ordinal scale between 0 and 4 (9 items) or 0 and 2 (8 items) of increasing severity. Each of 17 items was rated by clinician with rating of 0: absent, 1: doubtful to mild, 2: mild to moderate, 3: moderate to severe, and 4: very severe. A total score (0 to 52) was calculated by adding scores of all 17 items, where 0 indicated no depression and 52 indicated severe depression. Higher score represents more severe condition. Baseline is defined as the latest non-missing measurement prior to or within 1 hour of the first administration of study drug. Change from Baseline is defined as post dose visit value minus Baseline value.",Baseline and at Week 8,Final Efficacy population comprised of the Full Efficacy population but excluded 5 subjects from a single site due to GCP noncompliance that compromised data integrity. Only those participants with data available at specified time points has been presented.,LEAST_SQUARES_MEAN,Standard Error,Scores on a scale,HAM-D/HDRS,True,2,2,2,True,1
NCT04244253,0,Mean Change From Baseline in Montgomery-Åsberg Depression Rating Scale (MADRS) Total Score at Week 6 of the Double-blind Treatment Period,"The MADRS was a clinician-rated scale which evaluated the level of depression. The MADRS consists of following 10 depressive symptoms on 7 scales of 0 to 6, with higher scores indicating worse condition.

1\. Apparent sadness, 2. Reported sadness, 3. Inner tension, 4. Reduced sleep, 5. Reduced appetite, 6. Concentration difficulties, 7. Lassitude, 8. Inability to feel, 9. Pessimistic thoughts, and 10. Suicidal thoughts

Summed subscales were combined to compute a total score. Total score ranges form 0 to 60, with higher scores indicating worse condition.","Baseline, Week 1, 2, 3, 4, 5, and 6",The full analysis set (FAS) includes all subjects who were administered at least 1 dose of double-blind IMP and have MADRS total scores at baseline and at least one time point after the start of double-blind treatment. FAS excluded one subject in the placebo group for whom no MADRS total score was obtained after start of double-blind treatment.,MEAN,Standard Error,Units on a scale,MADRS,True,3,18,18,True,1
NCT04338321,0,Percentage of Participants With Remission as Assessed by the Montgomery-Asberg Depression Rating Scale (MADRS) Score at Week 8,"Percentage of participants with remission as assessed by the MADRS at Week 8 was reported. The MADRS is a clinician-rated scale designed to measure depression severity and to detect changes due to antidepressant treatment. The scale consists of 10 items, each of which is scored from 0 (item is not present or is normal) to 6 (severe or continuous presence of the symptoms), for a total possible score of 60. Higher scores represent a more severe condition. The MADRS evaluates apparent sadness, reported sadness, inner tension, sleep, appetite, concentration, lassitude, interest level, pessimistic thoughts, and suicidal thoughts. A participant was defined as being in remission if the MADRS total score was less than or equal to (\<=)10 and no treatment or study discontinuation before Week 8.",Week 8,The full analysis set (FAS) included all randomized participants.,NUMBER,,Percentage of participants,MADRS,False,2,2,2,True,1
NCT04345471,0,Changes in Total MADRS Score From the Baseline to Week 8 Visit During the Treatment Period,"Montgomery-Asberg Depression Rating Scale (MADRS) Total Score: Scale ranges from 0 to 60 with a higher score indicating worsening symptoms of depression. Estimates were based on a Mixed-effects Model for Repeated Measures (MMRM) model with the treatment group, assessment timepoint, and the interaction between the treatment group and assessment timepoint as a factor and total MADRS score at baseline as a covariate.",8 weeks,"Of subjects registered for randomization, those meeting all the following items were included in the full analysis set (FAS).

1. Subjects who received the investigational drug at least once during the treatment period.
2. Subjects who were evaluated for the total MADRS score at the baseline and at least one timepoint after the start of the treatment period.",LEAST_SQUARES_MEAN,Standard Error,Score on a scale,MADRS,True,3,3,3,True,2
NCT04345471,1,Number of Participants With Adverse Events (AEs),"An adverse event is any undesirable or unintended sign (including abnormal findings in general laboratory tests, body weight, and standard 12-lead ECG), symptom, or disease in a subject given the investigational drug, irrespective of the causal relationship to the investigational drug.",10 weeks,"Of subjects registered for randomization, those meeting all the following items will be included in the safety analysis set in treatment period.

1. Subjects who have received the investigational drug at least once during the treatment period.
2. Subjects in whom the safety evaluation data after the dose of the investigational drug in the treatment period are available.",COUNT_OF_PARTICIPANTS,,Participants,Other/unclear,False,3,3,3,True,0
NCT04395183,0,17-Item Hamilton Depression Rating Scale Responders,"Hamilton Depression Rating Scale response rate: proportion of participants exhibiting \>=50% reduction in baseline score; maximum possible score is 52, minimum possible score is 0. Higher scores suggest more severe depression.",8 weeks,The number of participants analyzed is less than the number of participants enrolled because of attrition in each group. Arm 1 lost one participant. Arm 2 lost one participant. Arm 3 lost two participants. Arm 4 lost two participants.,COUNT_OF_PARTICIPANTS,,Participants,HAM-D/HDRS,False,4,4,4,True,0
NCT04437485,0,Hemoglobin A1c at 6 Months,"Fasting blood samples were collected, and whole blood and plasma aliquots were frozen. Hemoglobin A1c will be measured by a standard method. A1c is the primary outcome because: (1) it is the gold standard measure of glycemia and a common surrogate endpoint, (2) it strongly predicts future diabetes, (3) interventions decreasing A1c improve clinical diabetes endpoints, and (4) diabetes prevention interventions targeting glycemic control result in lower rates of progression from prediabetes to type 2 diabetes. Higher hemoglobin A1c values indicate greater diabetes risk.",6 months,,MEAN,Standard Deviation,% (percentage of total hemoglobin),Other/unclear,False,2,2,2,True,1
NCT04442490,0,Change From Baseline in the 17-item HAM-D Total Score at Day 15,"The 17-item HAM-D scale is used to assess the severity of depression. It is comprised of individual ratings related to the following symptoms: depressed mood, feelings of guilt, suicide, insomnia, work and activities, retardation, agitation, anxiety, somatic symptoms, genital symptoms, hypochondriasis, loss of weight, and insight. Individual items are scored on either a 3-point (0 to 2) or a 5-point scale (0 to 4), with 0=none/absent and 4=most severe. The total HAM-D score is the sum of individual items, ranging from 0 to 52; where a higher score indicates more depression. A negative change indicates improvement. A mixed Model for Repeated Measures (MMRM)was used for the analysis.","Baseline, Day 15",The FAS included all randomized participants who were administered IP with valid baseline HAM-D total score and had at least 1 valid post-baseline HAM-D total score. Overall number of participants analyzed are the number of participants with data available for analysis.,LEAST_SQUARES_MEAN,Standard Error,score on a scale,HAM-D/HDRS,True,2,2,2,True,1
NCT04476030,0,Change From Baseline in the HAMD-17 Total Score at Day 3,"The 17-item HAM-D scale is used to assess the severity of depression. It is comprised of individual ratings related to following symptoms: depressed mood, feelings of guilt, suicide, insomnia, work and activities, retardation, agitation, anxiety, somatic symptoms, genital symptoms, hypochondriasis, loss of weight, and insight. Individual items are scored on either 3-point (0=none to 2=severe) or 5-point scale (0=none/absent to 4=most severe). Total score is the sum of individual items, ranging from 0 (not depressed) to 52 (severely depressed); where a higher score indicates more depression. A negative change from baseline indicated improvement. Least Squares (LS) mean was estimated using mixed effects model for repeated measures (MMRM) analysis.","Baseline, Day 3","Full analysis set included all randomized participants who administered blinded IP with a valid baseline total score and at least 1 valid postbaseline total score in at least 1 of HAMD-17, HAM-A, MADRS, 9-item Patient Health Questionnaire (PHQ-9) or had a valid baseline and at least 1 valid postbaseline value in at least 1 of CGI-S or Clinical Global Impression - Improvement (CGI-I) score. Overall number of participants analyzed is the number of participants with data available for analysis.",LEAST_SQUARES_MEAN,Standard Error,score on a scale,HAM-D/HDRS,True,2,2,2,True,1
NCT04479852,0,Change From Baseline to Week 4 in Montgomery Asberg Depression Rating Scale (MADRS) Total Score,"The Montgomery Asberg Depression rating scale is a 10-item scale used to assess the severity of depression. Individual items are scored on a 7-point scale (0 to 6). The total score is the sum of individual items, ranging from 0 to 60; where a higher score indicates more depression.",Baseline to Week 4,"Modified Intent To Treat population - all subjects who are randomized to receive treatment, receive at least one dose of study drug, and have a Baseline and at least one post-dose efficacy assessment.",LEAST_SQUARES_MEAN,Standard Error,Score on a scale,MADRS,True,2,2,2,True,1
NCT04504253,0,HAMD-17,17-item Hamilton Depression Rating Scale; Maximum Score 54. Minimum Score 0. Higher scores are correlated with more severe depression,6 weeks,,MEAN,Standard Deviation,score on a scale,HAM-D/HDRS,False,2,2,2,True,0
NCT04521478,0,Change From Baseline in Montgomery-Åsberg Depression Rating Scale (MADRS) Total Score at Week 6,"Change from baseline in MADRS total score at Week 6 is reported. The MADRS evaluates core symptoms of depression and consists of 10 items. Nine of them are based upon participant reports, and one is on the rater's observation (apparent sadness) during the rating interview. MADRS items are rated on a 0-6 continuum (0=no abnormality, 6=severe). The possible total score could range from 0 (normal with absence of symptoms) to 60 (severe depression).

Least squares mean and adjusted standard error were estimated by Restricted Maximum Likelihood (REML)-based Mixed effects model for repeated measures (MMRM) including the fixed categorical effects of treatment, concomitant psychotherapy use (yes vs. no), and the fixed continuous effect of baseline MADRS total score. Visit was treated as a repeated measure with an unstructured covariance matrix. The Kenward-Roger approximation was used to estimate the denominator degrees of freedom and adjust standard errors.","MMRM included measurements from baseline (Week 0) and at Weeks 1, 2, 4 and 6 after first drug administration. MMRM estimates of change from baseline to Week 6 is reported.","Full analysis set (FAS): all participants in TS that have a baseline and at least one evaluable post-baseline measurement. As per protocol, data from participants assigned to the quetiapine arm were not included in the primary endpoint.",LEAST_SQUARES_MEAN,Standard Error,Units on a scale,MADRS,True,5,5,5,False,9
NCT04533529,0,Double Blind (DB) Treatment Phase: Change From Baseline to Day 43 in Montgomery- Asberg Depression Rating Scale (MADRS) Total Score- Estimand 1,"The MADRS is a clinician-rated scale designed to measure depression severity and detected changes due to antidepressant intervention. Scale has 10 items(apparent sadness, reported sadness, inner tension, reduced sleep, reduced appetite, concentration difficulties, lassitude, inability to feel, pessimistic thoughts, and suicidal thoughts) each of which was scored from 0 (not present or normal) to 6 (severe or continuous presence of symptoms). MADRS total score is sum of scores from individual question items, which ranged from 0 to 60. Higher scores indicates more severe condition. Negative changes in MADRS total score indicates improvement.","Baseline (Day 1), Day 43","Full analysis set (FAS) 1 included all randomized participants with major depressive disorder with insomnia symptoms (MDDIS) per interactive web response system (IWRS) who received at least 1 dose of study intervention in the DB treatment phase and had a baseline MADRS total score greater than equal to (\>=24) per IWRS. Here, 'N' (overall number of participants analyzed) signifies the number of participants evaluable for this outcome measure.",MEAN,Standard Deviation,Units on a scale,MADRS,True,2,2,2,False,1
NCT04533529,1,Open Label (OL) Treatment Phase: Number of Participants With Treatment Emergent Adverse Events (TEAEs),An adverse event (AE) was defined as any untoward medical occurrence in a clinical study participants administered a medicinal (investigational or non-investigational) product. An AE does not necessarily have a causal relationship with the study drug. Treatment emergent AEs was defined as any AE occurred at or after the initial administration of study intervention through the day of last dose plus 2 days.,From start of the treatment in OL phase (OL Day 1 [Day 43 from study baseline]) up to 2 days after last dose in OL phase (up to 52.28 weeks),The safety (OL) analysis set included all randomized participants who received at least 1 dose of study intervention in the OL phase.,COUNT_OF_PARTICIPANTS,,Participants,Other/unclear,False,2,2,2,False,0
NCT04533529,2,OL Treatment Phase: Number of Participants With Treatment-Emergent Adverse Events of Special Interest (AESI),"AE was defined as any untoward medical occurrence in a clinical study participants administered a medicinal (investigational or non-investigational) product. An AE does not necessarily have a causal relationship with the study drug. Treatment emergent AEs was defined as any AE occurred at or after the initial administration of study intervention through the day of last dose plus 2 days. The AEs considered to be of special interest: cataplexy, sleep paralysis, complex, sleep-related behaviors/parasomnias such as confusional arousals, somnambulism, sleep terrors, bruxism, sleep sex, sleep-related eating disorder, and catathrenia, fall, motor vehicle accident.",From start of the treatment in OL phase (OL Day 1 [Day 43 from study baseline]) up to 2 days after last dose in OL phase (up to 52.28 weeks),The safety (OL) analysis set included all randomized participants who received at least 1 dose of study intervention in the OL phase.,COUNT_OF_PARTICIPANTS,,Participants,Other/unclear,False,2,2,2,False,0
NCT04533529,3,OL Treatment Phase: Change From Baseline in Vital Signs: Blood Pressure,Change from baseline in vital signs: systolic/diastolic blood pressure were reported. Blood pressure measurements were assessed with the participant in a sitting position using a completely automated device.,OL Baseline (OL Day 1 [Day 43 from study baseline]) and Week 52,"The safety (OL) analysis set included all randomized participants who received at least 1 dose of study intervention in the OL phase. Here, 'N' (overall number of participants analyzed) signifies the number of participants evaluable for this outcome measure.",MEAN,Standard Deviation,Millimeters of mercury (mmHg),Other/unclear,True,2,4,4,False,0
NCT04533529,4,OL Treatment Phase: Change From Baseline: Body Mass Index (BMI),Change from baseline in BMI were reported.,OL Baseline (OL Day 1 [Day 43 from study baseline]) and Week 52,"The safety (OL) analysis set included all randomized participants who received at least 1 dose of study intervention in the OL phase. Here, 'N' (overall number of participants analyzed) signifies the number of participants evaluable for this outcome measure.",MEAN,Standard Deviation,Kilogram per square meter(kg/m^2),Other/unclear,True,2,2,2,False,0
NCT04533529,5,OL Treatment Phase: Change From Baseline in Vital Signs: Temperature,Change from baseline in vital signs: temperature were reported.,OL Baseline (OL Day 1 [Day 43 from study baseline]) and Week 52,"The safety (OL) analysis set included all randomized participants who received at least 1 dose of study intervention in the OL phase. Here, 'N' (overall number of participants analyzed) signifies the number of participants evaluable for this outcome measure.",MEAN,Standard Deviation,Degree Celsius (C),Other/unclear,True,2,2,2,False,0
NCT04533529,6,OL Treatment Phase: Change From Baseline in Vital Signs: Pulse Rate,Change from baseline in vital signs: pulse rate were reported. Pulse rate measurements were assessed with the participant in a sitting position using a completely automated device.,OL Baseline (OL Day 1 [Day 43 from study baseline]) and Week 52,"The safety (OL) analysis set included all randomized participants who received at least 1 dose of study intervention in the OL phase. Here, 'N' (overall number of participants analyzed) signifies the number of participants evaluable for this outcome measure.",MEAN,Standard Deviation,Beats/min,Other/unclear,True,2,2,2,False,0
NCT04533529,7,OL Treatment Phase: Change From Baseline in Weight,Change from baseline in weight was reported.,OL Baseline (OL Day 1 [Day 43 from study baseline]) and Week 52,"The safety (OL) analysis set included all randomized participants who received at least 1 dose of study intervention in the OL phase. Here, 'N' (overall number of participants analyzed) signifies the number of participants evaluable for this outcome measure.",MEAN,Standard Deviation,Kilogram (Kg),Other/unclear,True,2,2,2,False,0
NCT04533529,8,OL Treatment Phase: Change From Baseline in Waist Circumference,Change from baseline in waist circumference were reported.,OL Baseline (OL Day 1 [Day 43 from study baseline]) and Week 52,"The safety (OL) analysis set included all randomized participants who received at least 1 dose of study intervention in the OL phase. Here, 'N' (overall number of participants analyzed) signifies the number participants evaluable for this outcome measure.",MEAN,Standard Deviation,Centimeter (Cm),Other/unclear,True,2,2,2,False,0
NCT04533529,9,OL Treatment Phase: Number of Participants With Shift From Baseline in Suicidal Ideation and Behavior Using the Columbia Suicide Severity Rating Scale (C-SSRS),"C-SSRS is a clinician-rated instrument that reports severity and frequency of suicide-related ideation and behaviors. Suicidal ideation was classified on a 5-item scale: 1 (wish to be dead), 2 (non-specific active suicidal thoughts), 3 (suicidal ideation without plan and intent), 4 (suicidal ideation intent to act without plan), and 5 (suicidal ideation with plan and intent), Suicidal behavior is classified on a 5-item scale: 6 (preparatory acts or behavior), 7 (aborted attempt), 8 (interrupted attempt), 9 (actual attempt), and 10 (suicide). Total score from 10 categories was summarized into 3 categories: No suicidal ideation or behavior(0), suicidal ideation (1-5), suicidal behavior (6-10). Total score ranged from 0 to 10, higher total scores indicate more suicidal ideation and/or suicidal behavior. Categories with at least 1 non-zero data values are reported.",From DB Baseline (Day 1) up to Week 52,"The safety (OL) analysis set included all randomized participants who received at least 1 dose of study intervention in the OL phase. Here, 'N' (overall number of participants analyzed) signifies the number of participants evaluable for this outcome measure and 'n' (number analyzed) signifies number of participants analyzed for specified category.",COUNT_OF_PARTICIPANTS,,Participants,Other/unclear,False,2,12,12,False,0
NCT04533529,10,OL Follow Up Phase: Physician Withdrawal Checklist (PWC-20) Total Scores at Start of OL Follow Up,"The PWC-20 was a simple and accurate method used to assess potential withdrawal symptoms following cessation of treatment. The PWC-20 was a reliable and sensitive instrument for the assessment of discontinuation symptoms. The assessment has 20 items (loss of appetite, nausea-vomiting, diarrhea, anxiety-nervousness, irritability, dysphoric mood-depression, insomnia, fatigue, poor coordination, restlessness, diaphoresis, tremor, dizziness, headaches, muscle aches or stiffness, weakness, increased acuity sound smell touch, paresthesia, difficulty concentrating-remember, depersonalization-derealization) evaluated to detect withdrawal symptoms. Symptoms are rated on a scale: 0-3, 0 =not present, 1=mild, 2 =moderate, and 3 =severe. The total PWC-20 score was the sum of 20 item scores and ranged from 0 to 60. The higher score indicates more severe symptoms.",Start of OL Follow Up (Week 52),"The follow-up analysis set included all randomized participants who entered the follow-up phase after open-label treatment phase. Here, 'N' (overall number of participants analyzed) signifies the number of participants evaluable for this outcome measure.",MEAN,Standard Deviation,Units on a scale,Other/unclear,False,2,2,2,False,0
NCT04533529,11,OL Follow Up Phase: Physician Withdrawal Checklist (PWC-20) Total Scores at Follow up Visit 1,"The PWC-20 was a simple and accurate method used to assess potential withdrawal symptoms following cessation of treatment. The PWC-20 was a reliable and sensitive instrument for the assessment of discontinuation symptoms. The assessment has 20 items (loss of appetite, nausea-vomiting, diarrhea, anxiety-nervousness, irritability, dysphoric mood-depression, insomnia, fatigue, poor coordination, restlessness, diaphoresis, tremor, dizziness, headaches, muscle aches or stiffness, weakness, increased acuity sound smell touch, paresthesia, difficulty concentrating-remember, depersonalization-derealization) evaluated to detect withdrawal symptoms. Symptoms are rated on a scale: 0-3, 0 =not present, 1=mild, 2 =moderate, and 3 =severe. The total PWC-20 score was the sum of 20 item scores and ranged from 0 to 60. The higher score indicates more severe symptoms.",Follow up Visit 1: 1 day after end of OL phase (Week 52.14),"The follow-up analysis set included all randomized participants who entered the follow-up phase after open-label treatment phase. Here, 'N' (overall number of participants analyzed) signifies the number of participants evaluable for this outcome measure.",MEAN,Standard Deviation,Units on a scale,Other/unclear,False,2,2,2,False,0
NCT04533529,12,OL Follow Up Phase: Physician Withdrawal Checklist (PWC-20) Total Scores at Follow up Visit 2,"The PWC-20 was a simple and accurate method used to assess potential withdrawal symptoms following cessation of treatment. The PWC-20 was a reliable and sensitive instrument for the assessment of discontinuation symptoms. The assessment has 20 items (loss of appetite, nausea-vomiting, diarrhea, anxiety-nervousness, irritability, dysphoric mood-depression, insomnia, fatigue, poor coordination, restlessness, diaphoresis, tremor, dizziness, headaches, muscle aches or stiffness, weakness, increased acuity sound smell touch, paresthesia, difficulty concentrating-remember, depersonalization-derealization)evaluated to detect withdrawal symptoms. Symptoms are rated on a scale: 0-3, 0 =not present, 1=mild, 2 =moderate, and 3 =severe. The total PWC-20 score was the sum of 20 item scores and ranged from 0 to 60. The higher score indicates more severe symptoms.",Follow Up Visit 2: 2 weeks after end of OL phase (Week 54),"The follow-up analysis set included all randomized participants who entered the follow-up phase after open-label treatment phase. Here, 'N' (overall number of participants analyzed) signifies the number of participants evaluable for this outcome measure.",MEAN,Standard Deviation,Units on a scale,Other/unclear,False,2,2,2,False,0
NCT04533529,13,OL Treatment Phase: Number of Participants With Electrocardiogram (ECG) Abnormalities,Number of participants with ECG abnormalities during OL treatment phase was reported. ECG abnormalities were assessed as per investigator's discretion.,Week 52,"The safety (OL) analysis set included all randomized participants who received at least 1 dose of study intervention in the OL phase. Here, 'N' (overall number of participants analyzed) signifies the number of participants evaluable for this outcome measure.",COUNT_OF_PARTICIPANTS,,Participants,Other/unclear,False,2,2,2,False,0
NCT04533529,14,OL Treatment Phase: Number of Participants With Clinically Significant Laboratory Abnormalities,"Laboratory parameters: hematology (platelet count, red blood cell \[RBC\] count, hemoglobin, hematocrit, neutrophils (Segmented/Leukocytes), lymphocytes, monocytes, eosinophils/leukocytes \[Eos/Leu\], basophils, Reticulocytes/ Erythrocytes \[Reti/Ery\]); chemistry (sodium, potassium, chloride, bicarbonate, creatinine, Creatine Kinase, glucose, aspartate transaminase \[AST\], alanine transaminase \[ALT\], gamma-glutamyl transferase \[GGT\], alkaline phosphatase, total bilirubin, phosphate, albumin, total protein, total cholesterol, high-density lipoprotein, low-density lipoprotein, Triglycerides); urine (specific gravity, pH, glucose, blood, bilirubin, urobilinogen, RBC). Clinically significant abnormalities (low/high) were determined at the investigator's discretion. Only those categories in which at least one participant had data were reported in this outcome measure.",From DB Baseline (Day 1) to Week 52,"The safety (OL) analysis set included all randomized participants who received at least 1 dose of study intervention in the OL phase. Here, 'n' (number analyzed) signifies number of participants analyzed for specified category.",COUNT_OF_PARTICIPANTS,,Participants,Other/unclear,False,2,62,62,False,0
NCT04533529,15,OL Treatment Phase: Number of Participants With Sexual Dysfunction as Determined by Arizona Sexual Experiences Scale (ASEX) Score,"ASEX is a five-item rating scale that quantifies sex drive, arousal, vaginal lubrication/penile erection, ability to reach orgasm, and satisfaction from orgasm. Each of the 5 items is rated on a 6-point Likert scale, ranging from 1 to 6. The 5 items are summed to create a total score, ranging from 5 to 30, with the higher scores indicating more sexual dysfunction. Sexual dysfunction is defined as an ASEX total score of 19 or greater, or a score of 5 or greater on any item, or a score of 4 or greater on any 3 items.",Week 52,"The safety (OL) analysis set included all randomized participants who received at least 1 dose of study intervention in the OL phase. Here, 'N' (overall number of participants analyzed) signifies the number of participants evaluable for this outcome measure.",COUNT_OF_PARTICIPANTS,,Participants,Other/unclear,False,2,2,2,False,0
NCT04688164,0,Change in the MADRS10 Total Score From Baseline to Day 28,"Therapeutic efficacy of REL-1017 as adjunctive treatment versus placebo in the Montgomery-Asberg Depression Rating Scale (MADRS10)

A higher MADRS score indicates more severe depression, and each item yields a score of 0 to 6. The overall score ranges from 0 to 60 with scores above 34 indicating severe depression.

A negative change from baseline indicates improvement.",Day 28,Full Analysis Set: defined as all subjects who received at least one dose of study medication and were assessed for the primary efficacy endpoint at both Baseline and Day 28,MEAN,Standard Deviation,score on a scale,MADRS,True,2,2,2,False,0
NCT04985942,0,Montgomery-Åsberg Depression Rating Scale,Change from baseline to Day 43 in the Montgomery-Åsberg Depression Rating Scale (MADRS) total score. The MADRS is a clinician-rated 10 item scale to assess depressive symptoms. Each item is rated on a 7-point scale from 0-6. The total score ranges from 0 to 60 with a higher score indicating increased severity of depressive symptoms.,Day 43,"The analysis of the primary and secondary efficacy outcome measures are based on the Modified Intent-to-Treat (mITT) Population which included 481 randomized patients. The mITT Population includes all randomized patients who received at least 1 dose of study drug, had a baseline MADRS total score, and who had at least one on-study drug, postbaseline MADRS total score.",LEAST_SQUARES_MEAN,Standard Error,score on a scale,MADRS,False,2,2,2,True,1
NCT05061706,0,Montgomery-Asberg Depression Rating Scale,Change from baseline to Day 43 in the Montgomery-Åsberg Depression Rating Scale (MADRS) total score. The MADRS is a clinician-rated 10 item scale to assess depressive symptoms. Each item is rated on a 7-point scale from 0-6. The total score ranges from 0 to 60 with a higher score indicating increased severity of depressive symptoms.,Day 43,"The analysis of the primary and secondary efficacy outcome measures are based on the Modified Intent-to-Treat (mITT) Population which included 469 patients. The mITT Population includes all randomized patients who received at least 1 dose of study drug, had a baseline MADRS total score, and who had at least one on-study drug, postbaseline MADRS total score.",LEAST_SQUARES_MEAN,Standard Error,units on a scale,MADRS,False,2,2,2,True,1
NCT05081167,0,Change in the MADRS10 Total Score From Baseline to Day 28,"Therapeutic efficacy of REL-1017 as monotherapy versus placebo in the Montgomery-Asberg Depression Rating Scale (MADRS10).

A higher MADRS score indicates more severe depression, and each item yields a score of 0 to 6. The overall score ranges from 0 to 60 with scores above 34 indicating severe depression.

A negative change from baseline indicates improvement.",Day 28,Full Analysis Set: defined as all subjects who received at least one dose of study medication and were assessed for the primary efficacy endpoint at both Baseline and Day 28,MEAN,Standard Deviation,score on a scale,MADRS,True,2,2,2,False,0
NCT05165394,0,"Change in Anhedonia Severity, as Measured by Change in DARS Score From Baseline to Day 57","The DARS is a dynamic scale that measured desire, motivation, effort and consummatory pleasure across hedonic domains. The DARS is a self-report questionnaire that measured anhedonia across 4 domains: hobbies/past-times, food/drinks, social activities, and sensory experiences. The DARs was rated on a five-point Likert scale from 0 (not at all) to 4 (very much), higher values indicating less anhedonia. All items were summed up to a total score in the range of 0 to 68.","Baseline, Day 57","Full Analysis Set (FAS): All randomized participants. Here, 'Overall number of participants analyzed' = participants evaluable for specified outcome measure.",LEAST_SQUARES_MEAN,Standard Error,units on a scale,Other/unclear,True,2,2,2,True,1
NCT05455684,0,Change From Baseline to Day 43 in the Montgomery-Asberg Depression Rating Scale (MADRS) Total Score,"The MADRS is a clinician-rated scale designed to measure depression severity and detect changes due to antidepressant treatment. The scale consists of 10 items (apparent sadness, reported sadness, inner tension, reduced sleep, reduced appetite, concentration difficulties, lassitude, inability to feel, pessimistic thoughts, and suicidal thoughts), each of which is scored from 0 (item not present or normal) to 6 (severe or continuous presence of symptoms). MADRS total score is the sum of scores from individual question items, which ranges from 0 to 60; higher scores represent a more severe condition. Negative change in MADRS total score indicates improvement.",Baseline (Day 1) to Day 43,"Full analysis set (ANH+) included all adult randomized participants with MDD ANH+ who received at least 1 dose of study intervention. Here, 'N' (overall number of participants analyzed) signifies number of participants evaluable for this outcome measure.",LEAST_SQUARES_MEAN,Standard Error,Units on a scale,MADRS,True,2,2,2,True,1
NCT05550532,0,Change From Baseline to Day 43 in the Montgomery-Asberg Depression Rating Scale (MADRS) Total Score,"The MADRS is a clinician-rated scale designed to measure depression severity and detect changes due to antidepressant treatment. The scale consists of 10 items (apparent sadness, reported sadness, inner tension, reduced sleep, reduced appetite, concentration difficulties, lassitude, inability to feel, pessimistic thoughts, and suicidal thoughts), each of which is scored from 0 (item not present or normal) to 6 (severe or continuous presence of symptoms). MADRS total score is the sum of scores from individual question items, which ranges from 0 to 60; higher scores represent a more severe condition. Negative change in MADRS total score indicates improvement.",Baseline (Day 1) to Day 43,"Full analysis set (ANH+) included all adult randomized participants in rest of the world (ROW; countries/territories other than China) with MDD ANH+ who received at least 1 dose of study intervention. Here, 'N' (overall number of participants analyzed) signifies number of participants evaluable for this outcome measure.",LEAST_SQUARES_MEAN,Standard Error,Units on a scale,MADRS,True,2,2,2,True,1
NCT05680727,0,Montgomery-Åsberg Depression Rating Scale (MADRS),"Depression severity rating scale (0-60, higher numbers indicate higher severity). The primary outcome measure was the baseline-adjusted MADRS score one month after treatment. The primary analysis of this primary outcome measure was the effect size of connectivity-based targeting.","Baseline, one month after treatment",,MEDIAN,Inter-Quartile Range,Scores on scale,MADRS,False,2,4,4,True,0
NCT05686408,0,Montgomery Asberg Depression Rating Scale (MADRS),Change from Baseline (Visit 2) in the MADRS total score at Week 6. Scores range from 0 to 60. Lower scores indicate less depression.,Day 1 and Week 6,"Results reported for ITT population, which includes all randomized patients who received at least one dose of IP.",LEAST_SQUARES_MEAN,Standard Error,units on a scale,MADRS,False,2,2,2,True,0
NCT06126497,0,Number of Participants With Treatment-Emergent Adverse Events,Participants with at least one Treatment-emergent adverse events (TEAEs) reported during the duration of the study.,From Screening to Day 21,The analysis population considered is Safety Set which included all participants who received any study drug.,COUNT_OF_PARTICIPANTS,,Participants,Other/unclear,False,3,3,3,True,0
NCT06280235,0,Change From Baseline in MADRS Total Score at Week 6,"Montgomery-Åsberg Depression Rating Scale (MADRS) is a clinician-reported interview guide which evaluates core symptoms of depression. It consists of 10 items and each item is rated on a scale from 0 (no abnormality) to 6 (severe). The possible total score could range from 0 to 60 (from normal with absence of symptoms to severe depression).

The Least Squares Mean (95 % confidence interval) were estimated by restricted maximum likelihood-based mixed model for repeated measures (REML-based MMRM) which includes the fixed categorical effects of treatment at each time point, cohort (with/without lead-in phase), and fixed continuous effects of baseline MADRS total score at each time point. The time point is treated as the repeated measure with an unstructured covariance structure used to model the within-patient measurements.","MMRM included measurements from baseline and Day 8, Week 4, Week 6 after first drug administration. MMRM estimates of change from baseline to Week 6 in MADRS total score is reported.",The primary analysis set (PAS) comprises all randomised participants who received at least one dose of IMP during the trial and had a baseline MADRS total score ≥24. All participants in the PAS are included in the MMRM analyses.,LEAST_SQUARES_MEAN,95% Confidence Interval,units on a scale,MADRS,True,4,4,4,True,8
NCT06340958,0,Change From Baseline in Montgomery-Asberg Depression Rating Scale (MADRS) Score,"The MADRS is a validated clinician-administered measurement of depression severity commonly used in clinical trials of depression treatments to select subjects and assess efficacy. The test consists of 10 items, each of which is scored from 0 (item not present or normal) to 6 (severe or continuous presence of the symptoms), for a total possible score of 60. Higher scores represent a more severe condition.",29 days,"Double-Blind Efficacy (DBE) Analysis Set, a subset of the Intention to treat (ITT) population",LEAST_SQUARES_MEAN,Standard Error,units on a scale,MADRS,True,2,2,2,True,1
NCT06558344,0,Change From Baseline in MADRS Total Score at Week 6,"The change from baseline at Week 6 in the total Montgomery-Åsberg Depression Rating Scale (MADRS) score is reported, calculated as \[Week 6 MADRS score\] - \[Baseline MADRS score\]. The MADRS score assessed the severity of symptoms in people with depression, consisting of 10 items. Each item was rated from 0 (no symptom) to 6 (severe symptom), with a total score ranging from 0 to 60 (0 = normal/absence of symptoms, 60 = severe depression). The least squares mean and 95% confidence intervals were estimated by a mixed model for repeated measures (MMRM) including the fixed categorical effects of treatment at each time point and the number of antidepressant treatments taken for the current episode (0/1), and the baseline MADRS total score at each time point as fixed continuous effects. The time point is treated as the repeated measure with an unstructured covariance structure used to model the within-patient measurements.","MMRM included measurements at baseline, Day 8, Week 2, Week 4, and Week 6. Change from baseline values at Week 6 is reported.",Primary analysis set (PAS) - all randomized participants who received at least one dose of study drug during the trial and had a baseline MADRS total score ≥24. Only participants with a baseline and at least one post-baseline MADRS value were included in the analysis.,LEAST_SQUARES_MEAN,95% Confidence Interval,Units on a scale,MADRS,True,4,4,4,True,8
