nct_id,outcome_index,class_index,category_index,measurement_index,group_id,group_title,raw_value,numeric_value,spread,lower_limit,upper_limit,class_title,category_title,denominators_json
NCT00056472,0,0,0,0,OG000,Pharmacotherapy,54,54.0,,,,,,"[{""units"":""Participants"",""counts"":[{""groupId"":""OG000"",""value"":""124""},{""groupId"":""OG001"",""value"":""126""}]}]"
NCT00056472,0,0,0,1,OG001,Monotherapy,31,31.0,,,,,,"[{""units"":""Participants"",""counts"":[{""groupId"":""OG000"",""value"":""124""},{""groupId"":""OG001"",""value"":""126""}]}]"
NCT00086307,0,0,0,0,OG000,Pramipexole,22.629,22.629,1.508,,,,,"[{""units"":""Participants"",""counts"":[{""groupId"":""OG000"",""value"":""13""},{""groupId"":""OG001"",""value"":""13""},{""groupId"":""OG002"",""value"":""13""}]}]"
NCT00086307,0,0,0,1,OG001,Escitalopram,26.102,26.102,1.507,,,,,"[{""units"":""Participants"",""counts"":[{""groupId"":""OG000"",""value"":""13""},{""groupId"":""OG001"",""value"":""13""},{""groupId"":""OG002"",""value"":""13""}]}]"
NCT00086307,0,0,0,2,OG002,Escitalopram and Pramipexole,29.455,29.455,1.732,,,,,"[{""units"":""Participants"",""counts"":[{""groupId"":""OG000"",""value"":""13""},{""groupId"":""OG001"",""value"":""13""},{""groupId"":""OG002"",""value"":""13""}]}]"
NCT00105196,0,0,0,0,OG000,Aripiprazole + ADT,-10.12,-10.12,0.74,,,,,"[{""units"":""Participants"",""counts"":[{""groupId"":""OG000"",""value"":""174""},{""groupId"":""OG001"",""value"":""169""}]}]"
NCT00105196,0,0,0,1,OG001,Placebo + ADT,-6.39,-6.39,0.74,,,,,"[{""units"":""Participants"",""counts"":[{""groupId"":""OG000"",""value"":""174""},{""groupId"":""OG001"",""value"":""169""}]}]"
NCT00105989,0,0,0,0,OG000,Duloxetine,0.68,0.68,,,,"t=7 days (N=145, N=139)",,"[{""units"":""Participants"",""counts"":[{""groupId"":""OG000"",""value"":""146""},{""groupId"":""OG001"",""value"":""142""}]}]"
NCT00105989,0,0,0,1,OG001,Placebo,2.11,2.11,,,,"t=7 days (N=145, N=139)",,"[{""units"":""Participants"",""counts"":[{""groupId"":""OG000"",""value"":""146""},{""groupId"":""OG001"",""value"":""142""}]}]"
NCT00105989,0,1,0,0,OG000,Duloxetine,1.37,1.37,,,,"t=14 days (N=143, N=138)",,"[{""units"":""Participants"",""counts"":[{""groupId"":""OG000"",""value"":""146""},{""groupId"":""OG001"",""value"":""142""}]}]"
NCT00105989,0,1,0,1,OG001,Placebo,2.11,2.11,,,,"t=14 days (N=143, N=138)",,"[{""units"":""Participants"",""counts"":[{""groupId"":""OG000"",""value"":""146""},{""groupId"":""OG001"",""value"":""142""}]}]"
NCT00105989,0,2,0,0,OG000,Duloxetine,1.37,1.37,,,,"t=21 days (N=141, N=137)",,"[{""units"":""Participants"",""counts"":[{""groupId"":""OG000"",""value"":""146""},{""groupId"":""OG001"",""value"":""142""}]}]"
NCT00105989,0,2,0,1,OG001,Placebo,2.82,2.82,,,,"t=21 days (N=141, N=137)",,"[{""units"":""Participants"",""counts"":[{""groupId"":""OG000"",""value"":""146""},{""groupId"":""OG001"",""value"":""142""}]}]"
NCT00105989,0,3,0,0,OG000,Duloxetine,2.07,2.07,,,,"t=28 days (N=140, N=135)",,"[{""units"":""Participants"",""counts"":[{""groupId"":""OG000"",""value"":""146""},{""groupId"":""OG001"",""value"":""142""}]}]"
NCT00105989,0,3,0,1,OG001,Placebo,3.54,3.54,,,,"t=28 days (N=140, N=135)",,"[{""units"":""Participants"",""counts"":[{""groupId"":""OG000"",""value"":""146""},{""groupId"":""OG001"",""value"":""142""}]}]"
NCT00105989,0,4,0,0,OG000,Duloxetine,4.19,4.19,,,,"t=56 days (N=136, N=120)",,"[{""units"":""Participants"",""counts"":[{""groupId"":""OG000"",""value"":""146""},{""groupId"":""OG001"",""value"":""142""}]}]"
NCT00105989,0,4,0,1,OG001,Placebo,12.97,12.97,,,,"t=56 days (N=136, N=120)",,"[{""units"":""Participants"",""counts"":[{""groupId"":""OG000"",""value"":""146""},{""groupId"":""OG001"",""value"":""142""}]}]"
NCT00105989,0,5,0,0,OG000,Duloxetine,6.33,6.33,,,,"t=84 days (N=131, N=106)",,"[{""units"":""Participants"",""counts"":[{""groupId"":""OG000"",""value"":""146""},{""groupId"":""OG001"",""value"":""142""}]}]"
NCT00105989,0,5,0,1,OG001,Placebo,21.15,21.15,,,,"t=84 days (N=131, N=106)",,"[{""units"":""Participants"",""counts"":[{""groupId"":""OG000"",""value"":""146""},{""groupId"":""OG001"",""value"":""142""}]}]"
NCT00105989,0,6,0,0,OG000,Duloxetine,8.58,8.58,,,,"t=112 days (N=122, N=96)",,"[{""units"":""Participants"",""counts"":[{""groupId"":""OG000"",""value"":""146""},{""groupId"":""OG001"",""value"":""142""}]}]"
NCT00105989,0,6,0,1,OG001,Placebo,25.79,25.79,,,,"t=112 days (N=122, N=96)",,"[{""units"":""Participants"",""counts"":[{""groupId"":""OG000"",""value"":""146""},{""groupId"":""OG001"",""value"":""142""}]}]"
NCT00105989,0,7,0,0,OG000,Duloxetine,9.34,9.34,,,,"t=140 days (N=119, N=89)",,"[{""units"":""Participants"",""counts"":[{""groupId"":""OG000"",""value"":""146""},{""groupId"":""OG001"",""value"":""142""}]}]"
NCT00105989,0,7,0,1,OG001,Placebo,28.98,28.98,,,,"t=140 days (N=119, N=89)",,"[{""units"":""Participants"",""counts"":[{""groupId"":""OG000"",""value"":""146""},{""groupId"":""OG001"",""value"":""142""}]}]"
NCT00105989,0,8,0,0,OG000,Duloxetine,10.89,10.89,,,,"t=168 days (N=115, N=86)",,"[{""units"":""Participants"",""counts"":[{""groupId"":""OG000"",""value"":""146""},{""groupId"":""OG001"",""value"":""142""}]}]"
NCT00105989,0,8,0,1,OG001,Placebo,28.98,28.98,,,,"t=168 days (N=115, N=86)",,"[{""units"":""Participants"",""counts"":[{""groupId"":""OG000"",""value"":""146""},{""groupId"":""OG001"",""value"":""142""}]}]"
NCT00105989,0,9,0,0,OG000,Duloxetine,11.69,11.69,,,,"t=196 days (N=111, N=86)",,"[{""units"":""Participants"",""counts"":[{""groupId"":""OG000"",""value"":""146""},{""groupId"":""OG001"",""value"":""142""}]}]"
NCT00105989,0,9,0,1,OG001,Placebo,28.98,28.98,,,,"t=196 days (N=111, N=86)",,"[{""units"":""Participants"",""counts"":[{""groupId"":""OG000"",""value"":""146""},{""groupId"":""OG001"",""value"":""142""}]}]"
NCT00105989,0,10,0,0,OG000,Duloxetine,12.50,12.5,,,,"t=224 days (N=108, N=85)",,"[{""units"":""Participants"",""counts"":[{""groupId"":""OG000"",""value"":""146""},{""groupId"":""OG001"",""value"":""142""}]}]"
NCT00105989,0,10,0,1,OG001,Placebo,29.80,29.8,,,,"t=224 days (N=108, N=85)",,"[{""units"":""Participants"",""counts"":[{""groupId"":""OG000"",""value"":""146""},{""groupId"":""OG001"",""value"":""142""}]}]"
NCT00105989,0,11,0,0,OG000,Duloxetine,13.32,13.32,,,,"t=252 days (N=105, N=82)",,"[{""units"":""Participants"",""counts"":[{""groupId"":""OG000"",""value"":""146""},{""groupId"":""OG001"",""value"":""142""}]}]"
NCT00105989,0,11,0,1,OG001,Placebo,32.28,32.28,,,,"t=252 days (N=105, N=82)",,"[{""units"":""Participants"",""counts"":[{""groupId"":""OG000"",""value"":""146""},{""groupId"":""OG001"",""value"":""142""}]}]"
NCT00105989,0,12,0,0,OG000,Duloxetine,13.32,13.32,,,,"t=280 days (N=99, N=77)",,"[{""units"":""Participants"",""counts"":[{""groupId"":""OG000"",""value"":""146""},{""groupId"":""OG001"",""value"":""142""}]}]"
NCT00105989,0,12,0,1,OG001,Placebo,34.00,34.0,,,,"t=280 days (N=99, N=77)",,"[{""units"":""Participants"",""counts"":[{""groupId"":""OG000"",""value"":""146""},{""groupId"":""OG001"",""value"":""142""}]}]"
NCT00105989,0,13,0,0,OG000,Duloxetine,13.32,13.32,,,,"t=308 days (N=96, N=75)",,"[{""units"":""Participants"",""counts"":[{""groupId"":""OG000"",""value"":""146""},{""groupId"":""OG001"",""value"":""142""}]}]"
NCT00105989,0,13,0,1,OG001,Placebo,34.86,34.86,,,,"t=308 days (N=96, N=75)",,"[{""units"":""Participants"",""counts"":[{""groupId"":""OG000"",""value"":""146""},{""groupId"":""OG001"",""value"":""142""}]}]"
NCT00105989,0,14,0,0,OG000,Duloxetine,14.23,14.23,,,,"t=336 days (N=95, N=74)",,"[{""units"":""Participants"",""counts"":[{""groupId"":""OG000"",""value"":""146""},{""groupId"":""OG001"",""value"":""142""}]}]"
NCT00105989,0,14,0,1,OG001,Placebo,34.86,34.86,,,,"t=336 days (N=95, N=74)",,"[{""units"":""Participants"",""counts"":[{""groupId"":""OG000"",""value"":""146""},{""groupId"":""OG001"",""value"":""142""}]}]"
NCT00105989,0,15,0,0,OG000,Duloxetine,16.03,16.03,,,,"t=364 days (N=93, N=73)",,"[{""units"":""Participants"",""counts"":[{""groupId"":""OG000"",""value"":""146""},{""groupId"":""OG001"",""value"":""142""}]}]"
NCT00105989,0,15,0,1,OG001,Placebo,35.74,35.74,,,,"t=364 days (N=93, N=73)",,"[{""units"":""Participants"",""counts"":[{""groupId"":""OG000"",""value"":""146""},{""groupId"":""OG001"",""value"":""142""}]}]"
NCT00107120,0,0,0,0,OG000,Escitalopram,-22.4,-22.4,1.1,,,,,"[{""units"":""Participants"",""counts"":[{""groupId"":""OG000"",""value"":""154""},{""groupId"":""OG001"",""value"":""157""}]}]"
NCT00107120,0,0,0,1,OG001,Placebo,-18.4,-18.4,1.1,,,,,"[{""units"":""Participants"",""counts"":[{""groupId"":""OG000"",""value"":""154""},{""groupId"":""OG001"",""value"":""157""}]}]"
NCT00149643,0,0,0,0,OG000,Fluoxetine,3.88,3.88,2.6,,,,,"[{""units"":""Participants"",""counts"":[{""groupId"":""OG000"",""value"":""34""},{""groupId"":""OG001"",""value"":""36""}]}]"
NCT00149643,0,0,0,1,OG001,Placebo,3.1,3.1,2.27,,,,,"[{""units"":""Participants"",""counts"":[{""groupId"":""OG000"",""value"":""34""},{""groupId"":""OG001"",""value"":""36""}]}]"
NCT00149643,1,0,0,0,OG000,Fluoxetine,7.79,7.79,8.29,,,,,"[{""units"":""Participants"",""counts"":[{""groupId"":""OG000"",""value"":""34""},{""groupId"":""OG001"",""value"":""36""}]}]"
NCT00149643,1,0,0,1,OG001,Placebo,7.31,7.31,7.98,,,,,"[{""units"":""Participants"",""counts"":[{""groupId"":""OG000"",""value"":""34""},{""groupId"":""OG001"",""value"":""36""}]}]"
NCT00149825,0,0,0,0,OG000,MED+CBTI,61.5,61.5,,,,,,"[{""units"":""Participants"",""counts"":[{""groupId"":""OG000"",""value"":""13""},{""groupId"":""OG001"",""value"":""15""}]}]"
NCT00149825,0,0,0,1,OG001,MED+CTRL,33.3,33.3,,,,,,"[{""units"":""Participants"",""counts"":[{""groupId"":""OG000"",""value"":""13""},{""groupId"":""OG001"",""value"":""15""}]}]"
NCT00166296,0,0,0,0,OG000,Escitalopram,5,5.0,,,,,,"[{""units"":""Participants"",""counts"":[{""groupId"":""OG000"",""value"":""66""},{""groupId"":""OG001"",""value"":""63""}]}]"
NCT00166296,0,0,0,1,OG001,Placebo,2,2.0,,,,,,"[{""units"":""Participants"",""counts"":[{""groupId"":""OG000"",""value"":""66""},{""groupId"":""OG001"",""value"":""63""}]}]"
NCT00166296,1,0,0,0,OG000,Escitalopram,36,36.0,,,,,,"[{""units"":""Participants"",""counts"":[{""groupId"":""OG000"",""value"":""53""},{""groupId"":""OG001"",""value"":""54""}]}]"
NCT00166296,1,0,0,1,OG001,Placebo,38,38.0,,,,,,"[{""units"":""Participants"",""counts"":[{""groupId"":""OG000"",""value"":""53""},{""groupId"":""OG001"",""value"":""54""}]}]"
NCT00361374,0,0,0,0,OG000,Eicosapentaenoic Acid (EPA),-10.34,-10.34,0.62,,,,,"[{""units"":""Participants"",""counts"":[{""groupId"":""OG000"",""value"":""60""},{""groupId"":""OG001"",""value"":""58""},{""groupId"":""OG002"",""value"":""59""}]}]"
NCT00361374,0,0,0,1,OG001,Docosahexaenoic Acid (DHA),-9.26,-9.26,0.62,,,,,"[{""units"":""Participants"",""counts"":[{""groupId"":""OG000"",""value"":""60""},{""groupId"":""OG001"",""value"":""58""},{""groupId"":""OG002"",""value"":""59""}]}]"
NCT00361374,0,0,0,2,OG002,Placebo,-9.49,-9.49,0.61,,,,,"[{""units"":""Participants"",""counts"":[{""groupId"":""OG000"",""value"":""60""},{""groupId"":""OG001"",""value"":""58""},{""groupId"":""OG002"",""value"":""59""}]}]"
NCT00369343,0,0,0,0,OG000,Desvenlafaxine Succinate Sustained-Release (DVS SR),-12.64,-12.64,0.53,,,,,"[{""units"":""Participants"",""counts"":[{""groupId"":""OG000"",""value"":""157""},{""groupId"":""OG001"",""value"":""81""}]}]"
NCT00369343,0,0,0,1,OG001,Placebo,-8.33,-8.33,0.74,,,,,"[{""units"":""Participants"",""counts"":[{""groupId"":""OG000"",""value"":""157""},{""groupId"":""OG001"",""value"":""81""}]}]"
NCT00384033,0,0,0,0,OG000,Placebo,-8.68,-8.68,0.58,,,,,"[{""units"":""Participants"",""counts"":[{""groupId"":""OG000"",""value"":""160""},{""groupId"":""OG001"",""value"":""148""},{""groupId"":""OG002"",""value"":""150""},{""groupId"":""OG003"",""value"":""157""}]}]"
NCT00384033,0,0,0,1,OG001,DVS SR 50 mg,-9.75,-9.75,0.60,,,,,"[{""units"":""Participants"",""counts"":[{""groupId"":""OG000"",""value"":""160""},{""groupId"":""OG001"",""value"":""148""},{""groupId"":""OG002"",""value"":""150""},{""groupId"":""OG003"",""value"":""157""}]}]"
NCT00384033,0,0,0,2,OG002,DVS SR 100 mg,-10.5,-10.5,0.60,,,,,"[{""units"":""Participants"",""counts"":[{""groupId"":""OG000"",""value"":""160""},{""groupId"":""OG001"",""value"":""148""},{""groupId"":""OG002"",""value"":""150""},{""groupId"":""OG003"",""value"":""157""}]}]"
NCT00384033,0,0,0,3,OG003,Duloxetine 60 mg,-10.3,-10.3,0.60,,,,,"[{""units"":""Participants"",""counts"":[{""groupId"":""OG000"",""value"":""160""},{""groupId"":""OG001"",""value"":""148""},{""groupId"":""OG002"",""value"":""150""},{""groupId"":""OG003"",""value"":""157""}]}]"
NCT00388973,0,0,0,0,OG000,Quetiapine XR,-16,-16.0,8,,,,,"[{""units"":""Participants"",""counts"":[{""groupId"":""OG000"",""value"":""164""},{""groupId"":""OG001"",""value"":""171""}]}]"
NCT00388973,0,0,0,1,OG001,Placebo,-9,-9.0,8,,,,,"[{""units"":""Participants"",""counts"":[{""groupId"":""OG000"",""value"":""164""},{""groupId"":""OG001"",""value"":""171""}]}]"
NCT00420004,0,0,0,0,OG000,LY2216684,-13.2,-13.2,0.53,,,,,"[{""units"":""Participants"",""counts"":[{""groupId"":""OG000"",""value"":""248""},{""groupId"":""OG001"",""value"":""122""},{""groupId"":""OG002"",""value"":""54""}]}]"
NCT00420004,0,0,0,1,OG001,Placebo,-12.6,-12.6,0.74,,,,,"[{""units"":""Participants"",""counts"":[{""groupId"":""OG000"",""value"":""248""},{""groupId"":""OG001"",""value"":""122""},{""groupId"":""OG002"",""value"":""54""}]}]"
NCT00420004,0,0,0,2,OG002,Escitalopram,-14.7,-14.7,1.14,,,,,"[{""units"":""Participants"",""counts"":[{""groupId"":""OG000"",""value"":""248""},{""groupId"":""OG001"",""value"":""122""},{""groupId"":""OG002"",""value"":""54""}]}]"
NCT00445679,0,0,0,0,OG000,DVS SR 50,63,63.0,,,,,,"[{""units"":""Participants"",""counts"":[{""groupId"":""OG000"",""value"":""200""},{""groupId"":""OG001"",""value"":""200""},{""groupId"":""OG002"",""value"":""197""},{""groupId"":""OG003"",""value"":""192""}]}]"
NCT00445679,0,0,0,1,OG001,DVS SR 100,67,67.0,,,,,,"[{""units"":""Participants"",""counts"":[{""groupId"":""OG000"",""value"":""200""},{""groupId"":""OG001"",""value"":""200""},{""groupId"":""OG002"",""value"":""197""},{""groupId"":""OG003"",""value"":""192""}]}]"
NCT00445679,0,0,0,2,OG002,DVS SR 200,63,63.0,,,,,,"[{""units"":""Participants"",""counts"":[{""groupId"":""OG000"",""value"":""200""},{""groupId"":""OG001"",""value"":""200""},{""groupId"":""OG002"",""value"":""197""},{""groupId"":""OG003"",""value"":""192""}]}]"
NCT00445679,0,0,0,3,OG003,Paroxetine 20,66,66.0,,,,,,"[{""units"":""Participants"",""counts"":[{""groupId"":""OG000"",""value"":""200""},{""groupId"":""OG001"",""value"":""200""},{""groupId"":""OG002"",""value"":""197""},{""groupId"":""OG003"",""value"":""192""}]}]"
NCT00497874,0,0,0,0,OG000,Intervention,-5.4,-5.4,8.8,,,,,"[{""units"":""Participants"",""counts"":[{""groupId"":""OG000"",""value"":""443""},{""groupId"":""OG001"",""value"":""459""}]}]"
NCT00497874,0,0,0,1,OG001,Usual Care,-3.7,-3.7,7.5,,,,,"[{""units"":""Participants"",""counts"":[{""groupId"":""OG000"",""value"":""443""},{""groupId"":""OG001"",""value"":""459""}]}]"
NCT00511810,0,0,0,0,OG000,Baseline CDRS-R: High Dose Fish Oil,33.0,33.0,1.5,,,,,"[{""units"":""Participants"",""counts"":[{""groupId"":""OG000"",""value"":""8""},{""groupId"":""OG001"",""value"":""12""}]}]"
NCT00511810,0,0,0,1,OG001,Baseline CDRS-R: Low Dose Fish Oil,33.1,33.1,1.7,,,,,"[{""units"":""Participants"",""counts"":[{""groupId"":""OG000"",""value"":""8""},{""groupId"":""OG001"",""value"":""12""}]}]"
NCT00521352,0,0,0,0,OG000,Active,6,6.0,,,,,,"[{""units"":""Participants"",""counts"":[{""groupId"":""OG000"",""value"":""12""},{""groupId"":""OG001"",""value"":""13""}]}]"
NCT00521352,0,0,0,1,OG001,Sham,1,1.0,,,,,,"[{""units"":""Participants"",""counts"":[{""groupId"":""OG000"",""value"":""12""},{""groupId"":""OG001"",""value"":""13""}]}]"
NCT00521352,1,0,0,0,OG000,Active,3,3.0,,,,,,"[{""units"":""Participants"",""counts"":[{""groupId"":""OG000"",""value"":""12""},{""groupId"":""OG001"",""value"":""13""}]}]"
NCT00521352,1,0,0,1,OG001,Sham,1,1.0,,,,,,"[{""units"":""Participants"",""counts"":[{""groupId"":""OG000"",""value"":""12""},{""groupId"":""OG001"",""value"":""13""}]}]"
NCT00555997,0,0,0,0,OG000,Ziprasidone Phase I,20.1,20.1,5.5,,,Mean phase baseline score,,"[{""units"":""Participants"",""counts"":[{""groupId"":""OG000"",""value"":""29""},{""groupId"":""OG001"",""value"":""91""},{""groupId"":""OG002"",""value"":""21""},{""groupId"":""OG003"",""value"":""25""}]}]"
NCT00555997,0,0,0,1,OG001,Placebo Phase I,19.9,19.9,4.8,,,Mean phase baseline score,,"[{""units"":""Participants"",""counts"":[{""groupId"":""OG000"",""value"":""29""},{""groupId"":""OG001"",""value"":""91""},{""groupId"":""OG002"",""value"":""21""},{""groupId"":""OG003"",""value"":""25""}]}]"
NCT00555997,0,0,0,2,OG002,Ziprasidone Phase II,14.7,14.7,3.9,,,Mean phase baseline score,,"[{""units"":""Participants"",""counts"":[{""groupId"":""OG000"",""value"":""29""},{""groupId"":""OG001"",""value"":""91""},{""groupId"":""OG002"",""value"":""21""},{""groupId"":""OG003"",""value"":""25""}]}]"
NCT00555997,0,0,0,3,OG003,Placebo Phase II,15.6,15.6,5.9,,,Mean phase baseline score,,"[{""units"":""Participants"",""counts"":[{""groupId"":""OG000"",""value"":""29""},{""groupId"":""OG001"",""value"":""91""},{""groupId"":""OG002"",""value"":""21""},{""groupId"":""OG003"",""value"":""25""}]}]"
NCT00555997,0,1,0,0,OG000,Ziprasidone Phase I,-8.8,-8.8,7.3,,,Mean phase score reduction,,"[{""units"":""Participants"",""counts"":[{""groupId"":""OG000"",""value"":""29""},{""groupId"":""OG001"",""value"":""91""},{""groupId"":""OG002"",""value"":""21""},{""groupId"":""OG003"",""value"":""25""}]}]"
NCT00555997,0,1,0,1,OG001,Placebo Phase I,-7.1,-7.1,7.0,,,Mean phase score reduction,,"[{""units"":""Participants"",""counts"":[{""groupId"":""OG000"",""value"":""29""},{""groupId"":""OG001"",""value"":""91""},{""groupId"":""OG002"",""value"":""21""},{""groupId"":""OG003"",""value"":""25""}]}]"
NCT00555997,0,1,0,2,OG002,Ziprasidone Phase II,-2.1,-2.1,5.2,,,Mean phase score reduction,,"[{""units"":""Participants"",""counts"":[{""groupId"":""OG000"",""value"":""29""},{""groupId"":""OG001"",""value"":""91""},{""groupId"":""OG002"",""value"":""21""},{""groupId"":""OG003"",""value"":""25""}]}]"
NCT00555997,0,1,0,3,OG003,Placebo Phase II,-4.3,-4.3,6.0,,,Mean phase score reduction,,"[{""units"":""Participants"",""counts"":[{""groupId"":""OG000"",""value"":""29""},{""groupId"":""OG001"",""value"":""91""},{""groupId"":""OG002"",""value"":""21""},{""groupId"":""OG003"",""value"":""25""}]}]"
NCT00578669,0,0,0,0,OG000,Sequential Fluoxetine,24,24.0,,,,,,"[{""units"":""Participants"",""counts"":[{""groupId"":""OG000"",""value"":""107""},{""groupId"":""OG001"",""value"":""99""}]}]"
NCT00578669,0,0,0,1,OG001,Sequential Placebo,18,18.0,,,,,,"[{""units"":""Participants"",""counts"":[{""groupId"":""OG000"",""value"":""107""},{""groupId"":""OG001"",""value"":""99""}]}]"
NCT00596817,0,0,0,0,OG000,Placebo,26.0,26.0,,,,,,"[{""units"":""Participants"",""counts"":[{""groupId"":""OG000"",""value"":""192""},{""groupId"":""OG001"",""value"":""204""}]}]"
NCT00596817,0,0,0,1,OG001,Vortioxetine: 5 or 10 mg,13.2,13.2,,,,,,"[{""units"":""Participants"",""counts"":[{""groupId"":""OG000"",""value"":""192""},{""groupId"":""OG001"",""value"":""204""}]}]"
NCT00612807,0,0,0,0,OG000,Semi-weekly Medication Management,17.86,17.86,2.11,,,Baseline assessment (Depressed spouse),,"[{""units"":""Participants"",""counts"":[{""groupId"":""OG000"",""value"":""14""},{""groupId"":""OG001"",""value"":""28""}]}]"
NCT00612807,0,0,0,1,OG001,Semi-weekly Medication Management + Weekly Marital Therapy,19.0,19.0,3.80,,,Baseline assessment (Depressed spouse),,"[{""units"":""Participants"",""counts"":[{""groupId"":""OG000"",""value"":""14""},{""groupId"":""OG001"",""value"":""28""}]}]"
NCT00612807,0,1,0,0,OG000,Semi-weekly Medication Management,5.00,5.0,5.44,,,Post-test assessment (Depressed spouse),,"[{""units"":""Participants"",""counts"":[{""groupId"":""OG000"",""value"":""14""},{""groupId"":""OG001"",""value"":""28""}]}]"
NCT00612807,0,1,0,1,OG001,Semi-weekly Medication Management + Weekly Marital Therapy,7.29,7.29,5.13,,,Post-test assessment (Depressed spouse),,"[{""units"":""Participants"",""counts"":[{""groupId"":""OG000"",""value"":""14""},{""groupId"":""OG001"",""value"":""28""}]}]"
NCT00612807,0,2,0,0,OG000,Semi-weekly Medication Management,9.17,9.17,7.52,,,Follow-up assessment (Depressed spouse),,"[{""units"":""Participants"",""counts"":[{""groupId"":""OG000"",""value"":""14""},{""groupId"":""OG001"",""value"":""28""}]}]"
NCT00612807,0,2,0,1,OG001,Semi-weekly Medication Management + Weekly Marital Therapy,8.14,8.14,5.76,,,Follow-up assessment (Depressed spouse),,"[{""units"":""Participants"",""counts"":[{""groupId"":""OG000"",""value"":""14""},{""groupId"":""OG001"",""value"":""28""}]}]"
NCT00612807,0,3,0,0,OG000,Semi-weekly Medication Management,5.14,5.14,3.76,,,Baseline assessment (Non-depressed spouse),,"[{""units"":""Participants"",""counts"":[{""groupId"":""OG000"",""value"":""14""},{""groupId"":""OG001"",""value"":""28""}]}]"
NCT00612807,0,3,0,1,OG001,Semi-weekly Medication Management + Weekly Marital Therapy,8.86,8.86,5.04,,,Baseline assessment (Non-depressed spouse),,"[{""units"":""Participants"",""counts"":[{""groupId"":""OG000"",""value"":""14""},{""groupId"":""OG001"",""value"":""28""}]}]"
NCT00612807,0,4,0,0,OG000,Semi-weekly Medication Management,5.33,5.33,6.56,,,Post-test assessment (Non-depressed spouse),,"[{""units"":""Participants"",""counts"":[{""groupId"":""OG000"",""value"":""14""},{""groupId"":""OG001"",""value"":""28""}]}]"
NCT00612807,0,4,0,1,OG001,Semi-weekly Medication Management + Weekly Marital Therapy,3.29,3.29,2.67,,,Post-test assessment (Non-depressed spouse),,"[{""units"":""Participants"",""counts"":[{""groupId"":""OG000"",""value"":""14""},{""groupId"":""OG001"",""value"":""28""}]}]"
NCT00612807,0,5,0,0,OG000,Semi-weekly Medication Management,3.83,3.83,2.99,,,Follow-up assessment (Non-depressed spouse),,"[{""units"":""Participants"",""counts"":[{""groupId"":""OG000"",""value"":""14""},{""groupId"":""OG001"",""value"":""28""}]}]"
NCT00612807,0,5,0,1,OG001,Semi-weekly Medication Management + Weekly Marital Therapy,5.71,5.71,4.06,,,Follow-up assessment (Non-depressed spouse),,"[{""units"":""Participants"",""counts"":[{""groupId"":""OG000"",""value"":""14""},{""groupId"":""OG001"",""value"":""28""}]}]"
NCT00612807,1,0,0,0,OG000,Semi-weekly Medication Management,72.14,72.14,24.30,,,Baseline assessment (Depressed spouse),,"[{""units"":""Participants"",""counts"":[{""groupId"":""OG000"",""value"":""14""},{""groupId"":""OG001"",""value"":""28""}]}]"
NCT00612807,1,0,0,1,OG001,Semi-weekly Medication Management + Weekly Marital Therapy,84.43,84.43,11.89,,,Baseline assessment (Depressed spouse),,"[{""units"":""Participants"",""counts"":[{""groupId"":""OG000"",""value"":""14""},{""groupId"":""OG001"",""value"":""28""}]}]"
NCT00612807,1,1,0,0,OG000,Semi-weekly Medication Management,84.17,84.17,23.17,,,Post-test assessment (Depressed spouse),,"[{""units"":""Participants"",""counts"":[{""groupId"":""OG000"",""value"":""14""},{""groupId"":""OG001"",""value"":""28""}]}]"
NCT00612807,1,1,0,1,OG001,Semi-weekly Medication Management + Weekly Marital Therapy,92.27,92.27,16.27,,,Post-test assessment (Depressed spouse),,"[{""units"":""Participants"",""counts"":[{""groupId"":""OG000"",""value"":""14""},{""groupId"":""OG001"",""value"":""28""}]}]"
NCT00612807,1,2,0,0,OG000,Semi-weekly Medication Management,89.67,89.67,24.23,,,Follow-up assessment (Depressed spouse),,"[{""units"":""Participants"",""counts"":[{""groupId"":""OG000"",""value"":""14""},{""groupId"":""OG001"",""value"":""28""}]}]"
NCT00612807,1,2,0,1,OG001,Semi-weekly Medication Management + Weekly Marital Therapy,91.07,91.07,19.85,,,Follow-up assessment (Depressed spouse),,"[{""units"":""Participants"",""counts"":[{""groupId"":""OG000"",""value"":""14""},{""groupId"":""OG001"",""value"":""28""}]}]"
NCT00612807,1,3,0,0,OG000,Semi-weekly Medication Management,91.0,91.0,18.32,,,Baseline assessment (Non-depressed spouse),,"[{""units"":""Participants"",""counts"":[{""groupId"":""OG000"",""value"":""14""},{""groupId"":""OG001"",""value"":""28""}]}]"
NCT00612807,1,3,0,1,OG001,Semi-weekly Medication Management + Weekly Marital Therapy,88.29,88.29,15.46,,,Baseline assessment (Non-depressed spouse),,"[{""units"":""Participants"",""counts"":[{""groupId"":""OG000"",""value"":""14""},{""groupId"":""OG001"",""value"":""28""}]}]"
NCT00612807,1,4,0,0,OG000,Semi-weekly Medication Management,93.33,93.33,29.75,,,Post-test assessment (Non-depressed spouse),,"[{""units"":""Participants"",""counts"":[{""groupId"":""OG000"",""value"":""14""},{""groupId"":""OG001"",""value"":""28""}]}]"
NCT00612807,1,4,0,1,OG001,Semi-weekly Medication Management + Weekly Marital Therapy,97.57,97.57,17.49,,,Post-test assessment (Non-depressed spouse),,"[{""units"":""Participants"",""counts"":[{""groupId"":""OG000"",""value"":""14""},{""groupId"":""OG001"",""value"":""28""}]}]"
NCT00612807,1,5,0,0,OG000,Semi-weekly Medication Management,104.17,104.17,13.76,,,Follow-up assessment (Non-depressed spouse),,"[{""units"":""Participants"",""counts"":[{""groupId"":""OG000"",""value"":""14""},{""groupId"":""OG001"",""value"":""28""}]}]"
NCT00612807,1,5,0,1,OG001,Semi-weekly Medication Management + Weekly Marital Therapy,98.31,98.31,20.52,,,Follow-up assessment (Non-depressed spouse),,"[{""units"":""Participants"",""counts"":[{""groupId"":""OG000"",""value"":""14""},{""groupId"":""OG001"",""value"":""28""}]}]"
NCT00633399,0,0,0,0,OG000,Ziprasidone + Escitalopram,35.2,35.2,,,,,,"[{""units"":""Participants"",""counts"":[{""groupId"":""OG000"",""value"":""71""},{""groupId"":""OG001"",""value"":""68""}]}]"
NCT00633399,0,0,0,1,OG001,Placebo + Escitalopram,20.5,20.5,,,,,,"[{""units"":""Participants"",""counts"":[{""groupId"":""OG000"",""value"":""71""},{""groupId"":""OG001"",""value"":""68""}]}]"
NCT00635219,0,0,0,0,OG000,Placebo,-14.8,-14.8,0.82,,,,,"[{""units"":""Participants"",""counts"":[{""groupId"":""OG000"",""value"":""145""},{""groupId"":""OG001"",""value"":""155""},{""groupId"":""OG002"",""value"":""155""},{""groupId"":""OG003"",""value"":""151""},{""groupId"":""OG004"",""value"":""149""}]}]"
NCT00635219,0,0,0,1,OG001,Vortioxetine 2.5 mg,-16.2,-16.2,0.79,,,,,"[{""units"":""Participants"",""counts"":[{""groupId"":""OG000"",""value"":""145""},{""groupId"":""OG001"",""value"":""155""},{""groupId"":""OG002"",""value"":""155""},{""groupId"":""OG003"",""value"":""151""},{""groupId"":""OG004"",""value"":""149""}]}]"
NCT00635219,0,0,0,2,OG002,Vortioxetine 5 mg,-16.5,-16.5,0.80,,,,,"[{""units"":""Participants"",""counts"":[{""groupId"":""OG000"",""value"":""145""},{""groupId"":""OG001"",""value"":""155""},{""groupId"":""OG002"",""value"":""155""},{""groupId"":""OG003"",""value"":""151""},{""groupId"":""OG004"",""value"":""149""}]}]"
NCT00635219,0,0,0,3,OG003,Vortioxetine 10 mg,-16.3,-16.3,0.80,,,,,"[{""units"":""Participants"",""counts"":[{""groupId"":""OG000"",""value"":""145""},{""groupId"":""OG001"",""value"":""155""},{""groupId"":""OG002"",""value"":""155""},{""groupId"":""OG003"",""value"":""151""},{""groupId"":""OG004"",""value"":""149""}]}]"
NCT00635219,0,0,0,4,OG004,Duloxetine 60 mg,-16.8,-16.8,0.81,,,,,"[{""units"":""Participants"",""counts"":[{""groupId"":""OG000"",""value"":""145""},{""groupId"":""OG001"",""value"":""155""},{""groupId"":""OG002"",""value"":""155""},{""groupId"":""OG003"",""value"":""151""},{""groupId"":""OG004"",""value"":""149""}]}]"
NCT00668525,0,0,0,0,OG000,Escitalopram Low Dose,-12.8,-12.8,0.6,-4.6,-1.2,,,"[{""units"":""Participants"",""counts"":[{""groupId"":""OG000"",""value"":""319""},{""groupId"":""OG001"",""value"":""318""},{""groupId"":""OG002"",""value"":""215""}]}]"
NCT00668525,0,0,0,1,OG001,Escitalopram High Dose,-13.4,-13.4,0.6,-1.9,1.1,,,"[{""units"":""Participants"",""counts"":[{""groupId"":""OG000"",""value"":""319""},{""groupId"":""OG001"",""value"":""318""},{""groupId"":""OG002"",""value"":""215""}]}]"
NCT00668525,0,0,0,2,OG002,Placebo,-10.1,-10.1,0.7,-5.0,-1.6,,,"[{""units"":""Participants"",""counts"":[{""groupId"":""OG000"",""value"":""319""},{""groupId"":""OG001"",""value"":""318""},{""groupId"":""OG002"",""value"":""215""}]}]"
NCT00672620,0,0,0,0,OG000,Placebo,-10.50,-10.5,0.757,,,,,"[{""units"":""Participants"",""counts"":[{""groupId"":""OG000"",""value"":""149""},{""groupId"":""OG001"",""value"":""146""},{""groupId"":""OG002"",""value"":""153""},{""groupId"":""OG003"",""value"":""149""}]}]"
NCT00672620,0,0,0,1,OG001,Vortioxetine 2.5 mg,-12.04,-12.04,0.744,,,,,"[{""units"":""Participants"",""counts"":[{""groupId"":""OG000"",""value"":""149""},{""groupId"":""OG001"",""value"":""146""},{""groupId"":""OG002"",""value"":""153""},{""groupId"":""OG003"",""value"":""149""}]}]"
NCT00672620,0,0,0,2,OG002,Vortioxetine 5 mg,-11.08,-11.08,0.737,,,,,"[{""units"":""Participants"",""counts"":[{""groupId"":""OG000"",""value"":""149""},{""groupId"":""OG001"",""value"":""146""},{""groupId"":""OG002"",""value"":""153""},{""groupId"":""OG003"",""value"":""149""}]}]"
NCT00672620,0,0,0,3,OG003,Duloxetine 60 mg,-13.47,-13.47,0.750,,,,,"[{""units"":""Participants"",""counts"":[{""groupId"":""OG000"",""value"":""149""},{""groupId"":""OG001"",""value"":""146""},{""groupId"":""OG002"",""value"":""153""},{""groupId"":""OG003"",""value"":""149""}]}]"
NCT00672958,0,0,0,0,OG000,Placebo,-13.87,-13.87,0.662,,,,,"[{""units"":""Participants"",""counts"":[{""groupId"":""OG000"",""value"":""286""},{""groupId"":""OG001"",""value"":""292""}]}]"
NCT00672958,0,0,0,1,OG001,Vortioxetine,-14.61,-14.61,0.650,,,,,"[{""units"":""Participants"",""counts"":[{""groupId"":""OG000"",""value"":""286""},{""groupId"":""OG001"",""value"":""292""}]}]"
NCT00672958,1,0,0,0,OG000,Placebo,-6.03,-6.03,0.394,,,"Week 1 (n=281, 286)",,"[{""units"":""Participants"",""counts"":[{""groupId"":""OG000"",""value"":""286""},{""groupId"":""OG001"",""value"":""292""}]}]"
NCT00672958,1,0,0,1,OG001,Vortioxetine,-5.96,-5.96,0.387,,,"Week 1 (n=281, 286)",,"[{""units"":""Participants"",""counts"":[{""groupId"":""OG000"",""value"":""286""},{""groupId"":""OG001"",""value"":""292""}]}]"
NCT00672958,1,1,0,0,OG000,Placebo,-9.30,-9.3,0.505,,,"Week 2 (n= 286, 291)",,"[{""units"":""Participants"",""counts"":[{""groupId"":""OG000"",""value"":""286""},{""groupId"":""OG001"",""value"":""292""}]}]"
NCT00672958,1,1,0,1,OG001,Vortioxetine,-9.05,-9.05,0.496,,,"Week 2 (n= 286, 291)",,"[{""units"":""Participants"",""counts"":[{""groupId"":""OG000"",""value"":""286""},{""groupId"":""OG001"",""value"":""292""}]}]"
NCT00672958,1,2,0,0,OG000,Placebo,-11.05,-11.05,0.545,,,"Week 3 (n= 286, 292)",,"[{""units"":""Participants"",""counts"":[{""groupId"":""OG000"",""value"":""286""},{""groupId"":""OG001"",""value"":""292""}]}]"
NCT00672958,1,2,0,1,OG001,Vortioxetine,-11.73,-11.73,0.536,,,"Week 3 (n= 286, 292)",,"[{""units"":""Participants"",""counts"":[{""groupId"":""OG000"",""value"":""286""},{""groupId"":""OG001"",""value"":""292""}]}]"
NCT00672958,1,3,0,0,OG000,Placebo,-12.33,-12.33,0.579,,,"Week 4 (n= 286, 292)",,"[{""units"":""Participants"",""counts"":[{""groupId"":""OG000"",""value"":""286""},{""groupId"":""OG001"",""value"":""292""}]}]"
NCT00672958,1,3,0,1,OG001,Vortioxetine,-12.66,-12.66,0.568,,,"Week 4 (n= 286, 292)",,"[{""units"":""Participants"",""counts"":[{""groupId"":""OG000"",""value"":""286""},{""groupId"":""OG001"",""value"":""292""}]}]"
NCT00672958,1,4,0,0,OG000,Placebo,-13.11,-13.11,0.628,,,"Week 5 (n=286, 292)",,"[{""units"":""Participants"",""counts"":[{""groupId"":""OG000"",""value"":""286""},{""groupId"":""OG001"",""value"":""292""}]}]"
NCT00672958,1,4,0,1,OG001,Vortioxetine,-13.98,-13.98,0.617,,,"Week 5 (n=286, 292)",,"[{""units"":""Participants"",""counts"":[{""groupId"":""OG000"",""value"":""286""},{""groupId"":""OG001"",""value"":""292""}]}]"
NCT00683592,0,0,0,0,OG000,Vilazodone (ITT Population),-13.3,-13.3,,-15.1,-11.5,,,"[{""units"":""Participants"",""counts"":[{""groupId"":""OG000"",""value"":""231""},{""groupId"":""OG001"",""value"":""231""}]}]"
NCT00683592,0,0,0,1,OG001,Placebo (ITT Population),-10.8,-10.8,,-12.6,-9.1,,,"[{""units"":""Participants"",""counts"":[{""groupId"":""OG000"",""value"":""231""},{""groupId"":""OG001"",""value"":""231""}]}]"
NCT00683852,0,0,0,0,OG000,Phase 1 Drug,10,10.0,,,,,,"[{""units"":""Participants"",""counts"":[{""groupId"":""OG000"",""value"":""54""},{""groupId"":""OG001"",""value"":""61""},{""groupId"":""OG002"",""value"":""167""},{""groupId"":""OG003"",""value"":""63""}]}]"
NCT00683852,0,0,0,1,OG001,Phase 1 Placebo Non-Responders on Drug in Phase 2,11,11.0,,,,,,"[{""units"":""Participants"",""counts"":[{""groupId"":""OG000"",""value"":""54""},{""groupId"":""OG001"",""value"":""61""},{""groupId"":""OG002"",""value"":""167""},{""groupId"":""OG003"",""value"":""63""}]}]"
NCT00683852,0,0,0,2,OG002,Phase I Placebo,29,29.0,,,,,,"[{""units"":""Participants"",""counts"":[{""groupId"":""OG000"",""value"":""54""},{""groupId"":""OG001"",""value"":""61""},{""groupId"":""OG002"",""value"":""167""},{""groupId"":""OG003"",""value"":""63""}]}]"
NCT00683852,0,0,0,3,OG003,Phase 1 Placebo Non-Responders on Placebo in Phase 2,5,5.0,,,,,,"[{""units"":""Participants"",""counts"":[{""groupId"":""OG000"",""value"":""54""},{""groupId"":""OG001"",""value"":""61""},{""groupId"":""OG002"",""value"":""167""},{""groupId"":""OG003"",""value"":""63""}]}]"
NCT00705003,0,0,0,0,OG000,BCI-024+BCI-049,2.37,2.37,0.97,,,,,"[{""units"":""Participants"",""counts"":[{""groupId"":""OG000"",""value"":""67""},{""groupId"":""OG001"",""value"":""34""},{""groupId"":""OG002"",""value"":""33""}]}]"
NCT00705003,0,0,0,1,OG001,BCI-024,2.82,2.82,1.24,,,,,"[{""units"":""Participants"",""counts"":[{""groupId"":""OG000"",""value"":""67""},{""groupId"":""OG001"",""value"":""34""},{""groupId"":""OG002"",""value"":""33""}]}]"
NCT00705003,0,0,0,2,OG002,Placebo,2.86,2.86,1.09,,,,,"[{""units"":""Participants"",""counts"":[{""groupId"":""OG000"",""value"":""67""},{""groupId"":""OG001"",""value"":""34""},{""groupId"":""OG002"",""value"":""33""}]}]"
NCT00733980,0,0,0,0,OG000,GSK561679,-4.3150,-4.315,0.5314,,,,,"[{""units"":""Participants"",""counts"":[{""groupId"":""OG000"",""value"":""72""},{""groupId"":""OG001"",""value"":""74""}]}]"
NCT00733980,0,0,0,1,OG001,Placebo,-4.5629,-4.5629,0.5101,,,,,"[{""units"":""Participants"",""counts"":[{""groupId"":""OG000"",""value"":""72""},{""groupId"":""OG001"",""value"":""74""}]}]"
NCT00735709,0,0,0,0,OG000,Placebo,-11.30,-11.3,0.738,,,,,"[{""units"":""Participants"",""counts"":[{""groupId"":""OG000"",""value"":""128""},{""groupId"":""OG001"",""value"":""124""},{""groupId"":""OG002"",""value"":""129""},{""groupId"":""OG003"",""value"":""122""}]}]"
NCT00735709,0,0,0,1,OG001,Vortioxetine 1 mg,-14.82,-14.82,0.745,,,,,"[{""units"":""Participants"",""counts"":[{""groupId"":""OG000"",""value"":""128""},{""groupId"":""OG001"",""value"":""124""},{""groupId"":""OG002"",""value"":""129""},{""groupId"":""OG003"",""value"":""122""}]}]"
NCT00735709,0,0,0,2,OG002,Vortioxetine 5 mg,-15.42,-15.42,0.743,,,,,"[{""units"":""Participants"",""counts"":[{""groupId"":""OG000"",""value"":""128""},{""groupId"":""OG001"",""value"":""124""},{""groupId"":""OG002"",""value"":""129""},{""groupId"":""OG003"",""value"":""122""}]}]"
NCT00735709,0,0,0,3,OG003,Vortioxetine 10 mg,-16.23,-16.23,0.755,,,,,"[{""units"":""Participants"",""counts"":[{""groupId"":""OG000"",""value"":""128""},{""groupId"":""OG001"",""value"":""124""},{""groupId"":""OG002"",""value"":""129""},{""groupId"":""OG003"",""value"":""122""}]}]"
NCT00739908,0,0,0,0,OG000,Oral CX157 60 mg TID (Total Daily Dose of 180 mg),-12.5,-12.5,,-14.4,-10.5,,,"[{""units"":""Participants"",""counts"":[{""groupId"":""OG000"",""value"":""139""},{""groupId"":""OG001"",""value"":""143""}]}]"
NCT00739908,0,0,0,1,OG001,Oral Placebo TID,-12.3,-12.3,,-14.2,-10.3,,,"[{""units"":""Participants"",""counts"":[{""groupId"":""OG000"",""value"":""139""},{""groupId"":""OG001"",""value"":""143""}]}]"
NCT00742573,0,0,0,0,OG000,1 Texas Medication Algorithm,27.08,27.08,22.4,,,,,"[{""units"":""Participants"",""counts"":[{""groupId"":""OG000"",""value"":""83""},{""groupId"":""OG001"",""value"":""87""}]}]"
NCT00742573,0,0,0,1,OG001,2 Patient Choice,25.84,25.84,20.54,,,,,"[{""units"":""Participants"",""counts"":[{""groupId"":""OG000"",""value"":""83""},{""groupId"":""OG001"",""value"":""87""}]}]"
NCT00742573,1,0,0,0,OG000,1 Texas Medication Algorithm,23.89,23.89,3.96,,,,,"[{""units"":""Participants"",""counts"":[{""groupId"":""OG000"",""value"":""37""},{""groupId"":""OG001"",""value"":""38""}]}]"
NCT00742573,1,0,0,1,OG001,2 Patient Choice,22.42,22.42,3.64,,,,,"[{""units"":""Participants"",""counts"":[{""groupId"":""OG000"",""value"":""37""},{""groupId"":""OG001"",""value"":""38""}]}]"
NCT00759395,0,0,0,0,OG000,AZD2327,14.249,14.249,2.152,,,,,"[{""units"":""Participants"",""counts"":[{""groupId"":""OG000"",""value"":""13""},{""groupId"":""OG001"",""value"":""9""}]}]"
NCT00759395,0,0,0,1,OG001,Placebo,16.307,16.307,2.604,,,,,"[{""units"":""Participants"",""counts"":[{""groupId"":""OG000"",""value"":""13""},{""groupId"":""OG001"",""value"":""9""}]}]"
NCT00759395,1,0,0,0,OG000,AZD2327,13.029,13.029,2.257,,,,,"[{""units"":""Participants"",""counts"":[{""groupId"":""OG000"",""value"":""13""},{""groupId"":""OG001"",""value"":""9""}]}]"
NCT00759395,1,0,0,1,OG001,Placebo,17.736,17.736,2.712,,,,,"[{""units"":""Participants"",""counts"":[{""groupId"":""OG000"",""value"":""13""},{""groupId"":""OG001"",""value"":""9""}]}]"
NCT00768430,0,0,0,0,OG000,Ketamine,14.77,14.77,,11.73,17.80,,,"[{""units"":""Participants"",""counts"":[{""groupId"":""OG000"",""value"":""47""},{""groupId"":""OG001"",""value"":""25""}]}]"
NCT00768430,0,0,0,1,OG001,Midazolam,22.72,22.72,,18.85,26.59,,,"[{""units"":""Participants"",""counts"":[{""groupId"":""OG000"",""value"":""47""},{""groupId"":""OG001"",""value"":""25""}]}]"
NCT00775203,0,0,0,0,OG000,Trazodone Contramid OAD,23.2,23.2,4.16,,,Baseline,,"[{""units"":""Participants"",""counts"":[{""groupId"":""OG000"",""value"":""202""},{""groupId"":""OG001"",""value"":""204""}]}]"
NCT00775203,0,0,0,1,OG001,Placebo,22.4,22.4,4.43,,,Baseline,,"[{""units"":""Participants"",""counts"":[{""groupId"":""OG000"",""value"":""202""},{""groupId"":""OG001"",""value"":""204""}]}]"
NCT00775203,0,1,0,0,OG000,Trazodone Contramid OAD,11.8,11.8,7.99,,,Week 8 or LOCF,,"[{""units"":""Participants"",""counts"":[{""groupId"":""OG000"",""value"":""202""},{""groupId"":""OG001"",""value"":""204""}]}]"
NCT00775203,0,1,0,1,OG001,Placebo,13.2,13.2,8.06,,,Week 8 or LOCF,,"[{""units"":""Participants"",""counts"":[{""groupId"":""OG000"",""value"":""202""},{""groupId"":""OG001"",""value"":""204""}]}]"
NCT00775203,0,2,0,0,OG000,Trazodone Contramid OAD,-11.4,-11.4,8.20,,,Change from baseline,,"[{""units"":""Participants"",""counts"":[{""groupId"":""OG000"",""value"":""202""},{""groupId"":""OG001"",""value"":""204""}]}]"
NCT00775203,0,2,0,1,OG001,Placebo,-9.3,-9.3,7.94,,,Change from baseline,,"[{""units"":""Participants"",""counts"":[{""groupId"":""OG000"",""value"":""202""},{""groupId"":""OG001"",""value"":""204""}]}]"
NCT00789854,0,0,0,0,OG000,Quetiapine XR Mono,-16.2,-16.2,0.843,0.843,,,,"[{""units"":""Participants"",""counts"":[{""groupId"":""OG000"",""value"":""180""},{""groupId"":""OG001"",""value"":""183""},{""groupId"":""OG002"",""value"":""109""}]}]"
NCT00789854,0,0,0,1,OG001,Add-on Quetiapine XR,-17.2,-17.2,0.826,0.826,,,,"[{""units"":""Participants"",""counts"":[{""groupId"":""OG000"",""value"":""180""},{""groupId"":""OG001"",""value"":""183""},{""groupId"":""OG002"",""value"":""109""}]}]"
NCT00789854,0,0,0,2,OG002,Add-on Lithium,-14.9,-14.9,0.97,0.97,,,,"[{""units"":""Participants"",""counts"":[{""groupId"":""OG000"",""value"":""180""},{""groupId"":""OG001"",""value"":""183""},{""groupId"":""OG002"",""value"":""109""}]}]"
NCT00789854,1,0,0,0,OG000,Quetiapine XR Mono,-13.9,-13.9,0.806,0.806,,,,"[{""units"":""Participants"",""counts"":[{""groupId"":""OG000"",""value"":""225""},{""groupId"":""OG001"",""value"":""229""},{""groupId"":""OG002"",""value"":""221""}]}]"
NCT00789854,1,0,0,1,OG001,Add-on Quetiapine XR,-15.1,-15.1,0.797,0.797,,,,"[{""units"":""Participants"",""counts"":[{""groupId"":""OG000"",""value"":""225""},{""groupId"":""OG001"",""value"":""229""},{""groupId"":""OG002"",""value"":""221""}]}]"
NCT00789854,1,0,0,2,OG002,Add-on Lithium,-13.3,-13.3,0.801,0.801,,,,"[{""units"":""Participants"",""counts"":[{""groupId"":""OG000"",""value"":""225""},{""groupId"":""OG001"",""value"":""229""},{""groupId"":""OG002"",""value"":""221""}]}]"
NCT00795821,0,0,0,0,OG000,LY2216684,-13.30,-13.3,0.563,,,,,"[{""units"":""Participants"",""counts"":[{""groupId"":""OG000"",""value"":""247""},{""groupId"":""OG001"",""value"":""242""}]}]"
NCT00795821,0,0,0,1,OG001,Placebo,-9.82,-9.82,0.544,,,,,"[{""units"":""Participants"",""counts"":[{""groupId"":""OG000"",""value"":""247""},{""groupId"":""OG001"",""value"":""242""}]}]"
NCT00797966,0,0,0,0,OG000,OPC-34712 0.15 mg Fixed Dose,-6.62,-6.62,0.99,,,,,"[{""units"":""Participants"",""counts"":[{""groupId"":""OG000"",""value"":""62""},{""groupId"":""OG001"",""value"":""119""},{""groupId"":""OG002"",""value"":""118""},{""groupId"":""OG003"",""value"":""126""}]}]"
NCT00797966,0,0,0,1,OG001,OPC-34712 0.5 ± 0.25 mg Low Dose,-6.46,-6.46,0.73,,,,,"[{""units"":""Participants"",""counts"":[{""groupId"":""OG000"",""value"":""62""},{""groupId"":""OG001"",""value"":""119""},{""groupId"":""OG002"",""value"":""118""},{""groupId"":""OG003"",""value"":""126""}]}]"
NCT00797966,0,0,0,2,OG002,OPC-34712 1.5 ± 0.5 mg High Dose,-8.23,-8.23,0.74,,,,,"[{""units"":""Participants"",""counts"":[{""groupId"":""OG000"",""value"":""62""},{""groupId"":""OG001"",""value"":""119""},{""groupId"":""OG002"",""value"":""118""},{""groupId"":""OG003"",""value"":""126""}]}]"
NCT00797966,0,0,0,3,OG003,Placebo,-6.09,-6.09,0.72,,,,,"[{""units"":""Participants"",""counts"":[{""groupId"":""OG000"",""value"":""62""},{""groupId"":""OG001"",""value"":""119""},{""groupId"":""OG002"",""value"":""118""},{""groupId"":""OG003"",""value"":""126""}]}]"
NCT00798707,0,0,0,0,OG000,Placebo,-8.52,-8.52,0.44,,,,,"[{""units"":""Participants"",""counts"":[{""groupId"":""OG000"",""value"":""231""},{""groupId"":""OG001"",""value"":""232""},{""groupId"":""OG002"",""value"":""236""}]}]"
NCT00798707,0,0,0,1,OG001,DVS SR 25 mg,-8.98,-8.98,0.44,,,,,"[{""units"":""Participants"",""counts"":[{""groupId"":""OG000"",""value"":""231""},{""groupId"":""OG001"",""value"":""232""},{""groupId"":""OG002"",""value"":""236""}]}]"
NCT00798707,0,0,0,2,OG002,DVS SR 50 mg,-10.02,-10.02,0.44,,,,,"[{""units"":""Participants"",""counts"":[{""groupId"":""OG000"",""value"":""231""},{""groupId"":""OG001"",""value"":""232""},{""groupId"":""OG002"",""value"":""236""}]}]"
NCT00807248,0,0,0,0,OG000,"Placebo (Orally, Once Daily)",-13.4,-13.4,1.1,,,,,"[{""units"":""Participants"",""counts"":[{""groupId"":""OG000"",""value"":""71""},{""groupId"":""OG001"",""value"":""139""},{""groupId"":""OG002"",""value"":""139""},{""groupId"":""OG003"",""value"":""140""}]}]"
NCT00807248,0,0,0,1,OG001,"Escitalopram 20 mg and Placebo (Orally, Once Daily)",-19.0,-19.0,0.9,,,,,"[{""units"":""Participants"",""counts"":[{""groupId"":""OG000"",""value"":""71""},{""groupId"":""OG001"",""value"":""139""},{""groupId"":""OG002"",""value"":""139""},{""groupId"":""OG003"",""value"":""140""}]}]"
NCT00807248,0,0,0,2,OG002,"Escitalopram 20 mg and Gaboxadol 5 mg (Orally, Once Daily)",-18.5,-18.5,0.9,,,,,"[{""units"":""Participants"",""counts"":[{""groupId"":""OG000"",""value"":""71""},{""groupId"":""OG001"",""value"":""139""},{""groupId"":""OG002"",""value"":""139""},{""groupId"":""OG003"",""value"":""140""}]}]"
NCT00807248,0,0,0,3,OG003,"Escitalopram 20 mg and Gaboxadol 10 mg (Orally, Once Daily)",-19.4,-19.4,0.9,,,,,"[{""units"":""Participants"",""counts"":[{""groupId"":""OG000"",""value"":""71""},{""groupId"":""OG001"",""value"":""139""},{""groupId"":""OG002"",""value"":""139""},{""groupId"":""OG003"",""value"":""140""}]}]"
NCT00811252,0,0,0,0,OG000,Placebo,-10.3,-10.3,0.76,,,,,"[{""units"":""Participants"",""counts"":[{""groupId"":""OG000"",""value"":""145""},{""groupId"":""OG001"",""value"":""155""},{""groupId"":""OG002"",""value"":""148""}]}]"
NCT00811252,0,0,0,1,OG001,Vortioxetine 5 mg,-13.7,-13.7,0.74,,,,,"[{""units"":""Participants"",""counts"":[{""groupId"":""OG000"",""value"":""145""},{""groupId"":""OG001"",""value"":""155""},{""groupId"":""OG002"",""value"":""148""}]}]"
NCT00811252,0,0,0,2,OG002,Duloxetine 60 mg,-15.8,-15.8,0.75,,,,,"[{""units"":""Participants"",""counts"":[{""groupId"":""OG000"",""value"":""145""},{""groupId"":""OG001"",""value"":""155""},{""groupId"":""OG002"",""value"":""148""}]}]"
NCT00824291,0,0,0,0,OG000,DVS SR 50 mg,-12.61,-12.61,0.45,,,,,"[{""units"":""Participants"",""counts"":[{""groupId"":""OG000"",""value"":""285""},{""groupId"":""OG001"",""value"":""142""}]}]"
NCT00824291,0,0,0,1,OG001,Placebo,-10.50,-10.5,0.60,,,,,"[{""units"":""Participants"",""counts"":[{""groupId"":""OG000"",""value"":""285""},{""groupId"":""OG001"",""value"":""142""}]}]"
NCT00839423,0,0,0,0,OG000,Placebo,-14.50,-14.5,1.03,,,,,"[{""units"":""Participants"",""counts"":[{""groupId"":""OG000"",""value"":""105""},{""groupId"":""OG001"",""value"":""108""},{""groupId"":""OG002"",""value"":""100""},{""groupId"":""OG003"",""value"":""112""}]}]"
NCT00839423,0,0,0,1,OG001,Vortioxetine 5 mg,-20.40,-20.4,1.01,,,,,"[{""units"":""Participants"",""counts"":[{""groupId"":""OG000"",""value"":""105""},{""groupId"":""OG001"",""value"":""108""},{""groupId"":""OG002"",""value"":""100""},{""groupId"":""OG003"",""value"":""112""}]}]"
NCT00839423,0,0,0,2,OG002,Vortioxetine 10 mg,-20.20,-20.2,1.04,,,,,"[{""units"":""Participants"",""counts"":[{""groupId"":""OG000"",""value"":""105""},{""groupId"":""OG001"",""value"":""108""},{""groupId"":""OG002"",""value"":""100""},{""groupId"":""OG003"",""value"":""112""}]}]"
NCT00839423,0,0,0,3,OG003,Venlafaxine 225 mg,-20.92,-20.92,0.99,,,,,"[{""units"":""Participants"",""counts"":[{""groupId"":""OG000"",""value"":""105""},{""groupId"":""OG001"",""value"":""108""},{""groupId"":""OG002"",""value"":""100""},{""groupId"":""OG003"",""value"":""112""}]}]"
NCT00840034,2,0,0,0,OG000,LY2216684,-8.13,-8.13,1.251,,,,,"[{""units"":""Participants"",""counts"":[{""groupId"":""OG000"",""value"":""62""},{""groupId"":""OG001"",""value"":""68""}]}]"
NCT00840034,2,0,0,1,OG001,Placebo,-5.76,-5.76,1.249,,,,,"[{""units"":""Participants"",""counts"":[{""groupId"":""OG000"",""value"":""62""},{""groupId"":""OG001"",""value"":""68""}]}]"
NCT00849693,0,0,0,0,OG000,Duloxetine 60mg,-23.9,-23.9,1.30,,,,,"[{""units"":""Participants"",""counts"":[{""groupId"":""OG000"",""value"":""105""},{""groupId"":""OG001"",""value"":""117""}]}]"
NCT00849693,0,0,0,1,OG001,Placebo,-21.6,-21.6,1.27,,,,,"[{""units"":""Participants"",""counts"":[{""groupId"":""OG000"",""value"":""105""},{""groupId"":""OG001"",""value"":""117""}]}]"
NCT00849901,0,0,0,0,OG000,Duloxetine,-24.3,-24.3,1.09,,,,,"[{""units"":""Participants"",""counts"":[{""groupId"":""OG000"",""value"":""113""},{""groupId"":""OG001"",""value"":""113""},{""groupId"":""OG002"",""value"":""103""}]}]"
NCT00849901,0,0,0,1,OG001,Fluoxetine,-23.7,-23.7,1.06,,,,,"[{""units"":""Participants"",""counts"":[{""groupId"":""OG000"",""value"":""113""},{""groupId"":""OG001"",""value"":""113""},{""groupId"":""OG002"",""value"":""103""}]}]"
NCT00849901,0,0,0,2,OG002,Placebo,-24.3,-24.3,1.11,,,,,"[{""units"":""Participants"",""counts"":[{""groupId"":""OG000"",""value"":""113""},{""groupId"":""OG001"",""value"":""113""},{""groupId"":""OG002"",""value"":""103""}]}]"
NCT00854100,0,0,0,0,OG000,Placebo,-8.0,-8.0,1.0,,,,,"[{""units"":""Participants"",""counts"":[{""groupId"":""OG000"",""value"":""81""},{""groupId"":""OG001"",""value"":""76""},{""groupId"":""OG002"",""value"":""73""}]}]"
NCT00854100,0,0,0,1,OG001,Cariprazine 0.1 - 0.3 mg,-7.5,-7.5,1.1,,,,,"[{""units"":""Participants"",""counts"":[{""groupId"":""OG000"",""value"":""81""},{""groupId"":""OG001"",""value"":""76""},{""groupId"":""OG002"",""value"":""73""}]}]"
NCT00854100,0,0,0,2,OG002,Cariprazine 1.0 - 2.0 mg,-9.8,-9.8,1.1,,,,,"[{""units"":""Participants"",""counts"":[{""groupId"":""OG000"",""value"":""81""},{""groupId"":""OG001"",""value"":""76""},{""groupId"":""OG002"",""value"":""73""}]}]"
NCT00863798,0,0,0,0,OG000,Placebo,-8.42,-8.42,0.45,,,,,"[{""units"":""Participants"",""counts"":[{""groupId"":""OG000"",""value"":""223""},{""groupId"":""OG001"",""value"":""226""},{""groupId"":""OG002"",""value"":""224""}]}]"
NCT00863798,0,0,0,1,OG001,DVS SR 10 mg,-9.28,-9.28,0.45,,,,,"[{""units"":""Participants"",""counts"":[{""groupId"":""OG000"",""value"":""223""},{""groupId"":""OG001"",""value"":""226""},{""groupId"":""OG002"",""value"":""224""}]}]"
NCT00863798,0,0,0,2,OG002,DVS SR 50 mg,-8.92,-8.92,0.45,,,,,"[{""units"":""Participants"",""counts"":[{""groupId"":""OG000"",""value"":""223""},{""groupId"":""OG001"",""value"":""226""},{""groupId"":""OG002"",""value"":""224""}]}]"
NCT00876343,0,0,0,0,OG000,Variable Dose Group of Aripiprazole,-9.6,-9.6,0.6,,,,,"[{""units"":""Participants"",""counts"":[{""groupId"":""OG000"",""value"":""194""},{""groupId"":""OG001"",""value"":""197""},{""groupId"":""OG002"",""value"":""195""}]}]"
NCT00876343,0,0,0,1,OG001,Fixed Dose Group of Aripiprazole,-10.5,-10.5,0.6,,,,,"[{""units"":""Participants"",""counts"":[{""groupId"":""OG000"",""value"":""194""},{""groupId"":""OG001"",""value"":""197""},{""groupId"":""OG002"",""value"":""195""}]}]"
NCT00876343,0,0,0,2,OG002,Placebo Group,-7.4,-7.4,0.6,,,,,"[{""units"":""Participants"",""counts"":[{""groupId"":""OG000"",""value"":""194""},{""groupId"":""OG001"",""value"":""197""},{""groupId"":""OG002"",""value"":""195""}]}]"
NCT00887224,0,0,0,0,OG000,Placebo,30.2,30.2,,,,,,"[{""units"":""Participants"",""counts"":[{""groupId"":""OG000"",""value"":""276""},{""groupId"":""OG001"",""value"":""272""}]}]"
NCT00887224,0,0,0,1,OG001,DVS SR 50 mg,14.3,14.3,,,,,,"[{""units"":""Participants"",""counts"":[{""groupId"":""OG000"",""value"":""276""},{""groupId"":""OG001"",""value"":""272""}]}]"
NCT00905424,0,0,0,0,OG000,Antidepressant + SPD489 (Non-remitters),-7.1,-7.1,0.93,,,,,"[{""units"":""Participants"",""counts"":[{""groupId"":""OG000"",""value"":""65""},{""groupId"":""OG001"",""value"":""64""}]}]"
NCT00905424,0,0,0,1,OG001,Antidepressant + Placebo (Non-remitters),-4.9,-4.9,0.94,,,,,"[{""units"":""Participants"",""counts"":[{""groupId"":""OG000"",""value"":""65""},{""groupId"":""OG001"",""value"":""64""}]}]"
NCT00962598,0,0,0,0,OG000,Corn Oil,19.21,19.21,5.173,,,ACC Glx/Water Baseline,,"[{""units"":""Participants"",""counts"":[{""groupId"":""OG000"",""value"":""7""},{""groupId"":""OG001"",""value"":""9""}]}]"
NCT00962598,0,0,0,1,OG001,Omega-3 Fatty Acids,18.99,18.99,2.989,,,ACC Glx/Water Baseline,,"[{""units"":""Participants"",""counts"":[{""groupId"":""OG000"",""value"":""7""},{""groupId"":""OG001"",""value"":""9""}]}]"
NCT00962598,0,1,0,0,OG000,Corn Oil,19.28,19.28,3.339,,,ACC Glx/Water 10 weeks,,"[{""units"":""Participants"",""counts"":[{""groupId"":""OG000"",""value"":""7""},{""groupId"":""OG001"",""value"":""9""}]}]"
NCT00962598,0,1,0,1,OG001,Omega-3 Fatty Acids,20.61,20.61,5.201,,,ACC Glx/Water 10 weeks,,"[{""units"":""Participants"",""counts"":[{""groupId"":""OG000"",""value"":""7""},{""groupId"":""OG001"",""value"":""9""}]}]"
NCT00962598,1,0,0,0,OG000,Corn Oil,28.37,28.37,4.097,,,ACC GABA/Water Baseline,,"[{""units"":""Participants"",""counts"":[{""groupId"":""OG000"",""value"":""7""},{""groupId"":""OG001"",""value"":""9""}]}]"
NCT00962598,1,0,0,1,OG001,Omega-3 Fatty Acids,25.28,25.28,2.845,,,ACC GABA/Water Baseline,,"[{""units"":""Participants"",""counts"":[{""groupId"":""OG000"",""value"":""7""},{""groupId"":""OG001"",""value"":""9""}]}]"
NCT00962598,1,1,0,0,OG000,Corn Oil,28.93,28.93,5.200,,,ACC GABA/Water 10 weeks,,"[{""units"":""Participants"",""counts"":[{""groupId"":""OG000"",""value"":""7""},{""groupId"":""OG001"",""value"":""9""}]}]"
NCT00962598,1,1,0,1,OG001,Omega-3 Fatty Acids,28.84,28.84,3.512,,,ACC GABA/Water 10 weeks,,"[{""units"":""Participants"",""counts"":[{""groupId"":""OG000"",""value"":""7""},{""groupId"":""OG001"",""value"":""9""}]}]"
NCT00969150,0,0,0,0,OG000,Placebo,-14.2,-14.2,0.90,,,,,"[{""units"":""Participants"",""counts"":[{""groupId"":""OG000"",""value"":""181""},{""groupId"":""OG001"",""value"":""174""}]}]"
NCT00969150,0,0,0,1,OG001,Levomilnacipran ER,-15.7,-15.7,0.94,,,,,"[{""units"":""Participants"",""counts"":[{""groupId"":""OG000"",""value"":""181""},{""groupId"":""OG001"",""value"":""174""}]}]"
NCT00969709,0,0,0,0,OG000,Placebo,-11.6,-11.6,0.97,,,,,"[{""units"":""Participants"",""counts"":[{""groupId"":""OG000"",""value"":""175""},{""groupId"":""OG001"",""value"":""176""},{""groupId"":""OG002"",""value"":""177""},{""groupId"":""OG003"",""value"":""176""}]}]"
NCT00969709,0,0,0,1,OG001,Levomilnacipran ER 40 mg,-14.8,-14.8,0.99,,,,,"[{""units"":""Participants"",""counts"":[{""groupId"":""OG000"",""value"":""175""},{""groupId"":""OG001"",""value"":""176""},{""groupId"":""OG002"",""value"":""177""},{""groupId"":""OG003"",""value"":""176""}]}]"
NCT00969709,0,0,0,2,OG002,Levomilnacipran ER 80 mg,-15.6,-15.6,1.00,,,,,"[{""units"":""Participants"",""counts"":[{""groupId"":""OG000"",""value"":""175""},{""groupId"":""OG001"",""value"":""176""},{""groupId"":""OG002"",""value"":""177""},{""groupId"":""OG003"",""value"":""176""}]}]"
NCT00969709,0,0,0,3,OG003,Levomilnacipran ER 120 mg,-16.5,-16.5,1.02,,,,,"[{""units"":""Participants"",""counts"":[{""groupId"":""OG000"",""value"":""175""},{""groupId"":""OG001"",""value"":""176""},{""groupId"":""OG002"",""value"":""177""},{""groupId"":""OG003"",""value"":""176""}]}]"
NCT00976560,0,0,0,0,OG000,Placebo,-6.5,-6.5,3.62,,,,,"[{""units"":""Participants"",""counts"":[{""groupId"":""OG000"",""value"":""50""},{""groupId"":""OG001"",""value"":""51""}]}]"
NCT00976560,0,0,0,1,OG001,GW856553 7.5 mg BID,-5.6,-5.6,3.74,,,,,"[{""units"":""Participants"",""counts"":[{""groupId"":""OG000"",""value"":""50""},{""groupId"":""OG001"",""value"":""51""}]}]"
NCT00985725,0,0,0,0,OG000,Lisdexamfetamine Dimesylate (LDX),-21.2,-21.2,1.67,,,,,"[{""units"":""Participants"",""counts"":[{""groupId"":""OG000"",""value"":""71""},{""groupId"":""OG001"",""value"":""72""}]}]"
NCT00985725,0,0,0,1,OG001,Placebo,-13.2,-13.2,1.66,,,,,"[{""units"":""Participants"",""counts"":[{""groupId"":""OG000"",""value"":""71""},{""groupId"":""OG001"",""value"":""72""}]}]"
NCT01020799,0,0,0,0,OG000,AZD7268,-11.78,-11.78,1.13,1.13,,,,"[{""units"":""Participants"",""counts"":[{""groupId"":""OG000"",""value"":""91""},{""groupId"":""OG001"",""value"":""94""},{""groupId"":""OG002"",""value"":""49""}]}]"
NCT01020799,0,0,0,1,OG001,Placebo,-11.45,-11.45,1.05,1.05,,,,"[{""units"":""Participants"",""counts"":[{""groupId"":""OG000"",""value"":""91""},{""groupId"":""OG001"",""value"":""94""},{""groupId"":""OG002"",""value"":""49""}]}]"
NCT01020799,0,0,0,2,OG002,Escitalopram,-11.70,-11.7,1.57,1.57,,,,"[{""units"":""Participants"",""counts"":[{""groupId"":""OG000"",""value"":""91""},{""groupId"":""OG001"",""value"":""94""},{""groupId"":""OG002"",""value"":""49""}]}]"
NCT01034462,0,0,0,0,OG000,Placebo,-12.2,-12.2,0.78,,,,,"[{""units"":""Participants"",""counts"":[{""groupId"":""OG000"",""value"":""214""},{""groupId"":""OG001"",""value"":""215""}]}]"
NCT01034462,0,0,0,1,OG001,Levomilnacipran ER,-15.3,-15.3,0.79,,,,,"[{""units"":""Participants"",""counts"":[{""groupId"":""OG000"",""value"":""214""},{""groupId"":""OG001"",""value"":""215""}]}]"
NCT01052077,0,0,0,0,OG000,Brexpiprazole,-8.20,-8.2,0.62,,,,,"[{""units"":""Participants"",""counts"":[{""groupId"":""OG000"",""value"":""184""},{""groupId"":""OG001"",""value"":""181""}]}]"
NCT01052077,0,0,0,1,OG001,Placebo,-7.02,-7.02,0.62,,,,,"[{""units"":""Participants"",""counts"":[{""groupId"":""OG000"",""value"":""184""},{""groupId"":""OG001"",""value"":""181""}]}]"
NCT01085812,0,0,0,0,OG000,Placebo,NA,,NA,,,,,"[{""units"":""Participants"",""counts"":[{""groupId"":""OG000"",""value"":""112""},{""groupId"":""OG001"",""value"":""230""}]}]"
NCT01085812,0,0,0,1,OG001,Levomilnacipran ER,NA,,NA,,,,,"[{""units"":""Participants"",""counts"":[{""groupId"":""OG000"",""value"":""112""},{""groupId"":""OG001"",""value"":""230""}]}]"
NCT01138007,0,0,0,0,OG000,Placebo,-13.9,-13.9,0.77,,,,,"[{""units"":""Participants"",""counts"":[{""groupId"":""OG000"",""value"":""186""},{""groupId"":""OG001"",""value"":""190""},{""groupId"":""OG002"",""value"":""188""}]}]"
NCT01138007,0,0,0,1,OG001,323U66 SR 150 mg,-14.4,-14.4,0.77,,,,,"[{""units"":""Participants"",""counts"":[{""groupId"":""OG000"",""value"":""186""},{""groupId"":""OG001"",""value"":""190""},{""groupId"":""OG002"",""value"":""188""}]}]"
NCT01138007,0,0,0,2,OG002,323U66 SR 300 mg,-12.9,-12.9,0.76,,,,,"[{""units"":""Participants"",""counts"":[{""groupId"":""OG000"",""value"":""186""},{""groupId"":""OG001"",""value"":""190""},{""groupId"":""OG002"",""value"":""188""}]}]"
NCT01140906,0,0,0,0,OG000,Placebo,-11.70,-11.7,0.76,,,,,"[{""units"":""Participants"",""counts"":[{""groupId"":""OG000"",""value"":""158""},{""groupId"":""OG001"",""value"":""149""},{""groupId"":""OG002"",""value"":""151""},{""groupId"":""OG003"",""value"":""146""}]}]"
NCT01140906,0,0,0,1,OG001,Vortioxetine 15 mg,-17.23,-17.23,0.79,,,,,"[{""units"":""Participants"",""counts"":[{""groupId"":""OG000"",""value"":""158""},{""groupId"":""OG001"",""value"":""149""},{""groupId"":""OG002"",""value"":""151""},{""groupId"":""OG003"",""value"":""146""}]}]"
NCT01140906,0,0,0,2,OG002,Vortioxetine 20 mg,-18.79,-18.79,0.78,,,,,"[{""units"":""Participants"",""counts"":[{""groupId"":""OG000"",""value"":""158""},{""groupId"":""OG001"",""value"":""149""},{""groupId"":""OG002"",""value"":""151""},{""groupId"":""OG003"",""value"":""146""}]}]"
NCT01140906,0,0,0,3,OG003,Duloxetine 60 mg,-21.15,-21.15,0.77,,,,,"[{""units"":""Participants"",""counts"":[{""groupId"":""OG000"",""value"":""158""},{""groupId"":""OG001"",""value"":""149""},{""groupId"":""OG002"",""value"":""151""},{""groupId"":""OG003"",""value"":""146""}]}]"
NCT01152554,0,0,0,0,OG000,TC-5214,82.4,82.4,,,,,,"[{""units"":""Participants"",""counts"":[{""groupId"":""OG000"",""value"":""607""},{""groupId"":""OG001"",""value"":""201""}]}]"
NCT01152554,0,0,0,1,OG001,Placebo,84.6,84.6,,,,,,"[{""units"":""Participants"",""counts"":[{""groupId"":""OG000"",""value"":""607""},{""groupId"":""OG001"",""value"":""201""}]}]"
NCT01152554,1,0,0,0,OG000,TC-5214,10.5,10.5,,,,,,"[{""units"":""Participants"",""counts"":[{""groupId"":""OG000"",""value"":""607""},{""groupId"":""OG001"",""value"":""201""}]}]"
NCT01152554,1,0,0,1,OG001,Placebo,7.0,7.0,,,,,,"[{""units"":""Participants"",""counts"":[{""groupId"":""OG000"",""value"":""607""},{""groupId"":""OG001"",""value"":""201""}]}]"
NCT01152554,2,0,0,0,OG000,TC-5214,3.6,3.6,,,,,,"[{""units"":""Participants"",""counts"":[{""groupId"":""OG000"",""value"":""607""},{""groupId"":""OG001"",""value"":""201""}]}]"
NCT01152554,2,0,0,1,OG001,Placebo,2.5,2.5,,,,,,"[{""units"":""Participants"",""counts"":[{""groupId"":""OG000"",""value"":""607""},{""groupId"":""OG001"",""value"":""201""}]}]"
NCT01153009,0,0,0,0,OG000,Placebo,-12.83,-12.83,0.834,,,,,"[{""units"":""Participants"",""counts"":[{""groupId"":""OG000"",""value"":""129""},{""groupId"":""OG001"",""value"":""113""},{""groupId"":""OG002"",""value"":""112""},{""groupId"":""OG003"",""value"":""115""}]}]"
NCT01153009,0,0,0,1,OG001,Vortioxetine 15 mg,-14.30,-14.3,0.890,,,,,"[{""units"":""Participants"",""counts"":[{""groupId"":""OG000"",""value"":""129""},{""groupId"":""OG001"",""value"":""113""},{""groupId"":""OG002"",""value"":""112""},{""groupId"":""OG003"",""value"":""115""}]}]"
NCT01153009,0,0,0,2,OG002,Vortioxetine 20 mg,-15.57,-15.57,0.880,,,,,"[{""units"":""Participants"",""counts"":[{""groupId"":""OG000"",""value"":""129""},{""groupId"":""OG001"",""value"":""113""},{""groupId"":""OG002"",""value"":""112""},{""groupId"":""OG003"",""value"":""115""}]}]"
NCT01153009,0,0,0,3,OG003,Duloxetine 60 mg,-16.90,-16.9,0.884,,,,,"[{""units"":""Participants"",""counts"":[{""groupId"":""OG000"",""value"":""129""},{""groupId"":""OG001"",""value"":""113""},{""groupId"":""OG002"",""value"":""112""},{""groupId"":""OG003"",""value"":""115""}]}]"
NCT01153347,0,0,0,0,OG000,0.5 mg BID TC-5214,-12.1,-12.1,0.81,,,,,"[{""units"":""Participants"",""counts"":[{""groupId"":""OG000"",""value"":""155""},{""groupId"":""OG001"",""value"":""156""},{""groupId"":""OG002"",""value"":""152""},{""groupId"":""OG003"",""value"":""157""}]}]"
NCT01153347,0,0,0,1,OG001,2 mg BID TC-5214,-11.8,-11.8,0.83,,,,,"[{""units"":""Participants"",""counts"":[{""groupId"":""OG000"",""value"":""155""},{""groupId"":""OG001"",""value"":""156""},{""groupId"":""OG002"",""value"":""152""},{""groupId"":""OG003"",""value"":""157""}]}]"
NCT01153347,0,0,0,2,OG002,4 mg BID TC-5214,-11.3,-11.3,0.84,,,,,"[{""units"":""Participants"",""counts"":[{""groupId"":""OG000"",""value"":""155""},{""groupId"":""OG001"",""value"":""156""},{""groupId"":""OG002"",""value"":""152""},{""groupId"":""OG003"",""value"":""157""}]}]"
NCT01153347,0,0,0,3,OG003,Placebo,-11.2,-11.2,0.80,,,,,"[{""units"":""Participants"",""counts"":[{""groupId"":""OG000"",""value"":""155""},{""groupId"":""OG001"",""value"":""156""},{""groupId"":""OG002"",""value"":""152""},{""groupId"":""OG003"",""value"":""157""}]}]"
NCT01157078,0,0,0,0,OG000,TC-5214,-12.7,-12.7,0.80,,,,,"[{""units"":""Participants"",""counts"":[{""groupId"":""OG000"",""value"":""151""},{""groupId"":""OG001"",""value"":""157""}]}]"
NCT01157078,0,0,0,1,OG001,Placebo,-11.7,-11.7,0.80,,,,,"[{""units"":""Participants"",""counts"":[{""groupId"":""OG000"",""value"":""151""},{""groupId"":""OG001"",""value"":""157""}]}]"
NCT01163266,0,0,0,0,OG000,Placebo,-10.77,-10.77,0.807,,,,,"[{""units"":""Participants"",""counts"":[{""groupId"":""OG000"",""value"":""139""},{""groupId"":""OG001"",""value"":""124""},{""groupId"":""OG002"",""value"":""122""}]}]"
NCT01163266,0,0,0,1,OG001,Vortioxetine 10 mg,-12.96,-12.96,0.832,,,,,"[{""units"":""Participants"",""counts"":[{""groupId"":""OG000"",""value"":""139""},{""groupId"":""OG001"",""value"":""124""},{""groupId"":""OG002"",""value"":""122""}]}]"
NCT01163266,0,0,0,2,OG002,Vortioxetine 20 mg,-14.41,-14.41,0.845,,,,,"[{""units"":""Participants"",""counts"":[{""groupId"":""OG000"",""value"":""139""},{""groupId"":""OG001"",""value"":""124""},{""groupId"":""OG002"",""value"":""122""}]}]"
NCT01173601,0,0,0,0,OG000,12 mg LY2216684 + SSRI,-8.47,-8.47,0.52,,,,,"[{""units"":""Participants"",""counts"":[{""groupId"":""OG000"",""value"":""230""},{""groupId"":""OG001"",""value"":""230""},{""groupId"":""OG002"",""value"":""240""}]}]"
NCT01173601,0,0,0,1,OG001,18 mg LY2216684 + SSRI,-8.70,-8.7,0.53,,,,,"[{""units"":""Participants"",""counts"":[{""groupId"":""OG000"",""value"":""230""},{""groupId"":""OG001"",""value"":""230""},{""groupId"":""OG002"",""value"":""240""}]}]"
NCT01173601,0,0,0,2,OG002,Placebo + SSRI,-7.77,-7.77,0.51,,,,,"[{""units"":""Participants"",""counts"":[{""groupId"":""OG000"",""value"":""230""},{""groupId"":""OG001"",""value"":""230""},{""groupId"":""OG002"",""value"":""240""}]}]"
NCT01179516,0,0,0,0,OG000,Placebo,-12.87,-12.87,1.043,,,,,"[{""units"":""Participants"",""counts"":[{""groupId"":""OG000"",""value"":""126""},{""groupId"":""OG001"",""value"":""123""},{""groupId"":""OG002"",""value"":""113""}]}]"
NCT01179516,0,0,0,1,OG001,Vortioxetine 10 mg,-13.66,-13.66,1.064,,,,,"[{""units"":""Participants"",""counts"":[{""groupId"":""OG000"",""value"":""126""},{""groupId"":""OG001"",""value"":""123""},{""groupId"":""OG002"",""value"":""113""}]}]"
NCT01179516,0,0,0,2,OG002,Vortioxetine 15 mg,-13.36,-13.36,1.087,,,,,"[{""units"":""Participants"",""counts"":[{""groupId"":""OG000"",""value"":""126""},{""groupId"":""OG001"",""value"":""123""},{""groupId"":""OG002"",""value"":""113""}]}]"
NCT01180400,0,0,0,0,OG000,TC-5214,-11.7,-11.7,0.71,,,,,"[{""units"":""Participants"",""counts"":[{""groupId"":""OG000"",""value"":""145""},{""groupId"":""OG001"",""value"":""145""}]}]"
NCT01180400,0,0,0,1,OG001,Placebo,-11.6,-11.6,0.70,,,,,"[{""units"":""Participants"",""counts"":[{""groupId"":""OG000"",""value"":""145""},{""groupId"":""OG001"",""value"":""145""}]}]"
NCT01185340,0,0,0,0,OG000,LY2216684 + SSRI,-8.73,-8.73,0.55,,,,,"[{""units"":""Participants"",""counts"":[{""groupId"":""OG000"",""value"":""225""},{""groupId"":""OG001"",""value"":""217""}]}]"
NCT01185340,0,0,0,1,OG001,Placebo + SSRI,-8.49,-8.49,0.57,,,,,"[{""units"":""Participants"",""counts"":[{""groupId"":""OG000"",""value"":""225""},{""groupId"":""OG001"",""value"":""217""}]}]"
NCT01187407,0,0,0,0,OG000,12 or 18 mg Flexible Dose LY2216684 + SSRI,-9.36,-9.36,0.55,,,,,"[{""units"":""Participants"",""counts"":[{""groupId"":""OG000"",""value"":""231""},{""groupId"":""OG001"",""value"":""220""},{""groupId"":""OG002"",""value"":""228""}]}]"
NCT01187407,0,0,0,1,OG001,6 mg Fixed Dose LY2216684 + SSRI,-9.59,-9.59,0.55,,,,,"[{""units"":""Participants"",""counts"":[{""groupId"":""OG000"",""value"":""231""},{""groupId"":""OG001"",""value"":""220""},{""groupId"":""OG002"",""value"":""228""}]}]"
NCT01187407,0,0,0,2,OG002,Placebo + SSRI,-9.36,-9.36,0.54,,,,,"[{""units"":""Participants"",""counts"":[{""groupId"":""OG000"",""value"":""231""},{""groupId"":""OG001"",""value"":""220""},{""groupId"":""OG002"",""value"":""228""}]}]"
NCT01189812,0,0,0,0,OG000,Placebo (Sugar Pill),4.8,4.8,5.5,,,,,"[{""units"":""Participants"",""counts"":[{""groupId"":""OG000"",""value"":""40""},{""groupId"":""OG001"",""value"":""40""}]},{""units"":""Suicidality scales"",""counts"":[{""groupId"":""OG000"",""value"":""40""},{""groupId"":""OG001"",""value"":""40""}]}]"
NCT01189812,0,0,0,1,OG001,Lithium,5.0,5.0,5.1,,,,,"[{""units"":""Participants"",""counts"":[{""groupId"":""OG000"",""value"":""40""},{""groupId"":""OG001"",""value"":""40""}]},{""units"":""Suicidality scales"",""counts"":[{""groupId"":""OG000"",""value"":""40""},{""groupId"":""OG001"",""value"":""40""}]}]"
NCT01197508,0,0,0,0,OG000,0.1 mg BID TC-5214,-11.6,-11.6,0.65,,,,,"[{""units"":""Participants"",""counts"":[{""groupId"":""OG000"",""value"":""173""},{""groupId"":""OG001"",""value"":""174""},{""groupId"":""OG002"",""value"":""170""},{""groupId"":""OG003"",""value"":""174""}]}]"
NCT01197508,0,0,0,1,OG001,1 mg BID TC-5214,-12.2,-12.2,0.66,,,,,"[{""units"":""Participants"",""counts"":[{""groupId"":""OG000"",""value"":""173""},{""groupId"":""OG001"",""value"":""174""},{""groupId"":""OG002"",""value"":""170""},{""groupId"":""OG003"",""value"":""174""}]}]"
NCT01197508,0,0,0,2,OG002,4 mg BID TC-5214,-12.2,-12.2,0.69,,,,,"[{""units"":""Participants"",""counts"":[{""groupId"":""OG000"",""value"":""173""},{""groupId"":""OG001"",""value"":""174""},{""groupId"":""OG002"",""value"":""170""},{""groupId"":""OG003"",""value"":""174""}]}]"
NCT01197508,0,0,0,3,OG003,Placebo,-12.7,-12.7,0.65,,,,,"[{""units"":""Participants"",""counts"":[{""groupId"":""OG000"",""value"":""173""},{""groupId"":""OG001"",""value"":""174""},{""groupId"":""OG002"",""value"":""170""},{""groupId"":""OG003"",""value"":""174""}]}]"
NCT01254305,0,0,0,0,OG000,Placebo,-1.5,-1.5,1.3,,,,,"[{""units"":""Participants"",""counts"":[{""groupId"":""OG000"",""value"":""88""},{""groupId"":""OG001"",""value"":""85""},{""groupId"":""OG002"",""value"":""75""}]}]"
NCT01254305,0,0,0,1,OG001,Levomilnacipran ER,-1.8,-1.8,1.4,,,,,"[{""units"":""Participants"",""counts"":[{""groupId"":""OG000"",""value"":""88""},{""groupId"":""OG001"",""value"":""85""},{""groupId"":""OG002"",""value"":""75""}]}]"
NCT01254305,0,0,0,2,OG002,SSRI,-1.9,-1.9,1.4,,,,,"[{""units"":""Participants"",""counts"":[{""groupId"":""OG000"",""value"":""88""},{""groupId"":""OG001"",""value"":""85""},{""groupId"":""OG002"",""value"":""75""}]}]"
NCT01254305,2,0,0,0,OG000,Placebo,-1.4,-1.4,1.5,,,,,"[{""units"":""Participants"",""counts"":[{""groupId"":""OG000"",""value"":""88""},{""groupId"":""OG001"",""value"":""85""},{""groupId"":""OG002"",""value"":""75""}]}]"
NCT01254305,2,0,0,1,OG001,Levomilnacipran ER,-1.7,-1.7,1.5,,,,,"[{""units"":""Participants"",""counts"":[{""groupId"":""OG000"",""value"":""88""},{""groupId"":""OG001"",""value"":""85""},{""groupId"":""OG002"",""value"":""75""}]}]"
NCT01254305,2,0,0,2,OG002,SSRI,-1.7,-1.7,1.5,,,,,"[{""units"":""Participants"",""counts"":[{""groupId"":""OG000"",""value"":""88""},{""groupId"":""OG001"",""value"":""85""},{""groupId"":""OG002"",""value"":""75""}]}]"
NCT01255787,0,0,0,0,OG000,Placebo,-13.99,-13.99,0.783,,,,,"[{""units"":""Participants"",""counts"":[{""groupId"":""OG000"",""value"":""150""},{""groupId"":""OG001"",""value"":""142""},{""groupId"":""OG002"",""value"":""147""},{""groupId"":""OG003"",""value"":""149""}]}]"
NCT01255787,0,0,0,1,OG001,Vortioxetine 5 mg,-14.61,-14.61,0.805,,,,,"[{""units"":""Participants"",""counts"":[{""groupId"":""OG000"",""value"":""150""},{""groupId"":""OG001"",""value"":""142""},{""groupId"":""OG002"",""value"":""147""},{""groupId"":""OG003"",""value"":""149""}]}]"
NCT01255787,0,0,0,2,OG002,Vortioxetine 10 mg,-15.68,-15.68,0.791,,,,,"[{""units"":""Participants"",""counts"":[{""groupId"":""OG000"",""value"":""150""},{""groupId"":""OG001"",""value"":""142""},{""groupId"":""OG002"",""value"":""147""},{""groupId"":""OG003"",""value"":""149""}]}]"
NCT01255787,0,0,0,3,OG003,Vortioxetine 20 mg,-15.82,-15.82,0.786,,,,,"[{""units"":""Participants"",""counts"":[{""groupId"":""OG000"",""value"":""150""},{""groupId"":""OG001"",""value"":""142""},{""groupId"":""OG002"",""value"":""147""},{""groupId"":""OG003"",""value"":""149""}]}]"
NCT01299272,0,0,0,0,OG000,LY2216684 + SSRI,10.43,10.43,,,,,,"[{""units"":""Participants"",""counts"":[{""groupId"":""OG000"",""value"":""294""},{""groupId"":""OG001"",""value"":""292""}]}]"
NCT01299272,0,0,0,1,OG001,Placebo + SSRI,8.24,8.24,,,,,,"[{""units"":""Participants"",""counts"":[{""groupId"":""OG000"",""value"":""294""},{""groupId"":""OG001"",""value"":""292""}]}]"
NCT01312922,0,0,0,0,OG000,PNB01,17,17.0,,,,,,"[{""units"":""Participants"",""counts"":[{""groupId"":""OG000"",""value"":""176""},{""groupId"":""OG001"",""value"":""174""},{""groupId"":""OG002"",""value"":""181""}]}]"
NCT01312922,0,0,0,1,OG001,Citalopram,17,17.0,,,,,,"[{""units"":""Participants"",""counts"":[{""groupId"":""OG000"",""value"":""176""},{""groupId"":""OG001"",""value"":""174""},{""groupId"":""OG002"",""value"":""181""}]}]"
NCT01312922,0,0,0,2,OG002,Pipamperone,17,17.0,,,,,,"[{""units"":""Participants"",""counts"":[{""groupId"":""OG000"",""value"":""176""},{""groupId"":""OG001"",""value"":""174""},{""groupId"":""OG002"",""value"":""181""}]}]"
NCT01355081,0,0,0,0,OG000,Vortioxetine 5 mg,-15.84,-15.84,0.885,,,,,"[{""units"":""Participants"",""counts"":[{""groupId"":""OG000"",""value"":""119""},{""groupId"":""OG001"",""value"":""122""},{""groupId"":""OG002"",""value"":""123""}]}]"
NCT01355081,0,0,0,1,OG001,Vortioxetine 10 mg,-14.85,-14.85,0.874,,,,,"[{""units"":""Participants"",""counts"":[{""groupId"":""OG000"",""value"":""119""},{""groupId"":""OG001"",""value"":""122""},{""groupId"":""OG002"",""value"":""123""}]}]"
NCT01355081,0,0,0,2,OG002,Placebo,-13.81,-13.81,0.870,,,,,"[{""units"":""Participants"",""counts"":[{""groupId"":""OG000"",""value"":""119""},{""groupId"":""OG001"",""value"":""122""},{""groupId"":""OG002"",""value"":""123""}]}]"
NCT01360632,0,0,0,0,OG000,Brexpiprazole (1mg) + ADT,-7.65,-7.65,0.5,,,,,"[{""units"":""Participants"",""counts"":[{""groupId"":""OG000"",""value"":""225""},{""groupId"":""OG001"",""value"":""226""},{""groupId"":""OG002"",""value"":""218""}]}]"
NCT01360632,0,0,0,1,OG001,Brexpiprazole (3mg) + ADT,-7.98,-7.98,0.51,,,,,"[{""units"":""Participants"",""counts"":[{""groupId"":""OG000"",""value"":""225""},{""groupId"":""OG001"",""value"":""226""},{""groupId"":""OG002"",""value"":""218""}]}]"
NCT01360632,0,0,0,2,OG002,Placebo + ADT,-6.45,-6.45,0.51,,,,,"[{""units"":""Participants"",""counts"":[{""groupId"":""OG000"",""value"":""225""},{""groupId"":""OG001"",""value"":""226""},{""groupId"":""OG002"",""value"":""218""}]}]"
NCT01360632,1,0,0,0,OG000,Brexpiprazole (1mg) + ADT,-7.64,-7.64,0.52,,,,,"[{""units"":""Participants"",""counts"":[{""groupId"":""OG000"",""value"":""211""},{""groupId"":""OG001"",""value"":""213""},{""groupId"":""OG002"",""value"":""203""}]}]"
NCT01360632,1,0,0,1,OG001,Brexpiprazole (3mg) + ADT,-8.29,-8.29,0.53,,,,,"[{""units"":""Participants"",""counts"":[{""groupId"":""OG000"",""value"":""211""},{""groupId"":""OG001"",""value"":""213""},{""groupId"":""OG002"",""value"":""203""}]}]"
NCT01360632,1,0,0,2,OG002,Placebo + ADT,6.33,6.33,0.53,,,,,"[{""units"":""Participants"",""counts"":[{""groupId"":""OG000"",""value"":""211""},{""groupId"":""OG001"",""value"":""213""},{""groupId"":""OG002"",""value"":""203""}]}]"
NCT01360645,0,0,0,0,OG000,Brexpiprazole 2 mg/Day + ADT,-8.27,-8.27,0.61,,,,,"[{""units"":""Participants"",""counts"":[{""groupId"":""OG000"",""value"":""187""},{""groupId"":""OG001"",""value"":""191""}]}]"
NCT01360645,0,0,0,1,OG001,Double-blind Placebo + ADT,-5.15,-5.15,0.60,,,,,"[{""units"":""Participants"",""counts"":[{""groupId"":""OG000"",""value"":""187""},{""groupId"":""OG001"",""value"":""191""}]}]"
NCT01360645,1,0,0,0,OG000,Brexpiprazole 2 mg/Day + ADT,-8.36,-8.36,0.64,,,,,"[{""units"":""Participants"",""counts"":[{""groupId"":""OG000"",""value"":""175""},{""groupId"":""OG001"",""value"":""178""}]}]"
NCT01360645,1,0,0,1,OG001,Double-blind Placebo + ADT,-5.15,-5.15,0.63,,,,,"[{""units"":""Participants"",""counts"":[{""groupId"":""OG000"",""value"":""175""},{""groupId"":""OG001"",""value"":""178""}]}]"
NCT01368432,0,0,0,0,OG000,Placebo Group Baseline,29.5,29.5,3.9,,,,,"[{""units"":""Participants"",""counts"":[{""groupId"":""OG000"",""value"":""6""},{""groupId"":""OG001"",""value"":""8""}]}]"
NCT01368432,0,0,0,1,OG001,Treatment Group Baseline,33.6,33.6,6.9,,,,,"[{""units"":""Participants"",""counts"":[{""groupId"":""OG000"",""value"":""6""},{""groupId"":""OG001"",""value"":""8""}]}]"
NCT01368432,1,0,0,0,OG000,Placebo Group MADRS 12 Weeks,11.2,11.2,9.5,,,,,"[{""units"":""Participants"",""counts"":[{""groupId"":""OG000"",""value"":""6""},{""groupId"":""OG001"",""value"":""8""}]}]"
NCT01368432,1,0,0,1,OG001,Treatment Group MADRS 12 Weeks,7,7.0,5.7,,,,,"[{""units"":""Participants"",""counts"":[{""groupId"":""OG000"",""value"":""6""},{""groupId"":""OG001"",""value"":""8""}]}]"
NCT01370733,0,0,0,0,OG000,Active sTMS,-7.49,-7.49,7.25,,,,,"[{""units"":""Participants"",""counts"":[{""groupId"":""OG000"",""value"":""103""},{""groupId"":""OG001"",""value"":""99""}]}]"
NCT01370733,0,0,0,1,OG001,Sham,-6.97,-6.97,6.28,,,,,"[{""units"":""Participants"",""counts"":[{""groupId"":""OG000"",""value"":""103""},{""groupId"":""OG001"",""value"":""99""}]}]"
NCT01370733,1,0,0,0,OG000,Active sTMS,-9.00,-9.0,6.54,,,,,"[{""units"":""Participants"",""counts"":[{""groupId"":""OG000"",""value"":""59""},{""groupId"":""OG001"",""value"":""61""}]}]"
NCT01370733,1,0,0,1,OG001,Sham,-6.56,-6.56,5.85,,,,,"[{""units"":""Participants"",""counts"":[{""groupId"":""OG000"",""value"":""59""},{""groupId"":""OG001"",""value"":""61""}]}]"
NCT01371734,0,0,0,0,OG000,Placebo,-22.85,-22.85,1.13,,,,,"[{""units"":""Participants"",""counts"":[{""groupId"":""OG000"",""value"":""119""},{""groupId"":""OG001"",""value"":""120""},{""groupId"":""OG002"",""value"":""121""}]}]"
NCT01371734,0,0,0,1,OG001,DVS SR Low Dose,-23.70,-23.7,1.12,,,,,"[{""units"":""Participants"",""counts"":[{""groupId"":""OG000"",""value"":""119""},{""groupId"":""OG001"",""value"":""120""},{""groupId"":""OG002"",""value"":""121""}]}]"
NCT01371734,0,0,0,2,OG002,DVS SR High Dose,-24.37,-24.37,1.12,,,,,"[{""units"":""Participants"",""counts"":[{""groupId"":""OG000"",""value"":""119""},{""groupId"":""OG001"",""value"":""120""},{""groupId"":""OG002"",""value"":""121""}]}]"
NCT01372150,0,0,0,0,OG000,Placebo,-23.07,-23.07,1.18,,,,,"[{""units"":""Participants"",""counts"":[{""groupId"":""OG000"",""value"":""99""},{""groupId"":""OG001"",""value"":""101""},{""groupId"":""OG002"",""value"":""99""}]}]"
NCT01372150,0,0,0,1,OG001,Fluoxetine,-24.79,-24.79,1.17,,,,,"[{""units"":""Participants"",""counts"":[{""groupId"":""OG000"",""value"":""99""},{""groupId"":""OG001"",""value"":""101""},{""groupId"":""OG002"",""value"":""99""}]}]"
NCT01372150,0,0,0,2,OG002,DVS SR,-22.61,-22.61,1.17,,,,,"[{""units"":""Participants"",""counts"":[{""groupId"":""OG000"",""value"":""99""},{""groupId"":""OG001"",""value"":""101""},{""groupId"":""OG002"",""value"":""99""}]}]"
NCT01377194,0,0,0,0,OG000,Placebo,-11.3,-11.3,0.77,,,,,"[{""units"":""Participants"",""counts"":[{""groupId"":""OG000"",""value"":""185""},{""groupId"":""OG001"",""value"":""185""},{""groupId"":""OG002"",""value"":""187""}]}]"
NCT01377194,0,0,0,1,OG001,Levomilnacipran ER 40 mg,-14.6,-14.6,0.79,,,,,"[{""units"":""Participants"",""counts"":[{""groupId"":""OG000"",""value"":""185""},{""groupId"":""OG001"",""value"":""185""},{""groupId"":""OG002"",""value"":""187""}]}]"
NCT01377194,0,0,0,2,OG002,Levomilnacipran ER 80 mg,-14.4,-14.4,0.79,,,,,"[{""units"":""Participants"",""counts"":[{""groupId"":""OG000"",""value"":""185""},{""groupId"":""OG001"",""value"":""185""},{""groupId"":""OG002"",""value"":""187""}]}]"
NCT01407575,0,0,0,0,OG000,Buprenorphine,33.8,33.8,10.96,,,,,"[{""units"":""Participants"",""counts"":[{""groupId"":""OG000"",""value"":""5""},{""groupId"":""OG001"",""value"":""5""}]}]"
NCT01407575,0,0,0,1,OG001,Placebo,32.6,32.6,2.07,,,,,"[{""units"":""Participants"",""counts"":[{""groupId"":""OG000"",""value"":""5""},{""groupId"":""OG001"",""value"":""5""}]}]"
NCT01407575,1,0,0,0,OG000,Buprenorphine,138.4,138.4,22.71,,,Systolic Blood Pressure,,"[{""units"":""Participants"",""counts"":[{""groupId"":""OG000"",""value"":""5""},{""groupId"":""OG001"",""value"":""5""}]}]"
NCT01407575,1,0,0,1,OG001,Placebo,117.2,117.2,28.1,,,Systolic Blood Pressure,,"[{""units"":""Participants"",""counts"":[{""groupId"":""OG000"",""value"":""5""},{""groupId"":""OG001"",""value"":""5""}]}]"
NCT01407575,1,1,0,0,OG000,Buprenorphine,91,91.0,14.92,,,Diastolic Blood Pressure,,"[{""units"":""Participants"",""counts"":[{""groupId"":""OG000"",""value"":""5""},{""groupId"":""OG001"",""value"":""5""}]}]"
NCT01407575,1,1,0,1,OG001,Placebo,71,71.0,15.92,,,Diastolic Blood Pressure,,"[{""units"":""Participants"",""counts"":[{""groupId"":""OG000"",""value"":""5""},{""groupId"":""OG001"",""value"":""5""}]}]"
NCT01407575,2,0,0,0,OG000,Buprenorphine,29.2,29.2,13.74,,,,,"[{""units"":""Participants"",""counts"":[{""groupId"":""OG000"",""value"":""5""},{""groupId"":""OG001"",""value"":""5""}]}]"
NCT01407575,2,0,0,1,OG001,Placebo,20.2,20.2,5.36,,,,,"[{""units"":""Participants"",""counts"":[{""groupId"":""OG000"",""value"":""5""},{""groupId"":""OG001"",""value"":""5""}]}]"
NCT01407575,5,0,0,0,OG000,Buprenorphine,87.25,87.25,12.84,,,,,"[{""units"":""Participants"",""counts"":[{""groupId"":""OG000"",""value"":""5""},{""groupId"":""OG001"",""value"":""5""}]}]"
NCT01407575,5,0,0,1,OG001,Placebo,72.6,72.6,19.73,,,,,"[{""units"":""Participants"",""counts"":[{""groupId"":""OG000"",""value"":""5""},{""groupId"":""OG001"",""value"":""5""}]}]"
NCT01407575,6,0,0,0,OG000,Buprenorphine,191.7,191.7,30.02,,,,,"[{""units"":""Participants"",""counts"":[{""groupId"":""OG000"",""value"":""5""},{""groupId"":""OG001"",""value"":""5""}]}]"
NCT01407575,6,0,0,1,OG001,Placebo,203.7,203.7,12.99,,,,,"[{""units"":""Participants"",""counts"":[{""groupId"":""OG000"",""value"":""5""},{""groupId"":""OG001"",""value"":""5""}]}]"
NCT01421134,0,0,0,0,OG000,Lurasidone,-20.5,-20.5,0.95,,,,,"[{""units"":""Participants"",""counts"":[{""groupId"":""OG000"",""value"":""108""},{""groupId"":""OG001"",""value"":""100""}]}]"
NCT01421134,0,0,0,1,OG001,Placebo,-13.0,-13.0,1.00,,,,,"[{""units"":""Participants"",""counts"":[{""groupId"":""OG000"",""value"":""108""},{""groupId"":""OG001"",""value"":""100""}]}]"
NCT01421342,0,0,0,0,OG000,Switching: Bupropion-SR,114,114.0,,,,,,"[{""units"":""Participants"",""counts"":[{""groupId"":""OG000"",""value"":""511""},{""groupId"":""OG001"",""value"":""506""},{""groupId"":""OG002"",""value"":""505""}]}]"
NCT01421342,0,0,0,1,OG001,Augmenting: Antidepressant + Bupropion-SR,136,136.0,,,,,,"[{""units"":""Participants"",""counts"":[{""groupId"":""OG000"",""value"":""511""},{""groupId"":""OG001"",""value"":""506""},{""groupId"":""OG002"",""value"":""505""}]}]"
NCT01421342,0,0,0,2,OG002,Augmenting: Antidepressant + Aripiprazole,146,146.0,,,,,,"[{""units"":""Participants"",""counts"":[{""groupId"":""OG000"",""value"":""511""},{""groupId"":""OG001"",""value"":""506""},{""groupId"":""OG002"",""value"":""505""}]}]"
NCT01422213,0,0,0,0,OG000,Placebo,-0.235,-0.235,0.053,,,,,"[{""units"":""Participants"",""counts"":[{""groupId"":""OG000"",""value"":""178""},{""groupId"":""OG001"",""value"":""180""},{""groupId"":""OG002"",""value"":""187""}]}]"
NCT01422213,0,0,0,1,OG001,Vortioxetine 10 mg,0.128,0.128,0.052,,,,,"[{""units"":""Participants"",""counts"":[{""groupId"":""OG000"",""value"":""178""},{""groupId"":""OG001"",""value"":""180""},{""groupId"":""OG002"",""value"":""187""}]}]"
NCT01422213,0,0,0,2,OG002,Vortioxetine 20 mg,0.095,0.095,0.051,,,,,"[{""units"":""Participants"",""counts"":[{""groupId"":""OG000"",""value"":""178""},{""groupId"":""OG001"",""value"":""180""},{""groupId"":""OG002"",""value"":""187""}]}]"
NCT01428661,0,0,0,0,OG000,Tasimelteon,-8.19,-8.19,0.45,,,,,"[{""units"":""Participants"",""counts"":[{""groupId"":""OG000"",""value"":""249""},{""groupId"":""OG001"",""value"":""243""},{""groupId"":""OG002"",""value"":""339""}]}]"
NCT01428661,0,0,0,1,OG001,Placebo,-7.83,-7.83,0.45,,,,,"[{""units"":""Participants"",""counts"":[{""groupId"":""OG000"",""value"":""249""},{""groupId"":""OG001"",""value"":""243""},{""groupId"":""OG002"",""value"":""339""}]}]"
NCT01428661,0,0,0,2,OG002,Open Label Tasimelteon,-13.6,-13.6,0.34,,,,,"[{""units"":""Participants"",""counts"":[{""groupId"":""OG000"",""value"":""249""},{""groupId"":""OG001"",""value"":""243""},{""groupId"":""OG002"",""value"":""339""}]}]"
NCT01435759,3,0,0,0,OG000,Antidepressant + Double-blind Placebo,-5.4,-5.4,,-7.2,-3.5,,,"[{""units"":""Participants"",""counts"":[{""groupId"":""OG000"",""value"":""72""},{""groupId"":""OG001"",""value"":""71""},{""groupId"":""OG002"",""value"":""69""},{""groupId"":""OG003"",""value"":""66""},{""groupId"":""OG004"",""value"":""71""}]}]"
NCT01435759,3,0,0,1,OG001,Antidepressant + Double-blind SPD489 10mg,-6.7,-6.7,,-8.6,-4.9,,,"[{""units"":""Participants"",""counts"":[{""groupId"":""OG000"",""value"":""72""},{""groupId"":""OG001"",""value"":""71""},{""groupId"":""OG002"",""value"":""69""},{""groupId"":""OG003"",""value"":""66""},{""groupId"":""OG004"",""value"":""71""}]}]"
NCT01435759,3,0,0,2,OG002,Antidepressant + Double-blind SPD489 30mg,-5.3,-5.3,,-7.1,-3.4,,,"[{""units"":""Participants"",""counts"":[{""groupId"":""OG000"",""value"":""72""},{""groupId"":""OG001"",""value"":""71""},{""groupId"":""OG002"",""value"":""69""},{""groupId"":""OG003"",""value"":""66""},{""groupId"":""OG004"",""value"":""71""}]}]"
NCT01435759,3,0,0,3,OG003,Antidepressant + Double-blind SPD489 50mg,-6.1,-6.1,,-8.1,-4.1,,,"[{""units"":""Participants"",""counts"":[{""groupId"":""OG000"",""value"":""72""},{""groupId"":""OG001"",""value"":""71""},{""groupId"":""OG002"",""value"":""69""},{""groupId"":""OG003"",""value"":""66""},{""groupId"":""OG004"",""value"":""71""}]}]"
NCT01435759,3,0,0,4,OG004,Antidepressant + Double-blind SPD489 70mg,-6.3,-6.3,,-8.2,-4.4,,,"[{""units"":""Participants"",""counts"":[{""groupId"":""OG000"",""value"":""72""},{""groupId"":""OG001"",""value"":""71""},{""groupId"":""OG002"",""value"":""69""},{""groupId"":""OG003"",""value"":""66""},{""groupId"":""OG004"",""value"":""71""}]}]"
NCT01436149,0,0,0,0,OG000,Antidepressant + Placebo,-6.3,-6.3,,-7.6,-4.9,,,"[{""units"":""Participants"",""counts"":[{""groupId"":""OG000"",""value"":""200""},{""groupId"":""OG001"",""value"":""200""}]}]"
NCT01436149,0,0,0,1,OG001,Antidepressant + SPD489,-6.1,-6.1,,-7.5,-4.8,,,"[{""units"":""Participants"",""counts"":[{""groupId"":""OG000"",""value"":""200""},{""groupId"":""OG001"",""value"":""200""}]}]"
NCT01436162,0,0,0,0,OG000,Antidepressant + SPD489,-7.3,-7.3,,-8.6,-6.0,,,"[{""units"":""Participants"",""counts"":[{""groupId"":""OG000"",""value"":""209""},{""groupId"":""OG001"",""value"":""213""}]}]"
NCT01436162,0,0,0,1,OG001,Antidepressant + Placebo,-6.8,-6.8,,-8.1,-5.5,,,"[{""units"":""Participants"",""counts"":[{""groupId"":""OG000"",""value"":""209""},{""groupId"":""OG001"",""value"":""213""}]}]"
NCT01441440,0,0,0,0,OG000,Placebo,-9.25,-9.25,0.48,,,,,"[{""units"":""Participants"",""counts"":[{""groupId"":""OG000"",""value"":""184""},{""groupId"":""OG001"",""value"":""174""},{""groupId"":""OG002"",""value"":""177""}]}]"
NCT01441440,0,0,0,1,OG001,Venlafaxine 75 mg/Day Fixed,-10.76,-10.76,0.50,,,,,"[{""units"":""Participants"",""counts"":[{""groupId"":""OG000"",""value"":""184""},{""groupId"":""OG001"",""value"":""174""},{""groupId"":""OG002"",""value"":""177""}]}]"
NCT01441440,0,0,0,2,OG002,Venlafaxine 75-225 mg/Day Flexible,-10.37,-10.37,0.49,,,,,"[{""units"":""Participants"",""counts"":[{""groupId"":""OG000"",""value"":""184""},{""groupId"":""OG001"",""value"":""174""},{""groupId"":""OG002"",""value"":""177""}]}]"
NCT01469377,0,0,0,0,OG000,Placebo,-12.5,-12.5,0.5,,,,,"[{""units"":""Participants"",""counts"":[{""groupId"":""OG000"",""value"":""264""},{""groupId"":""OG001"",""value"":""273""},{""groupId"":""OG002"",""value"":""271""}]}]"
NCT01469377,0,0,0,1,OG001,Cariprazine 1-2 mg,-13.4,-13.4,0.5,,,,,"[{""units"":""Participants"",""counts"":[{""groupId"":""OG000"",""value"":""264""},{""groupId"":""OG001"",""value"":""273""},{""groupId"":""OG002"",""value"":""271""}]}]"
NCT01469377,0,0,0,2,OG002,Cariprazine 2-4.5 mg,-14.6,-14.6,0.6,,,,,"[{""units"":""Participants"",""counts"":[{""groupId"":""OG000"",""value"":""264""},{""groupId"":""OG001"",""value"":""273""},{""groupId"":""OG002"",""value"":""271""}]}]"
NCT01482221,0,0,0,0,OG000,AZD6765 50 mg,-14.37,-14.37,1.238,,,,,"[{""units"":""Participants"",""counts"":[{""groupId"":""OG000"",""value"":""101""},{""groupId"":""OG001"",""value"":""100""},{""groupId"":""OG002"",""value"":""97""}]}]"
NCT01482221,0,0,0,1,OG001,AZD6765 100 mg,-14.40,-14.4,1.244,,,,,"[{""units"":""Participants"",""counts"":[{""groupId"":""OG000"",""value"":""101""},{""groupId"":""OG001"",""value"":""100""},{""groupId"":""OG002"",""value"":""97""}]}]"
NCT01482221,0,0,0,2,OG002,Placebo,-13.18,-13.18,1.266,,,,,"[{""units"":""Participants"",""counts"":[{""groupId"":""OG000"",""value"":""101""},{""groupId"":""OG001"",""value"":""100""},{""groupId"":""OG002"",""value"":""97""}]}]"
NCT01488071,0,0,0,0,OG000,Vortioxetine 10 mg or 20 mg,-16.53,-16.53,0.48,,,,,"[{""units"":""Participants"",""counts"":[{""groupId"":""OG000"",""value"":""220""},{""groupId"":""OG001"",""value"":""190""}]}]"
NCT01488071,0,0,0,1,OG001,Agomelatine 25 mg or 50 mg,-14.38,-14.38,0.51,,,,,"[{""units"":""Participants"",""counts"":[{""groupId"":""OG000"",""value"":""220""},{""groupId"":""OG001"",""value"":""190""}]}]"
NCT01500200,0,0,0,0,OG000,Placebo S1,-7.1,-7.1,0.6,,,,,"[{""units"":""Participants"",""counts"":[{""groupId"":""OG000"",""value"":""95""},{""groupId"":""OG001"",""value"":""20""},{""groupId"":""OG002"",""value"":""20""},{""groupId"":""OG003"",""value"":""20""},{""groupId"":""OG004"",""value"":""23""},{""groupId"":""OG005"",""value"":""22""}]}]"
NCT01500200,0,0,0,1,OG001,ALKS 5461 2mg/2mg S1,-9.3,-9.3,1.5,,,,,"[{""units"":""Participants"",""counts"":[{""groupId"":""OG000"",""value"":""95""},{""groupId"":""OG001"",""value"":""20""},{""groupId"":""OG002"",""value"":""20""},{""groupId"":""OG003"",""value"":""20""},{""groupId"":""OG004"",""value"":""23""},{""groupId"":""OG005"",""value"":""22""}]}]"
NCT01500200,0,0,0,2,OG002,ALKS 5461 8mg/8mg S1,-6.6,-6.6,1.6,,,,,"[{""units"":""Participants"",""counts"":[{""groupId"":""OG000"",""value"":""95""},{""groupId"":""OG001"",""value"":""20""},{""groupId"":""OG002"",""value"":""20""},{""groupId"":""OG003"",""value"":""20""},{""groupId"":""OG004"",""value"":""23""},{""groupId"":""OG005"",""value"":""22""}]}]"
NCT01500200,0,0,0,3,OG003,Placebo S2,-1.5,-1.5,1.1,,,,,"[{""units"":""Participants"",""counts"":[{""groupId"":""OG000"",""value"":""95""},{""groupId"":""OG001"",""value"":""20""},{""groupId"":""OG002"",""value"":""20""},{""groupId"":""OG003"",""value"":""20""},{""groupId"":""OG004"",""value"":""23""},{""groupId"":""OG005"",""value"":""22""}]}]"
NCT01500200,0,0,0,4,OG004,ALKS 5461 2mg/2mg S2,-5.2,-5.2,1.2,,,,,"[{""units"":""Participants"",""counts"":[{""groupId"":""OG000"",""value"":""95""},{""groupId"":""OG001"",""value"":""20""},{""groupId"":""OG002"",""value"":""20""},{""groupId"":""OG003"",""value"":""20""},{""groupId"":""OG004"",""value"":""23""},{""groupId"":""OG005"",""value"":""22""}]}]"
NCT01500200,0,0,0,5,OG005,ALKS 5461 8mg/8mg S2,-3.3,-3.3,1.1,,,,,"[{""units"":""Participants"",""counts"":[{""groupId"":""OG000"",""value"":""95""},{""groupId"":""OG001"",""value"":""20""},{""groupId"":""OG002"",""value"":""20""},{""groupId"":""OG003"",""value"":""20""},{""groupId"":""OG004"",""value"":""23""},{""groupId"":""OG005"",""value"":""22""}]}]"
NCT01558063,0,0,0,0,OG000,Ketamine Dose 1,3,3.0,,,,,,"[{""units"":""Participants"",""counts"":[{""groupId"":""OG000"",""value"":""5""},{""groupId"":""OG001"",""value"":""6""},{""groupId"":""OG002"",""value"":""8""},{""groupId"":""OG003"",""value"":""5""},{""groupId"":""OG004"",""value"":""9""},{""groupId"":""OG005"",""value"":""5""}]}]"
NCT01558063,0,0,0,1,OG001,Ketamine Dose 2,1,1.0,,,,,,"[{""units"":""Participants"",""counts"":[{""groupId"":""OG000"",""value"":""5""},{""groupId"":""OG001"",""value"":""6""},{""groupId"":""OG002"",""value"":""8""},{""groupId"":""OG003"",""value"":""5""},{""groupId"":""OG004"",""value"":""9""},{""groupId"":""OG005"",""value"":""5""}]}]"
NCT01558063,0,0,0,2,OG002,Ketamine Dose 3,3,3.0,,,,,,"[{""units"":""Participants"",""counts"":[{""groupId"":""OG000"",""value"":""5""},{""groupId"":""OG001"",""value"":""6""},{""groupId"":""OG002"",""value"":""8""},{""groupId"":""OG003"",""value"":""5""},{""groupId"":""OG004"",""value"":""9""},{""groupId"":""OG005"",""value"":""5""}]}]"
NCT01558063,0,0,0,3,OG003,Ketamine Dose 4,2,2.0,,,,,,"[{""units"":""Participants"",""counts"":[{""groupId"":""OG000"",""value"":""5""},{""groupId"":""OG001"",""value"":""6""},{""groupId"":""OG002"",""value"":""8""},{""groupId"":""OG003"",""value"":""5""},{""groupId"":""OG004"",""value"":""9""},{""groupId"":""OG005"",""value"":""5""}]}]"
NCT01558063,0,0,0,4,OG004,Ketamine Dose 5,2,2.0,,,,,,"[{""units"":""Participants"",""counts"":[{""groupId"":""OG000"",""value"":""5""},{""groupId"":""OG001"",""value"":""6""},{""groupId"":""OG002"",""value"":""8""},{""groupId"":""OG003"",""value"":""5""},{""groupId"":""OG004"",""value"":""9""},{""groupId"":""OG005"",""value"":""5""}]}]"
NCT01558063,0,0,0,5,OG005,Saline Solution,0,0.0,,,,,,"[{""units"":""Participants"",""counts"":[{""groupId"":""OG000"",""value"":""5""},{""groupId"":""OG001"",""value"":""6""},{""groupId"":""OG002"",""value"":""8""},{""groupId"":""OG003"",""value"":""5""},{""groupId"":""OG004"",""value"":""9""},{""groupId"":""OG005"",""value"":""5""}]}]"
NCT01564862,0,0,0,0,OG000,Vortioxetine (Lu AA21004),4.60,4.6,0.530,,,,,"[{""units"":""Participants"",""counts"":[{""groupId"":""OG000"",""value"":""175""},{""groupId"":""OG001"",""value"":""187""},{""groupId"":""OG002"",""value"":""167""}]}]"
NCT01564862,0,0,0,1,OG001,Duloxetine,4.06,4.06,0.511,,,,,"[{""units"":""Participants"",""counts"":[{""groupId"":""OG000"",""value"":""175""},{""groupId"":""OG001"",""value"":""187""},{""groupId"":""OG002"",""value"":""167""}]}]"
NCT01564862,0,0,0,2,OG002,Placebo,2.85,2.85,0.542,,,,,"[{""units"":""Participants"",""counts"":[{""groupId"":""OG000"",""value"":""175""},{""groupId"":""OG001"",""value"":""187""},{""groupId"":""OG002"",""value"":""167""}]}]"
NCT01571453,0,0,0,0,OG000,Vortioxetine,-19.36,-19.36,0.70,,,,,"[{""units"":""Participants"",""counts"":[{""groupId"":""OG000"",""value"":""209""},{""groupId"":""OG001"",""value"":""215""}]}]"
NCT01571453,0,0,0,1,OG001,Venlafaxine,-18.16,-18.16,0.68,,,,,"[{""units"":""Participants"",""counts"":[{""groupId"":""OG000"",""value"":""209""},{""groupId"":""OG001"",""value"":""215""}]}]"
NCT01625845,0,0,0,0,OG000,Pentoxifylline + Standard Treatment,-1.18,-1.18,1.48,,,,,"[{""units"":""Participants"",""counts"":[{""groupId"":""OG000"",""value"":""5""},{""groupId"":""OG001"",""value"":""3""}]}]"
NCT01625845,0,0,0,1,OG001,Placebo + Standard Treatment,0.79,0.79,1.95,,,,,"[{""units"":""Participants"",""counts"":[{""groupId"":""OG000"",""value"":""5""},{""groupId"":""OG001"",""value"":""3""}]}]"
NCT01625845,1,0,0,0,OG000,Pentoxifylline + Standard Treatment,-0.35,-0.35,0.25,,,,,"[{""units"":""Participants"",""counts"":[{""groupId"":""OG000"",""value"":""5""},{""groupId"":""OG001"",""value"":""3""}]}]"
NCT01625845,1,0,0,1,OG001,Placebo + Standard Treatment,-1.41,-1.41,0.34,,,,,"[{""units"":""Participants"",""counts"":[{""groupId"":""OG000"",""value"":""5""},{""groupId"":""OG001"",""value"":""3""}]}]"
NCT01627782,0,0,0,0,OG000,Placebo: 2 Times Per Week,35.6,35.6,3.79,,,"Baseline (n=16,18,16,17)",,"[{""units"":""Participants"",""counts"":[{""groupId"":""OG000"",""value"":""16""},{""groupId"":""OG001"",""value"":""18""},{""groupId"":""OG002"",""value"":""16""},{""groupId"":""OG003"",""value"":""17""}]}]"
NCT01627782,0,0,0,1,OG001,Ketamine: 2 Times Per Week,33.3,33.3,4.91,,,"Baseline (n=16,18,16,17)",,"[{""units"":""Participants"",""counts"":[{""groupId"":""OG000"",""value"":""16""},{""groupId"":""OG001"",""value"":""18""},{""groupId"":""OG002"",""value"":""16""},{""groupId"":""OG003"",""value"":""17""}]}]"
NCT01627782,0,0,0,2,OG002,Placebo: 3 Times Per Week,36.8,36.8,5.83,,,"Baseline (n=16,18,16,17)",,"[{""units"":""Participants"",""counts"":[{""groupId"":""OG000"",""value"":""16""},{""groupId"":""OG001"",""value"":""18""},{""groupId"":""OG002"",""value"":""16""},{""groupId"":""OG003"",""value"":""17""}]}]"
NCT01627782,0,0,0,3,OG003,Ketamine: 3 Times Per Week,35.4,35.4,5.28,,,"Baseline (n=16,18,16,17)",,"[{""units"":""Participants"",""counts"":[{""groupId"":""OG000"",""value"":""16""},{""groupId"":""OG001"",""value"":""18""},{""groupId"":""OG002"",""value"":""16""},{""groupId"":""OG003"",""value"":""17""}]}]"
NCT01627782,0,1,0,0,OG000,Placebo: 2 Times Per Week,-5.7,-5.7,10.23,,,"Change at Day 15 (n=13,16,16,13)",,"[{""units"":""Participants"",""counts"":[{""groupId"":""OG000"",""value"":""16""},{""groupId"":""OG001"",""value"":""18""},{""groupId"":""OG002"",""value"":""16""},{""groupId"":""OG003"",""value"":""17""}]}]"
NCT01627782,0,1,0,1,OG001,Ketamine: 2 Times Per Week,-18.4,-18.4,12.01,,,"Change at Day 15 (n=13,16,16,13)",,"[{""units"":""Participants"",""counts"":[{""groupId"":""OG000"",""value"":""16""},{""groupId"":""OG001"",""value"":""18""},{""groupId"":""OG002"",""value"":""16""},{""groupId"":""OG003"",""value"":""17""}]}]"
NCT01627782,0,1,0,2,OG002,Placebo: 3 Times Per Week,-3.1,-3.1,5.67,,,"Change at Day 15 (n=13,16,16,13)",,"[{""units"":""Participants"",""counts"":[{""groupId"":""OG000"",""value"":""16""},{""groupId"":""OG001"",""value"":""18""},{""groupId"":""OG002"",""value"":""16""},{""groupId"":""OG003"",""value"":""17""}]}]"
NCT01627782,0,1,0,3,OG003,Ketamine: 3 Times Per Week,-17.7,-17.7,7.27,,,"Change at Day 15 (n=13,16,16,13)",,"[{""units"":""Participants"",""counts"":[{""groupId"":""OG000"",""value"":""16""},{""groupId"":""OG001"",""value"":""18""},{""groupId"":""OG002"",""value"":""16""},{""groupId"":""OG003"",""value"":""17""}]}]"
NCT01715805,0,0,0,0,OG000,Placebo + ADT (Double-Blind),25.2,25.2,6.1,,,,,"[{""units"":""Participants"",""counts"":[{""groupId"":""OG000"",""value"":""258""},{""groupId"":""OG001"",""value"":""267""}]}]"
NCT01715805,0,0,0,1,OG001,Cariprazine + ADT (Double-Blind),25.4,25.4,5.5,,,,,"[{""units"":""Participants"",""counts"":[{""groupId"":""OG000"",""value"":""258""},{""groupId"":""OG001"",""value"":""267""}]}]"
NCT01715805,1,0,0,0,OG000,Placebo + ADT (Double-Blind),-7.5,-7.5,0.5,,,,,"[{""units"":""Participants"",""counts"":[{""groupId"":""OG000"",""value"":""258""},{""groupId"":""OG001"",""value"":""267""}]}]"
NCT01715805,1,0,0,1,OG001,Cariprazine + ADT (Double-Blind),-7.7,-7.7,0.5,,,,,"[{""units"":""Participants"",""counts"":[{""groupId"":""OG000"",""value"":""258""},{""groupId"":""OG001"",""value"":""267""}]}]"
NCT01725282,0,0,0,0,OG000,Placebo,-11.5,-11.5,1.2,,,,,"[{""units"":""Participants"",""counts"":[{""groupId"":""OG000"",""value"":""44""},{""groupId"":""OG001"",""value"":""44""},{""groupId"":""OG002"",""value"":""41""},{""groupId"":""OG003"",""value"":""43""}]}]"
NCT01725282,0,0,0,1,OG001,Quetiapine 50 mg,-11.3,-11.3,1.2,,,,,"[{""units"":""Participants"",""counts"":[{""groupId"":""OG000"",""value"":""44""},{""groupId"":""OG001"",""value"":""44""},{""groupId"":""OG002"",""value"":""41""},{""groupId"":""OG003"",""value"":""43""}]}]"
NCT01725282,0,0,0,2,OG002,Quetiapine 150 mg,-12.1,-12.1,1.2,,,,,"[{""units"":""Participants"",""counts"":[{""groupId"":""OG000"",""value"":""44""},{""groupId"":""OG001"",""value"":""44""},{""groupId"":""OG002"",""value"":""41""},{""groupId"":""OG003"",""value"":""43""}]}]"
NCT01725282,0,0,0,3,OG003,Quetiapine 300 mg,-10.3,-10.3,1.2,,,,,"[{""units"":""Participants"",""counts"":[{""groupId"":""OG000"",""value"":""44""},{""groupId"":""OG001"",""value"":""44""},{""groupId"":""OG002"",""value"":""41""},{""groupId"":""OG003"",""value"":""43""}]}]"
NCT01727726,0,0,0,0,OG000,Brexpiprazole + ADT,-6.04,-6.04,0.43,,,,,"[{""units"":""Participants"",""counts"":[{""groupId"":""OG000"",""value"":""191""},{""groupId"":""OG001"",""value"":""99""},{""groupId"":""OG002"",""value"":""205""}]}]"
NCT01727726,0,0,0,1,OG001,Seroquel XR + ADT,-4.86,-4.86,0.57,,,,,"[{""units"":""Participants"",""counts"":[{""groupId"":""OG000"",""value"":""191""},{""groupId"":""OG001"",""value"":""99""},{""groupId"":""OG002"",""value"":""205""}]}]"
NCT01727726,0,0,0,2,OG002,Placebo + ADT,-4.57,-4.57,0.41,,,,,"[{""units"":""Participants"",""counts"":[{""groupId"":""OG000"",""value"":""191""},{""groupId"":""OG001"",""value"":""99""},{""groupId"":""OG002"",""value"":""205""}]}]"
NCT01808612,0,0,0,0,OG000,20 mg Fluoxetine,-6.18,-6.18,0.57,,,,,"[{""units"":""Participants"",""counts"":[{""groupId"":""OG000"",""value"":""168""},{""groupId"":""OG001"",""value"":""83""},{""groupId"":""OG002"",""value"":""259""}]}]"
NCT01808612,0,0,0,1,OG001,40 mg Fluoxetine,-6.25,-6.25,0.77,,,,,"[{""units"":""Participants"",""counts"":[{""groupId"":""OG000"",""value"":""168""},{""groupId"":""OG001"",""value"":""83""},{""groupId"":""OG002"",""value"":""259""}]}]"
NCT01808612,0,0,0,2,OG002,Placebo,-6.91,-6.91,0.49,,,,,"[{""units"":""Participants"",""counts"":[{""groupId"":""OG000"",""value"":""168""},{""groupId"":""OG001"",""value"":""83""},{""groupId"":""OG002"",""value"":""259""}]}]"
NCT01838681,0,0,0,0,OG000,Period B Placebo and ADT (24 Weeks Randomised Treatment),110,110.0,,,,,,"[{""units"":""Participants"",""counts"":[{""groupId"":""OG000"",""value"":""441""},{""groupId"":""OG001"",""value"":""444""}]}]"
NCT01838681,0,0,0,1,OG001,Period B Brexpiprazole and ADT (24 Weeks Randomised Treatment),95,95.0,,,,,,"[{""units"":""Participants"",""counts"":[{""groupId"":""OG000"",""value"":""441""},{""groupId"":""OG001"",""value"":""444""}]}]"
NCT01874951,0,0,0,0,OG000,Placebo,-5.8,-5.8,5.1,,,,,"[{""units"":""Participants"",""counts"":[{""groupId"":""OG000"",""value"":""6""},{""groupId"":""OG001"",""value"":""6""}]}]"
NCT01874951,0,0,0,1,OG001,Naltrexone,-9.5,-9.5,6.9,,,,,"[{""units"":""Participants"",""counts"":[{""groupId"":""OG000"",""value"":""6""},{""groupId"":""OG001"",""value"":""6""}]}]"
NCT01878292,0,0,0,0,OG000,Placebo,-22.48,-22.48,0.921,,,,,"[{""units"":""Participants"",""counts"":[{""groupId"":""OG000"",""value"":""170""},{""groupId"":""OG001"",""value"":""174""},{""groupId"":""OG002"",""value"":""180""}]}]"
NCT01878292,0,0,0,1,OG001,Vilazodone 15 mg,-22.94,-22.94,0.904,,,,,"[{""units"":""Participants"",""counts"":[{""groupId"":""OG000"",""value"":""170""},{""groupId"":""OG001"",""value"":""174""},{""groupId"":""OG002"",""value"":""180""}]}]"
NCT01878292,0,0,0,2,OG002,Vilazodone 30 mg,-24.22,-24.22,0.872,,,,,"[{""units"":""Participants"",""counts"":[{""groupId"":""OG000"",""value"":""170""},{""groupId"":""OG001"",""value"":""174""},{""groupId"":""OG002"",""value"":""180""}]}]"
NCT02014363,0,0,0,0,OG000,ETS6103 (Low Dose),-6.1396,-6.1396,1.64423,,,,,"[{""units"":""Participants"",""counts"":[{""groupId"":""OG000"",""value"":""44""},{""groupId"":""OG001"",""value"":""43""},{""groupId"":""OG002"",""value"":""39""}]}]"
NCT02014363,0,0,0,1,OG001,ETS6103 (High Dose),-6.0076,-6.0076,1.65174,,,,,"[{""units"":""Participants"",""counts"":[{""groupId"":""OG000"",""value"":""44""},{""groupId"":""OG001"",""value"":""43""},{""groupId"":""OG002"",""value"":""39""}]}]"
NCT02014363,0,0,0,2,OG002,Amitriptyline,-11.3762,-11.3762,1.7344,,,,,"[{""units"":""Participants"",""counts"":[{""groupId"":""OG000"",""value"":""44""},{""groupId"":""OG001"",""value"":""43""},{""groupId"":""OG002"",""value"":""39""}]}]"
NCT02015546,0,0,0,0,OG000,Vilazodone 10mg,-24.95,-24.95,10,,,,,"[{""units"":""Participants"",""counts"":[{""groupId"":""OG000"",""value"":""20""},{""groupId"":""OG001"",""value"":""19""},{""groupId"":""OG002"",""value"":""22""}]}]"
NCT02015546,0,0,0,1,OG001,Vilazodone 20mg,-18.95,-18.95,9.71,,,,,"[{""units"":""Participants"",""counts"":[{""groupId"":""OG000"",""value"":""20""},{""groupId"":""OG001"",""value"":""19""},{""groupId"":""OG002"",""value"":""22""}]}]"
NCT02015546,0,0,0,2,OG002,Vilazodone 40mg,-23.89,-23.89,6.75,,,,,"[{""units"":""Participants"",""counts"":[{""groupId"":""OG000"",""value"":""20""},{""groupId"":""OG001"",""value"":""19""},{""groupId"":""OG002"",""value"":""22""}]}]"
NCT02015546,1,0,0,0,OG000,Vilazodone 10mg,-3.597,-3.597,1.201,,,,,"[{""units"":""Participants"",""counts"":[{""groupId"":""OG000"",""value"":""20""},{""groupId"":""OG001"",""value"":""19""},{""groupId"":""OG002"",""value"":""22""}]}]"
NCT02015546,1,0,0,1,OG001,Vilazodone 20mg,-4.002,-4.002,1.211,,,,,"[{""units"":""Participants"",""counts"":[{""groupId"":""OG000"",""value"":""20""},{""groupId"":""OG001"",""value"":""19""},{""groupId"":""OG002"",""value"":""22""}]}]"
NCT02015546,1,0,0,2,OG002,Vilazodone 40mg,-4.120,-4.12,0.992,,,,,"[{""units"":""Participants"",""counts"":[{""groupId"":""OG000"",""value"":""20""},{""groupId"":""OG001"",""value"":""19""},{""groupId"":""OG002"",""value"":""22""}]}]"
NCT02015546,2,0,0,0,OG000,Vilazodone 10mg,-3.640,-3.64,1.274,,,,,"[{""units"":""Participants"",""counts"":[{""groupId"":""OG000"",""value"":""20""},{""groupId"":""OG001"",""value"":""19""},{""groupId"":""OG002"",""value"":""22""}]}]"
NCT02015546,2,0,0,1,OG001,Vilazodone 20mg,-3.750,-3.75,1.188,,,,,"[{""units"":""Participants"",""counts"":[{""groupId"":""OG000"",""value"":""20""},{""groupId"":""OG001"",""value"":""19""},{""groupId"":""OG002"",""value"":""22""}]}]"
NCT02015546,2,0,0,2,OG002,Vilazodone 40mg,-3.741,-3.741,1.267,,,,,"[{""units"":""Participants"",""counts"":[{""groupId"":""OG000"",""value"":""20""},{""groupId"":""OG001"",""value"":""19""},{""groupId"":""OG002"",""value"":""22""}]}]"
NCT02046564,0,0,0,0,OG000,ASC-01,-9.2,-9.2,0.5,,,,,"[{""units"":""Participants"",""counts"":[{""groupId"":""OG000"",""value"":""208""},{""groupId"":""OG001"",""value"":""203""}]}]"
NCT02046564,0,0,0,1,OG001,Placebo,-7.2,-7.2,0.5,,,,,"[{""units"":""Participants"",""counts"":[{""groupId"":""OG000"",""value"":""208""},{""groupId"":""OG001"",""value"":""203""}]}]"
NCT02085135,0,0,0,0,OG000,1-Week Titration,27,27.0,,,,,,"[{""units"":""Participants"",""counts"":[{""groupId"":""OG000"",""value"":""34""},{""groupId"":""OG001"",""value"":""32""}]}]"
NCT02085135,0,0,0,1,OG001,2-Week Titration,28,28.0,,,,,,"[{""units"":""Participants"",""counts"":[{""groupId"":""OG000"",""value"":""34""},{""groupId"":""OG001"",""value"":""32""}]}]"
NCT02116361,0,0,0,0,OG000,Placebo (Normal Saline) for onabotulinumtoxinA 30 U,31.4,31.4,3.99,,,,,"[{""units"":""Participants"",""counts"":[{""groupId"":""OG000"",""value"":""58""},{""groupId"":""OG001"",""value"":""65""},{""groupId"":""OG002"",""value"":""67""},{""groupId"":""OG003"",""value"":""65""}]}]"
NCT02116361,0,0,0,1,OG001,onabotulinumtoxinA 30 U,32.0,32.0,4.12,,,,,"[{""units"":""Participants"",""counts"":[{""groupId"":""OG000"",""value"":""58""},{""groupId"":""OG001"",""value"":""65""},{""groupId"":""OG002"",""value"":""67""},{""groupId"":""OG003"",""value"":""65""}]}]"
NCT02116361,0,0,0,2,OG002,Placebo (Normal Saline) for onabotulinumtoxinA 50 U,32.4,32.4,5.34,,,,,"[{""units"":""Participants"",""counts"":[{""groupId"":""OG000"",""value"":""58""},{""groupId"":""OG001"",""value"":""65""},{""groupId"":""OG002"",""value"":""67""},{""groupId"":""OG003"",""value"":""65""}]}]"
NCT02116361,0,0,0,3,OG003,onabotulinumtoxinA 50 U,32.0,32.0,4.44,,,,,"[{""units"":""Participants"",""counts"":[{""groupId"":""OG000"",""value"":""58""},{""groupId"":""OG001"",""value"":""65""},{""groupId"":""OG002"",""value"":""67""},{""groupId"":""OG003"",""value"":""65""}]}]"
NCT02116361,1,0,0,0,OG000,Placebo (Normal Saline) for onabotulinumtoxinA 30 U,-7.9,-7.9,1.4,,,,,"[{""units"":""Participants"",""counts"":[{""groupId"":""OG000"",""value"":""58""},{""groupId"":""OG001"",""value"":""65""},{""groupId"":""OG002"",""value"":""67""},{""groupId"":""OG003"",""value"":""65""}]}]"
NCT02116361,1,0,0,1,OG001,onabotulinumtoxinA 30 U,-11.6,-11.6,1.4,,,,,"[{""units"":""Participants"",""counts"":[{""groupId"":""OG000"",""value"":""58""},{""groupId"":""OG001"",""value"":""65""},{""groupId"":""OG002"",""value"":""67""},{""groupId"":""OG003"",""value"":""65""}]}]"
NCT02116361,1,0,0,2,OG002,Placebo (Normal Saline) for onabotulinumtoxinA 50 U,-12.9,-12.9,1.2,,,,,"[{""units"":""Participants"",""counts"":[{""groupId"":""OG000"",""value"":""58""},{""groupId"":""OG001"",""value"":""65""},{""groupId"":""OG002"",""value"":""67""},{""groupId"":""OG003"",""value"":""65""}]}]"
NCT02116361,1,0,0,3,OG003,onabotulinumtoxinA 50 U,-11.5,-11.5,1.2,,,,,"[{""units"":""Participants"",""counts"":[{""groupId"":""OG000"",""value"":""58""},{""groupId"":""OG001"",""value"":""65""},{""groupId"":""OG002"",""value"":""67""},{""groupId"":""OG003"",""value"":""65""}]}]"
NCT02133001,0,0,0,0,OG000,Placebo,-9.1,-9.1,8.38,,,,,"[{""units"":""Participants"",""counts"":[{""groupId"":""OG000"",""value"":""31""},{""groupId"":""OG001"",""value"":""35""}]}]"
NCT02133001,0,0,0,1,OG001,Esketamine 84 mg,-13.4,-13.4,9.03,,,,,"[{""units"":""Participants"",""counts"":[{""groupId"":""OG000"",""value"":""31""},{""groupId"":""OG001"",""value"":""35""}]}]"
NCT02158533,0,0,0,0,OG000,Placebo S1,-11.1,-11.1,0.67,,,,,"[{""units"":""Participants"",""counts"":[{""groupId"":""OG000"",""value"":""256""},{""groupId"":""OG001"",""value"":""58""},{""groupId"":""OG002"",""value"":""59""},{""groupId"":""OG003"",""value"":""54""},{""groupId"":""OG004"",""value"":""55""},{""groupId"":""OG005"",""value"":""54""}]}]"
NCT02158533,0,0,0,1,OG001,ALKS 5461 0.5mg/0.5mg S1,-8.4,-8.4,1.49,,,,,"[{""units"":""Participants"",""counts"":[{""groupId"":""OG000"",""value"":""256""},{""groupId"":""OG001"",""value"":""58""},{""groupId"":""OG002"",""value"":""59""},{""groupId"":""OG003"",""value"":""54""},{""groupId"":""OG004"",""value"":""55""},{""groupId"":""OG005"",""value"":""54""}]}]"
NCT02158533,0,0,0,2,OG002,ALKS 5461 2mg/2mg S1,-13.0,-13.0,1.50,,,,,"[{""units"":""Participants"",""counts"":[{""groupId"":""OG000"",""value"":""256""},{""groupId"":""OG001"",""value"":""58""},{""groupId"":""OG002"",""value"":""59""},{""groupId"":""OG003"",""value"":""54""},{""groupId"":""OG004"",""value"":""55""},{""groupId"":""OG005"",""value"":""54""}]}]"
NCT02158533,0,0,0,3,OG003,Placebo S2,-2.2,-2.2,1.08,,,,,"[{""units"":""Participants"",""counts"":[{""groupId"":""OG000"",""value"":""256""},{""groupId"":""OG001"",""value"":""58""},{""groupId"":""OG002"",""value"":""59""},{""groupId"":""OG003"",""value"":""54""},{""groupId"":""OG004"",""value"":""55""},{""groupId"":""OG005"",""value"":""54""}]}]"
NCT02158533,0,0,0,4,OG004,ALKS 5461 0.5mg/0.5mg S2,-4.8,-4.8,1.27,,,,,"[{""units"":""Participants"",""counts"":[{""groupId"":""OG000"",""value"":""256""},{""groupId"":""OG001"",""value"":""58""},{""groupId"":""OG002"",""value"":""59""},{""groupId"":""OG003"",""value"":""54""},{""groupId"":""OG004"",""value"":""55""},{""groupId"":""OG005"",""value"":""54""}]}]"
NCT02158533,0,0,0,5,OG005,ALKS 5461 2mg/2mg S2,-3.9,-3.9,1.13,,,,,"[{""units"":""Participants"",""counts"":[{""groupId"":""OG000"",""value"":""256""},{""groupId"":""OG001"",""value"":""58""},{""groupId"":""OG002"",""value"":""59""},{""groupId"":""OG003"",""value"":""54""},{""groupId"":""OG004"",""value"":""55""},{""groupId"":""OG005"",""value"":""54""}]}]"
NCT02158546,0,0,0,0,OG000,ALKS 5461 2mg/2mg,-4.8,-4.8,0.67,,,,,"[{""units"":""Participants"",""counts"":[{""groupId"":""OG000"",""value"":""142""},{""groupId"":""OG001"",""value"":""146""}]}]"
NCT02158546,0,0,0,1,OG001,Placebo,-4.6,-4.6,0.66,,,,,"[{""units"":""Participants"",""counts"":[{""groupId"":""OG000"",""value"":""142""},{""groupId"":""OG001"",""value"":""146""}]}]"
NCT02176291,0,0,0,0,OG000,Buprenorphine,3.47,3.47,8.94,,,Change in MADRS,,"[{""units"":""Participants"",""counts"":[{""groupId"":""OG000"",""value"":""15""},{""groupId"":""OG001"",""value"":""11""}]}]"
NCT02176291,0,0,0,1,OG001,Placebo,4.09,4.09,8.06,,,Change in MADRS,,"[{""units"":""Participants"",""counts"":[{""groupId"":""OG000"",""value"":""15""},{""groupId"":""OG001"",""value"":""11""}]}]"
NCT02176291,0,1,0,0,OG000,Buprenorphine,16.93,16.93,8.68,,,Final MADRS score,,"[{""units"":""Participants"",""counts"":[{""groupId"":""OG000"",""value"":""15""},{""groupId"":""OG001"",""value"":""11""}]}]"
NCT02176291,0,1,0,1,OG001,Placebo,14.64,14.64,9.41,,,Final MADRS score,,"[{""units"":""Participants"",""counts"":[{""groupId"":""OG000"",""value"":""15""},{""groupId"":""OG001"",""value"":""11""}]}]"
NCT02181231,0,0,0,0,OG000,Buprenorphine,-1,-1.0,6.8,,,Change in MADRS,,"[{""units"":""Participants"",""counts"":[{""groupId"":""OG000"",""value"":""10""},{""groupId"":""OG001"",""value"":""6""}]}]"
NCT02181231,0,0,0,1,OG001,Placebo,-5.3,-5.3,8.8,,,Change in MADRS,,"[{""units"":""Participants"",""counts"":[{""groupId"":""OG000"",""value"":""10""},{""groupId"":""OG001"",""value"":""6""}]}]"
NCT02181231,0,1,0,0,OG000,Buprenorphine,21.3,21.3,6.7,,,Final MADRS Score,,"[{""units"":""Participants"",""counts"":[{""groupId"":""OG000"",""value"":""10""},{""groupId"":""OG001"",""value"":""6""}]}]"
NCT02181231,0,1,0,1,OG001,Placebo,15.3,15.3,11.5,,,Final MADRS Score,,"[{""units"":""Participants"",""counts"":[{""groupId"":""OG000"",""value"":""10""},{""groupId"":""OG001"",""value"":""6""}]}]"
NCT02181231,1,0,0,0,OG000,Buprenorphine,5.6,5.6,3.9,,,Mean baseline score,,"[{""units"":""Participants"",""counts"":[{""groupId"":""OG000"",""value"":""10""},{""groupId"":""OG001"",""value"":""6""}]}]"
NCT02181231,1,0,0,1,OG001,Placebo,1.3,1.3,3.2,,,Mean baseline score,,"[{""units"":""Participants"",""counts"":[{""groupId"":""OG000"",""value"":""10""},{""groupId"":""OG001"",""value"":""6""}]}]"
NCT02181231,1,1,0,0,OG000,Buprenorphine,3.8,3.8,4.0,,,Final FIBSER Score,,"[{""units"":""Participants"",""counts"":[{""groupId"":""OG000"",""value"":""10""},{""groupId"":""OG001"",""value"":""6""}]}]"
NCT02181231,1,1,0,1,OG001,Placebo,.5,0.5,1.2,,,Final FIBSER Score,,"[{""units"":""Participants"",""counts"":[{""groupId"":""OG000"",""value"":""10""},{""groupId"":""OG001"",""value"":""6""}]}]"
NCT02181231,2,0,0,0,OG000,Buprenorphine,1,1.0,7.0,,,Change in ASEC,,"[{""units"":""Participants"",""counts"":[{""groupId"":""OG000"",""value"":""10""},{""groupId"":""OG001"",""value"":""6""}]}]"
NCT02181231,2,0,0,1,OG001,Placebo,1.8,1.8,5.5,,,Change in ASEC,,"[{""units"":""Participants"",""counts"":[{""groupId"":""OG000"",""value"":""10""},{""groupId"":""OG001"",""value"":""6""}]}]"
NCT02181231,2,1,0,0,OG000,Buprenorphine,11.4,11.4,7.6,,,Final ASEC score,,"[{""units"":""Participants"",""counts"":[{""groupId"":""OG000"",""value"":""10""},{""groupId"":""OG001"",""value"":""6""}]}]"
NCT02181231,2,1,0,1,OG001,Placebo,8.5,8.5,7.8,,,Final ASEC score,,"[{""units"":""Participants"",""counts"":[{""groupId"":""OG000"",""value"":""10""},{""groupId"":""OG001"",""value"":""6""}]}]"
NCT02185131,0,0,0,0,OG000,Mirtazapine,3.5,3.5,1.6,,,,,"[{""units"":""Participants"",""counts"":[{""groupId"":""OG000"",""value"":""6""},{""groupId"":""OG001"",""value"":""8""}]}]"
NCT02185131,0,0,0,1,OG001,Placebo,4.4,4.4,1.5,,,,,"[{""units"":""Participants"",""counts"":[{""groupId"":""OG000"",""value"":""6""},{""groupId"":""OG001"",""value"":""8""}]}]"
NCT02185131,1,0,0,0,OG000,Mirtazapine,27.6,27.6,7.7,,,,,"[{""units"":""Participants"",""counts"":[{""groupId"":""OG000"",""value"":""6""},{""groupId"":""OG001"",""value"":""8""}]}]"
NCT02185131,1,0,0,1,OG001,Placebo,26.1,26.1,11.7,,,,,"[{""units"":""Participants"",""counts"":[{""groupId"":""OG000"",""value"":""6""},{""groupId"":""OG001"",""value"":""8""}]}]"
NCT02191397,0,0,0,0,OG000,Bupropion XL,-14.5,-14.5,0.41,,,,,"[{""units"":""Participants"",""counts"":[{""groupId"":""OG000"",""value"":""176""},{""groupId"":""OG001"",""value"":""188""}]}]"
NCT02191397,0,0,0,1,OG001,Escitalopram,-15.4,-15.4,0.39,,,,,"[{""units"":""Participants"",""counts"":[{""groupId"":""OG000"",""value"":""176""},{""groupId"":""OG001"",""value"":""188""}]}]"
NCT02196506,0,0,0,0,OG000,Brexpiprazole + ADT,-10.4,-10.4,0.63,,,,,"[{""units"":""Participants"",""counts"":[{""groupId"":""OG000"",""value"":""191""},{""groupId"":""OG001"",""value"":""202""}]}]"
NCT02196506,0,0,0,1,OG001,Placebo + ADT,-8.07,-8.07,0.61,,,,,"[{""units"":""Participants"",""counts"":[{""groupId"":""OG000"",""value"":""191""},{""groupId"":""OG001"",""value"":""202""}]}]"
NCT02218008,0,0,0,0,OG000,Placebo S1,-5.6,-5.6,0.34,,,,,"[{""units"":""Participants"",""counts"":[{""groupId"":""OG000"",""value"":""273""},{""groupId"":""OG001"",""value"":""62""},{""groupId"":""OG002"",""value"":""63""},{""groupId"":""OG003"",""value"":""60""},{""groupId"":""OG004"",""value"":""62""},{""groupId"":""OG005"",""value"":""63""}]}]"
NCT02218008,0,0,0,1,OG001,ALKS 5461 1mg/1mg S1,-6.0,-6.0,0.74,,,,,"[{""units"":""Participants"",""counts"":[{""groupId"":""OG000"",""value"":""273""},{""groupId"":""OG001"",""value"":""62""},{""groupId"":""OG002"",""value"":""63""},{""groupId"":""OG003"",""value"":""60""},{""groupId"":""OG004"",""value"":""62""},{""groupId"":""OG005"",""value"":""63""}]}]"
NCT02218008,0,0,0,2,OG002,ALKS 5461 2mg/2mg S1,-6.8,-6.8,0.75,,,,,"[{""units"":""Participants"",""counts"":[{""groupId"":""OG000"",""value"":""273""},{""groupId"":""OG001"",""value"":""62""},{""groupId"":""OG002"",""value"":""63""},{""groupId"":""OG003"",""value"":""60""},{""groupId"":""OG004"",""value"":""62""},{""groupId"":""OG005"",""value"":""63""}]}]"
NCT02218008,0,0,0,3,OG003,Placebo S2,-1.5,-1.5,0.65,,,,,"[{""units"":""Participants"",""counts"":[{""groupId"":""OG000"",""value"":""273""},{""groupId"":""OG001"",""value"":""62""},{""groupId"":""OG002"",""value"":""63""},{""groupId"":""OG003"",""value"":""60""},{""groupId"":""OG004"",""value"":""62""},{""groupId"":""OG005"",""value"":""63""}]}]"
NCT02218008,0,0,0,4,OG004,ALKS 5461 1mg/1mg S2,-2.2,-2.2,0.67,,,,,"[{""units"":""Participants"",""counts"":[{""groupId"":""OG000"",""value"":""273""},{""groupId"":""OG001"",""value"":""62""},{""groupId"":""OG002"",""value"":""63""},{""groupId"":""OG003"",""value"":""60""},{""groupId"":""OG004"",""value"":""62""},{""groupId"":""OG005"",""value"":""63""}]}]"
NCT02218008,0,0,0,5,OG005,ALKS 5461 2mg/2mg S2,-3.2,-3.2,0.67,,,,,"[{""units"":""Participants"",""counts"":[{""groupId"":""OG000"",""value"":""273""},{""groupId"":""OG001"",""value"":""62""},{""groupId"":""OG002"",""value"":""63""},{""groupId"":""OG003"",""value"":""60""},{""groupId"":""OG004"",""value"":""62""},{""groupId"":""OG005"",""value"":""63""}]}]"
NCT02218008,1,0,0,0,OG000,Placebo S1,-8.1,-8.1,0.48,,,,,"[{""units"":""Participants"",""counts"":[{""groupId"":""OG000"",""value"":""273""},{""groupId"":""OG001"",""value"":""62""},{""groupId"":""OG002"",""value"":""63""},{""groupId"":""OG003"",""value"":""60""},{""groupId"":""OG004"",""value"":""62""},{""groupId"":""OG005"",""value"":""63""}]}]"
NCT02218008,1,0,0,1,OG001,ALKS 5461 1mg/1mg S1,-8.8,-8.8,1.05,,,,,"[{""units"":""Participants"",""counts"":[{""groupId"":""OG000"",""value"":""273""},{""groupId"":""OG001"",""value"":""62""},{""groupId"":""OG002"",""value"":""63""},{""groupId"":""OG003"",""value"":""60""},{""groupId"":""OG004"",""value"":""62""},{""groupId"":""OG005"",""value"":""63""}]}]"
NCT02218008,1,0,0,2,OG002,ALKS 5461 2mg/2mg S1,-10.3,-10.3,1.06,,,,,"[{""units"":""Participants"",""counts"":[{""groupId"":""OG000"",""value"":""273""},{""groupId"":""OG001"",""value"":""62""},{""groupId"":""OG002"",""value"":""63""},{""groupId"":""OG003"",""value"":""60""},{""groupId"":""OG004"",""value"":""62""},{""groupId"":""OG005"",""value"":""63""}]}]"
NCT02218008,1,0,0,3,OG003,Placebo S2,-2.1,-2.1,0.88,,,,,"[{""units"":""Participants"",""counts"":[{""groupId"":""OG000"",""value"":""273""},{""groupId"":""OG001"",""value"":""62""},{""groupId"":""OG002"",""value"":""63""},{""groupId"":""OG003"",""value"":""60""},{""groupId"":""OG004"",""value"":""62""},{""groupId"":""OG005"",""value"":""63""}]}]"
NCT02218008,1,0,0,4,OG004,ALKS 5461 1mg/1mg S2,-3.2,-3.2,0.91,,,,,"[{""units"":""Participants"",""counts"":[{""groupId"":""OG000"",""value"":""273""},{""groupId"":""OG001"",""value"":""62""},{""groupId"":""OG002"",""value"":""63""},{""groupId"":""OG003"",""value"":""60""},{""groupId"":""OG004"",""value"":""62""},{""groupId"":""OG005"",""value"":""63""}]}]"
NCT02218008,1,0,0,5,OG005,ALKS 5461 2mg/2mg S2,-3.7,-3.7,0.90,,,,,"[{""units"":""Participants"",""counts"":[{""groupId"":""OG000"",""value"":""273""},{""groupId"":""OG001"",""value"":""62""},{""groupId"":""OG002"",""value"":""63""},{""groupId"":""OG003"",""value"":""60""},{""groupId"":""OG004"",""value"":""62""},{""groupId"":""OG005"",""value"":""63""}]}]"
NCT02218008,2,0,0,0,OG000,Placebo S1,-9.2,-9.2,0.55,,,,,"[{""units"":""Participants"",""counts"":[{""groupId"":""OG000"",""value"":""273""},{""groupId"":""OG001"",""value"":""62""},{""groupId"":""OG002"",""value"":""63""},{""groupId"":""OG003"",""value"":""60""},{""groupId"":""OG004"",""value"":""62""},{""groupId"":""OG005"",""value"":""63""}]}]"
NCT02218008,2,0,0,1,OG001,ALKS 5461 1mg/1mg S1,-10.3,-10.3,1.19,,,,,"[{""units"":""Participants"",""counts"":[{""groupId"":""OG000"",""value"":""273""},{""groupId"":""OG001"",""value"":""62""},{""groupId"":""OG002"",""value"":""63""},{""groupId"":""OG003"",""value"":""60""},{""groupId"":""OG004"",""value"":""62""},{""groupId"":""OG005"",""value"":""63""}]}]"
NCT02218008,2,0,0,2,OG002,ALKS 5461 2mg/2mg S1,-10.8,-10.8,1.22,,,,,"[{""units"":""Participants"",""counts"":[{""groupId"":""OG000"",""value"":""273""},{""groupId"":""OG001"",""value"":""62""},{""groupId"":""OG002"",""value"":""63""},{""groupId"":""OG003"",""value"":""60""},{""groupId"":""OG004"",""value"":""62""},{""groupId"":""OG005"",""value"":""63""}]}]"
NCT02218008,2,0,0,3,OG003,Placebo S2,-1.9,-1.9,0.96,,,,,"[{""units"":""Participants"",""counts"":[{""groupId"":""OG000"",""value"":""273""},{""groupId"":""OG001"",""value"":""62""},{""groupId"":""OG002"",""value"":""63""},{""groupId"":""OG003"",""value"":""60""},{""groupId"":""OG004"",""value"":""62""},{""groupId"":""OG005"",""value"":""63""}]}]"
NCT02218008,2,0,0,4,OG004,ALKS 5461 1mg/1mg S2,-3.4,-3.4,0.98,,,,,"[{""units"":""Participants"",""counts"":[{""groupId"":""OG000"",""value"":""273""},{""groupId"":""OG001"",""value"":""62""},{""groupId"":""OG002"",""value"":""63""},{""groupId"":""OG003"",""value"":""60""},{""groupId"":""OG004"",""value"":""62""},{""groupId"":""OG005"",""value"":""63""}]}]"
NCT02218008,2,0,0,5,OG005,ALKS 5461 2mg/2mg S2,-3.6,-3.6,0.98,,,,,"[{""units"":""Participants"",""counts"":[{""groupId"":""OG000"",""value"":""273""},{""groupId"":""OG001"",""value"":""62""},{""groupId"":""OG002"",""value"":""63""},{""groupId"":""OG003"",""value"":""60""},{""groupId"":""OG004"",""value"":""62""},{""groupId"":""OG005"",""value"":""63""}]}]"
NCT02372799,0,0,0,0,OG000,Placebo,-20.32,-20.32,0.983,,,,,"[{""units"":""Participants"",""counts"":[{""groupId"":""OG000"",""value"":""182""},{""groupId"":""OG001"",""value"":""186""},{""groupId"":""OG002"",""value"":""97""}]}]"
NCT02372799,0,0,0,1,OG001,Vilazodone,-20.72,-20.72,0.977,,,,,"[{""units"":""Participants"",""counts"":[{""groupId"":""OG000"",""value"":""182""},{""groupId"":""OG001"",""value"":""186""},{""groupId"":""OG002"",""value"":""97""}]}]"
NCT02372799,0,0,0,2,OG002,Fluoxetine,-22.71,-22.71,1.320,,,,,"[{""units"":""Participants"",""counts"":[{""groupId"":""OG000"",""value"":""182""},{""groupId"":""OG001"",""value"":""186""},{""groupId"":""OG002"",""value"":""97""}]}]"
NCT02376257,0,0,0,0,OG000,250 mg DCS,25.4,25.4,2.9,,,Week 2,,"[{""units"":""Participants"",""counts"":[{""groupId"":""OG000"",""value"":""12""},{""groupId"":""OG001"",""value"":""12""},{""groupId"":""OG002"",""value"":""10""}]}]"
NCT02376257,0,0,0,1,OG001,100 mg Modafinil,26.8,26.8,4.0,,,Week 2,,"[{""units"":""Participants"",""counts"":[{""groupId"":""OG000"",""value"":""12""},{""groupId"":""OG001"",""value"":""12""},{""groupId"":""OG002"",""value"":""10""}]}]"
NCT02376257,0,0,0,2,OG002,Placebo,24.7,24.7,4.0,,,Week 2,,"[{""units"":""Participants"",""counts"":[{""groupId"":""OG000"",""value"":""12""},{""groupId"":""OG001"",""value"":""12""},{""groupId"":""OG002"",""value"":""10""}]}]"
NCT02376257,0,1,0,0,OG000,250 mg DCS,28.2,28.2,4.2,,,Week 3,,"[{""units"":""Participants"",""counts"":[{""groupId"":""OG000"",""value"":""12""},{""groupId"":""OG001"",""value"":""12""},{""groupId"":""OG002"",""value"":""10""}]}]"
NCT02376257,0,1,0,1,OG001,100 mg Modafinil,29.7,29.7,3.9,,,Week 3,,"[{""units"":""Participants"",""counts"":[{""groupId"":""OG000"",""value"":""12""},{""groupId"":""OG001"",""value"":""12""},{""groupId"":""OG002"",""value"":""10""}]}]"
NCT02376257,0,1,0,2,OG002,Placebo,28.7,28.7,5.4,,,Week 3,,"[{""units"":""Participants"",""counts"":[{""groupId"":""OG000"",""value"":""12""},{""groupId"":""OG001"",""value"":""12""},{""groupId"":""OG002"",""value"":""10""}]}]"
NCT02376257,1,0,0,0,OG000,250 mg DCS,13.5,13.5,10.4,,,Week 2,,"[{""units"":""Participants"",""counts"":[{""groupId"":""OG000"",""value"":""13""},{""groupId"":""OG001"",""value"":""12""},{""groupId"":""OG002"",""value"":""11""}]}]"
NCT02376257,1,0,0,1,OG001,100 mg Modafinil,21.3,21.3,8.0,,,Week 2,,"[{""units"":""Participants"",""counts"":[{""groupId"":""OG000"",""value"":""13""},{""groupId"":""OG001"",""value"":""12""},{""groupId"":""OG002"",""value"":""11""}]}]"
NCT02376257,1,0,0,2,OG002,Placebo,16.1,16.1,9.5,,,Week 2,,"[{""units"":""Participants"",""counts"":[{""groupId"":""OG000"",""value"":""13""},{""groupId"":""OG001"",""value"":""12""},{""groupId"":""OG002"",""value"":""11""}]}]"
NCT02376257,1,1,0,0,OG000,250 mg DCS,25.0,25.0,13.9,,,Week 3,,"[{""units"":""Participants"",""counts"":[{""groupId"":""OG000"",""value"":""13""},{""groupId"":""OG001"",""value"":""12""},{""groupId"":""OG002"",""value"":""11""}]}]"
NCT02376257,1,1,0,1,OG001,100 mg Modafinil,37.3,37.3,12.3,,,Week 3,,"[{""units"":""Participants"",""counts"":[{""groupId"":""OG000"",""value"":""13""},{""groupId"":""OG001"",""value"":""12""},{""groupId"":""OG002"",""value"":""11""}]}]"
NCT02376257,1,1,0,2,OG002,Placebo,26.4,26.4,11.9,,,Week 3,,"[{""units"":""Participants"",""counts"":[{""groupId"":""OG000"",""value"":""13""},{""groupId"":""OG001"",""value"":""12""},{""groupId"":""OG002"",""value"":""11""}]}]"
NCT02376257,2,0,0,0,OG000,250 mg DCS,1.8,1.8,2.3,,,Week 2,,"[{""units"":""Participants"",""counts"":[{""groupId"":""OG000"",""value"":""13""},{""groupId"":""OG001"",""value"":""12""},{""groupId"":""OG002"",""value"":""11""}]}]"
NCT02376257,2,0,0,1,OG001,100 mg Modafinil,4.4,4.4,4.3,,,Week 2,,"[{""units"":""Participants"",""counts"":[{""groupId"":""OG000"",""value"":""13""},{""groupId"":""OG001"",""value"":""12""},{""groupId"":""OG002"",""value"":""11""}]}]"
NCT02376257,2,0,0,2,OG002,Placebo,5.0,5.0,3.8,,,Week 2,,"[{""units"":""Participants"",""counts"":[{""groupId"":""OG000"",""value"":""13""},{""groupId"":""OG001"",""value"":""12""},{""groupId"":""OG002"",""value"":""11""}]}]"
NCT02376257,2,1,0,0,OG000,250 mg DCS,9.5,9.5,5.0,,,Week 3,,"[{""units"":""Participants"",""counts"":[{""groupId"":""OG000"",""value"":""13""},{""groupId"":""OG001"",""value"":""12""},{""groupId"":""OG002"",""value"":""11""}]}]"
NCT02376257,2,1,0,1,OG001,100 mg Modafinil,12.8,12.8,5.5,,,Week 3,,"[{""units"":""Participants"",""counts"":[{""groupId"":""OG000"",""value"":""13""},{""groupId"":""OG001"",""value"":""12""},{""groupId"":""OG002"",""value"":""11""}]}]"
NCT02376257,2,1,0,2,OG002,Placebo,13.6,13.6,5.1,,,Week 3,,"[{""units"":""Participants"",""counts"":[{""groupId"":""OG000"",""value"":""13""},{""groupId"":""OG001"",""value"":""12""},{""groupId"":""OG002"",""value"":""11""}]}]"
NCT02389816,0,0,0,0,OG000,Placebo,-12.37,-12.37,0.714,,,,,"[{""units"":""Participants"",""counts"":[{""groupId"":""OG000"",""value"":""164""},{""groupId"":""OG001"",""value"":""165""},{""groupId"":""OG002"",""value"":""164""}]}]"
NCT02389816,0,0,0,1,OG001,Vortioxetine 10 mg,-15.03,-15.03,0.699,,,,,"[{""units"":""Participants"",""counts"":[{""groupId"":""OG000"",""value"":""164""},{""groupId"":""OG001"",""value"":""165""},{""groupId"":""OG002"",""value"":""164""}]}]"
NCT02389816,0,0,0,2,OG002,Vortioxetine 20 mg,-15.45,-15.45,0.705,,,,,"[{""units"":""Participants"",""counts"":[{""groupId"":""OG000"",""value"":""164""},{""groupId"":""OG001"",""value"":""165""},{""groupId"":""OG002"",""value"":""164""}]}]"
NCT02395978,0,0,0,0,OG000,Part II: 2 PDC-1421 Capsule,-13.19,-13.19,9.68,,,ITT population,,"[{""units"":""Participants"",""counts"":[{""groupId"":""OG000"",""value"":""21""},{""groupId"":""OG001"",""value"":""19""},{""groupId"":""OG002"",""value"":""20""}]}]"
NCT02395978,0,0,0,1,OG001,Part II: 1 PDC-1421 Capsule Plus 1 Placebo,-9.21,-9.21,8.32,,,ITT population,,"[{""units"":""Participants"",""counts"":[{""groupId"":""OG000"",""value"":""21""},{""groupId"":""OG001"",""value"":""19""},{""groupId"":""OG002"",""value"":""20""}]}]"
NCT02395978,0,0,0,2,OG002,Part II: 2 Placebo,-9.2,-9.2,7.98,,,ITT population,,"[{""units"":""Participants"",""counts"":[{""groupId"":""OG000"",""value"":""21""},{""groupId"":""OG001"",""value"":""19""},{""groupId"":""OG002"",""value"":""20""}]}]"
NCT02395978,0,1,0,0,OG000,Part II: 2 PDC-1421 Capsule,-13.4,-13.4,9.7,,,PP population,,"[{""units"":""Participants"",""counts"":[{""groupId"":""OG000"",""value"":""21""},{""groupId"":""OG001"",""value"":""19""},{""groupId"":""OG002"",""value"":""20""}]}]"
NCT02395978,0,1,0,1,OG001,Part II: 1 PDC-1421 Capsule Plus 1 Placebo,-10.4,-10.4,5.18,,,PP population,,"[{""units"":""Participants"",""counts"":[{""groupId"":""OG000"",""value"":""21""},{""groupId"":""OG001"",""value"":""19""},{""groupId"":""OG002"",""value"":""20""}]}]"
NCT02395978,0,1,0,2,OG002,Part II: 2 Placebo,-8.6,-8.6,7.61,,,PP population,,"[{""units"":""Participants"",""counts"":[{""groupId"":""OG000"",""value"":""21""},{""groupId"":""OG001"",""value"":""19""},{""groupId"":""OG002"",""value"":""20""}]}]"
NCT02431806,0,0,0,0,OG000,Placebo,-22.90,-22.9,1.09,,,,,"[{""units"":""Participants"",""counts"":[{""groupId"":""OG000"",""value"":""118""},{""groupId"":""OG001"",""value"":""115""},{""groupId"":""OG002"",""value"":""110""},{""groupId"":""OG003"",""value"":""112""}]}]"
NCT02431806,0,0,0,1,OG001,Levomilnacipran 40 mg/Day,-23.28,-23.28,1.11,,,,,"[{""units"":""Participants"",""counts"":[{""groupId"":""OG000"",""value"":""118""},{""groupId"":""OG001"",""value"":""115""},{""groupId"":""OG002"",""value"":""110""},{""groupId"":""OG003"",""value"":""112""}]}]"
NCT02431806,0,0,0,2,OG002,Levomilnacipran 80 mg/Day,-22.64,-22.64,1.12,,,,,"[{""units"":""Participants"",""counts"":[{""groupId"":""OG000"",""value"":""118""},{""groupId"":""OG001"",""value"":""115""},{""groupId"":""OG002"",""value"":""110""},{""groupId"":""OG003"",""value"":""112""}]}]"
NCT02431806,0,0,0,3,OG003,Fluoxetine 20 mg/Day,-24.37,-24.37,1.12,,,,,"[{""units"":""Participants"",""counts"":[{""groupId"":""OG000"",""value"":""118""},{""groupId"":""OG001"",""value"":""115""},{""groupId"":""OG002"",""value"":""110""},{""groupId"":""OG003"",""value"":""112""}]}]"
NCT02458690,0,0,0,0,OG000,eIMPACT,2.28,2.28,2.04,,,,,"[{""units"":""Participants"",""counts"":[{""groupId"":""OG000"",""value"":""107""},{""groupId"":""OG001"",""value"":""109""}]}]"
NCT02458690,0,0,0,1,OG001,Usual Care,2.44,2.44,2.29,,,,,"[{""units"":""Participants"",""counts"":[{""groupId"":""OG000"",""value"":""107""},{""groupId"":""OG001"",""value"":""109""}]}]"
NCT02461927,0,0,0,0,OG000,Ketamine + Naltrexone,15,15.0,,,,,,"[{""units"":""Participants"",""counts"":[{""groupId"":""OG000"",""value"":""16""},{""groupId"":""OG001"",""value"":""11""},{""groupId"":""OG002"",""value"":""15""}]}]"
NCT02461927,0,0,0,1,OG001,Ketamine + Placebo,9,9.0,,,,,,"[{""units"":""Participants"",""counts"":[{""groupId"":""OG000"",""value"":""16""},{""groupId"":""OG001"",""value"":""11""},{""groupId"":""OG002"",""value"":""15""}]}]"
NCT02461927,0,0,0,2,OG002,Placebo (Psychoactive Placebo Midazolam) + Placebo,13,13.0,,,,,,"[{""units"":""Participants"",""counts"":[{""groupId"":""OG000"",""value"":""16""},{""groupId"":""OG001"",""value"":""11""},{""groupId"":""OG002"",""value"":""15""}]}]"
NCT02461927,1,0,0,0,OG000,Ketamine + Naltrexone,3,3.0,,,,,,"[{""units"":""Participants"",""counts"":[{""groupId"":""OG000"",""value"":""11""},{""groupId"":""OG001"",""value"":""12""},{""groupId"":""OG002"",""value"":""13""}]}]"
NCT02461927,1,0,0,1,OG001,Ketamine + Placebo,6,6.0,,,,,,"[{""units"":""Participants"",""counts"":[{""groupId"":""OG000"",""value"":""11""},{""groupId"":""OG001"",""value"":""12""},{""groupId"":""OG002"",""value"":""13""}]}]"
NCT02461927,1,0,0,2,OG002,Placebo (Psychoactive Placebo Midazolam) + Placebo,2,2.0,,,,,,"[{""units"":""Participants"",""counts"":[{""groupId"":""OG000"",""value"":""11""},{""groupId"":""OG001"",""value"":""12""},{""groupId"":""OG002"",""value"":""13""}]}]"
NCT02473289,0,0,0,0,OG000,Placebo,-10.6,-10.6,1.43,,,,,"[{""units"":""Participants"",""counts"":[{""groupId"":""OG000"",""value"":""42""},{""groupId"":""OG001"",""value"":""44""}]}]"
NCT02473289,0,0,0,1,OG001,Sirukumab 50 mg,-11.4,-11.4,1.52,,,,,"[{""units"":""Participants"",""counts"":[{""groupId"":""OG000"",""value"":""42""},{""groupId"":""OG001"",""value"":""44""}]}]"
NCT02553915,0,0,0,0,OG000,Placebo,1.92,1.92,30.24,,,% Change in Plasma IL-6 (pg/mL) at 12 weeks,,"[{""units"":""Participants"",""counts"":[{""groupId"":""OG000"",""value"":""10""},{""groupId"":""OG001"",""value"":""13""},{""groupId"":""OG002"",""value"":""11""},{""groupId"":""OG003"",""value"":""13""}]}]"
NCT02553915,0,0,0,1,OG001,EPA 1 g/Day,-1.27,-1.27,28.37,,,% Change in Plasma IL-6 (pg/mL) at 12 weeks,,"[{""units"":""Participants"",""counts"":[{""groupId"":""OG000"",""value"":""10""},{""groupId"":""OG001"",""value"":""13""},{""groupId"":""OG002"",""value"":""11""},{""groupId"":""OG003"",""value"":""13""}]}]"
NCT02553915,0,0,0,2,OG002,EPA 2 g/Day,7.19,7.19,32.24,,,% Change in Plasma IL-6 (pg/mL) at 12 weeks,,"[{""units"":""Participants"",""counts"":[{""groupId"":""OG000"",""value"":""10""},{""groupId"":""OG001"",""value"":""13""},{""groupId"":""OG002"",""value"":""11""},{""groupId"":""OG003"",""value"":""13""}]}]"
NCT02553915,0,0,0,3,OG003,EPA 4 g/Day,4.45,4.45,40.16,,,% Change in Plasma IL-6 (pg/mL) at 12 weeks,,"[{""units"":""Participants"",""counts"":[{""groupId"":""OG000"",""value"":""10""},{""groupId"":""OG001"",""value"":""13""},{""groupId"":""OG002"",""value"":""11""},{""groupId"":""OG003"",""value"":""13""}]}]"
NCT02553915,0,1,0,0,OG000,Placebo,8.59,8.59,45.82,,,% Change in PBMC TNF-alpha (pg/mL) at 12 weeks,,"[{""units"":""Participants"",""counts"":[{""groupId"":""OG000"",""value"":""10""},{""groupId"":""OG001"",""value"":""13""},{""groupId"":""OG002"",""value"":""11""},{""groupId"":""OG003"",""value"":""13""}]}]"
NCT02553915,0,1,0,1,OG001,EPA 1 g/Day,-0.19,-0.19,39.63,,,% Change in PBMC TNF-alpha (pg/mL) at 12 weeks,,"[{""units"":""Participants"",""counts"":[{""groupId"":""OG000"",""value"":""10""},{""groupId"":""OG001"",""value"":""13""},{""groupId"":""OG002"",""value"":""11""},{""groupId"":""OG003"",""value"":""13""}]}]"
NCT02553915,0,1,0,2,OG002,EPA 2 g/Day,10.38,10.38,80.36,,,% Change in PBMC TNF-alpha (pg/mL) at 12 weeks,,"[{""units"":""Participants"",""counts"":[{""groupId"":""OG000"",""value"":""10""},{""groupId"":""OG001"",""value"":""13""},{""groupId"":""OG002"",""value"":""11""},{""groupId"":""OG003"",""value"":""13""}]}]"
NCT02553915,0,1,0,3,OG003,EPA 4 g/Day,28.54,28.54,56.97,,,% Change in PBMC TNF-alpha (pg/mL) at 12 weeks,,"[{""units"":""Participants"",""counts"":[{""groupId"":""OG000"",""value"":""10""},{""groupId"":""OG001"",""value"":""13""},{""groupId"":""OG002"",""value"":""11""},{""groupId"":""OG003"",""value"":""13""}]}]"
NCT02553915,1,0,0,0,OG000,Placebo,36.6,36.6,10.54,,,Baseline IDS-C30 Score,,"[{""units"":""Participants"",""counts"":[{""groupId"":""OG000"",""value"":""10""},{""groupId"":""OG001"",""value"":""14""},{""groupId"":""OG002"",""value"":""11""},{""groupId"":""OG003"",""value"":""13""}]}]"
NCT02553915,1,0,0,1,OG001,EPA 1 g/Day,36.14,36.14,7.15,,,Baseline IDS-C30 Score,,"[{""units"":""Participants"",""counts"":[{""groupId"":""OG000"",""value"":""10""},{""groupId"":""OG001"",""value"":""14""},{""groupId"":""OG002"",""value"":""11""},{""groupId"":""OG003"",""value"":""13""}]}]"
NCT02553915,1,0,0,2,OG002,EPA 2 g/Day,31.36,31.36,7.12,,,Baseline IDS-C30 Score,,"[{""units"":""Participants"",""counts"":[{""groupId"":""OG000"",""value"":""10""},{""groupId"":""OG001"",""value"":""14""},{""groupId"":""OG002"",""value"":""11""},{""groupId"":""OG003"",""value"":""13""}]}]"
NCT02553915,1,0,0,3,OG003,EPA 4 g/Day,31.92,31.92,5.44,,,Baseline IDS-C30 Score,,"[{""units"":""Participants"",""counts"":[{""groupId"":""OG000"",""value"":""10""},{""groupId"":""OG001"",""value"":""14""},{""groupId"":""OG002"",""value"":""11""},{""groupId"":""OG003"",""value"":""13""}]}]"
NCT02553915,1,1,0,0,OG000,Placebo,-17.6,-17.6,7.82,,,Raw change at week 12,,"[{""units"":""Participants"",""counts"":[{""groupId"":""OG000"",""value"":""10""},{""groupId"":""OG001"",""value"":""14""},{""groupId"":""OG002"",""value"":""11""},{""groupId"":""OG003"",""value"":""13""}]}]"
NCT02553915,1,1,0,1,OG001,EPA 1 g/Day,-12.07,-12.07,11.29,,,Raw change at week 12,,"[{""units"":""Participants"",""counts"":[{""groupId"":""OG000"",""value"":""10""},{""groupId"":""OG001"",""value"":""14""},{""groupId"":""OG002"",""value"":""11""},{""groupId"":""OG003"",""value"":""13""}]}]"
NCT02553915,1,1,0,2,OG002,EPA 2 g/Day,-12.73,-12.73,17.32,,,Raw change at week 12,,"[{""units"":""Participants"",""counts"":[{""groupId"":""OG000"",""value"":""10""},{""groupId"":""OG001"",""value"":""14""},{""groupId"":""OG002"",""value"":""11""},{""groupId"":""OG003"",""value"":""13""}]}]"
NCT02553915,1,1,0,3,OG003,EPA 4 g/Day,-16.15,-16.15,10.49,,,Raw change at week 12,,"[{""units"":""Participants"",""counts"":[{""groupId"":""OG000"",""value"":""10""},{""groupId"":""OG001"",""value"":""14""},{""groupId"":""OG002"",""value"":""11""},{""groupId"":""OG003"",""value"":""13""}]}]"
NCT02553915,2,0,0,0,OG000,Placebo,-50.73,-50.73,25.24,,,,,"[{""units"":""Participants"",""counts"":[{""groupId"":""OG000"",""value"":""10""},{""groupId"":""OG001"",""value"":""14""},{""groupId"":""OG002"",""value"":""11""},{""groupId"":""OG003"",""value"":""13""}]}]"
NCT02553915,2,0,0,1,OG001,EPA 1 g/Day,-34.52,-34.52,31.51,,,,,"[{""units"":""Participants"",""counts"":[{""groupId"":""OG000"",""value"":""10""},{""groupId"":""OG001"",""value"":""14""},{""groupId"":""OG002"",""value"":""11""},{""groupId"":""OG003"",""value"":""13""}]}]"
NCT02553915,2,0,0,2,OG002,EPA 2 g/Day,-37.53,-37.53,50.92,,,,,"[{""units"":""Participants"",""counts"":[{""groupId"":""OG000"",""value"":""10""},{""groupId"":""OG001"",""value"":""14""},{""groupId"":""OG002"",""value"":""11""},{""groupId"":""OG003"",""value"":""13""}]}]"
NCT02553915,2,0,0,3,OG003,EPA 4 g/Day,-51.4,-51.4,30.23,,,,,"[{""units"":""Participants"",""counts"":[{""groupId"":""OG000"",""value"":""10""},{""groupId"":""OG001"",""value"":""14""},{""groupId"":""OG002"",""value"":""11""},{""groupId"":""OG003"",""value"":""13""}]}]"
NCT02646449,0,0,0,0,OG000,Mirtazapine,2.8,2.8,2.9,,,,,"[{""units"":""Participants"",""counts"":[{""groupId"":""OG000"",""value"":""4""},{""groupId"":""OG001"",""value"":""3""}]}]"
NCT02646449,0,0,0,1,OG001,Placebo,2.0,2.0,2.0,,,,,"[{""units"":""Participants"",""counts"":[{""groupId"":""OG000"",""value"":""4""},{""groupId"":""OG001"",""value"":""3""}]}]"
NCT02646449,1,0,0,0,OG000,Mirtazapine,8.0,8.0,14.7,,,,,"[{""units"":""Participants"",""counts"":[{""groupId"":""OG000"",""value"":""4""},{""groupId"":""OG001"",""value"":""3""}]}]"
NCT02646449,1,0,0,1,OG001,Placebo,3.3,3.3,4.9,,,,,"[{""units"":""Participants"",""counts"":[{""groupId"":""OG000"",""value"":""4""},{""groupId"":""OG001"",""value"":""3""}]}]"
NCT02674529,0,0,0,0,OG000,Changes in MADRS Scores From Baseline to Week 8 Within the Antidepressant Treatment Arm,11,11.0,9,,,,,"[{""units"":""Participants"",""counts"":[{""groupId"":""OG000"",""value"":""22""},{""groupId"":""OG001"",""value"":""24""}]}]"
NCT02674529,0,0,0,1,OG001,Changes in MADRS Scores From Baseline to Week 8 Within the Placebo Arm,12,12.0,9,,,,,"[{""units"":""Participants"",""counts"":[{""groupId"":""OG000"",""value"":""22""},{""groupId"":""OG001"",""value"":""24""}]}]"
NCT02709655,0,0,0,0,OG000,Double-Blind: Placebo,-17.48,-17.48,1.35,,,,,"[{""units"":""Participants"",""counts"":[{""groupId"":""OG000"",""value"":""136""},{""groupId"":""OG001"",""value"":""132""},{""groupId"":""OG002"",""value"":""134""},{""groupId"":""OG003"",""value"":""78""},{""groupId"":""OG004"",""value"":""266""}]}]"
NCT02709655,0,0,0,1,OG001,Double-Blind: Vortioxetine 10 mg,-19.20,-19.2,1.37,,,,,"[{""units"":""Participants"",""counts"":[{""groupId"":""OG000"",""value"":""136""},{""groupId"":""OG001"",""value"":""132""},{""groupId"":""OG002"",""value"":""134""},{""groupId"":""OG003"",""value"":""78""},{""groupId"":""OG004"",""value"":""266""}]}]"
NCT02709655,0,0,0,2,OG002,Double-Blind: Vortioxetine 20 mg,-19.94,-19.94,1.37,,,,,"[{""units"":""Participants"",""counts"":[{""groupId"":""OG000"",""value"":""136""},{""groupId"":""OG001"",""value"":""132""},{""groupId"":""OG002"",""value"":""134""},{""groupId"":""OG003"",""value"":""78""},{""groupId"":""OG004"",""value"":""266""}]}]"
NCT02709655,0,0,0,3,OG003,Double-Blind: Fluoxetine 20 mg,-20.78,-20.78,1.60,,,,,"[{""units"":""Participants"",""counts"":[{""groupId"":""OG000"",""value"":""136""},{""groupId"":""OG001"",""value"":""132""},{""groupId"":""OG002"",""value"":""134""},{""groupId"":""OG003"",""value"":""78""},{""groupId"":""OG004"",""value"":""266""}]}]"
NCT02709655,0,0,0,4,OG004,Vortioxetine Average (Avg. VOR),-19.57,-19.57,1.16,,,,,"[{""units"":""Participants"",""counts"":[{""groupId"":""OG000"",""value"":""136""},{""groupId"":""OG001"",""value"":""132""},{""groupId"":""OG002"",""value"":""134""},{""groupId"":""OG003"",""value"":""78""},{""groupId"":""OG004"",""value"":""266""}]}]"
NCT02709746,0,0,0,0,OG000,Vortioxetine 10 mg/Day,-17.09,-17.09,1.27,,,,,"[{""units"":""Participants"",""counts"":[{""groupId"":""OG000"",""value"":""126""},{""groupId"":""OG001"",""value"":""139""},{""groupId"":""OG002"",""value"":""137""},{""groupId"":""OG003"",""value"":""137""},{""groupId"":""OG004"",""value"":""265""}]}]"
NCT02709746,0,0,0,1,OG001,Vortioxetine 20 mg/Day,-18.94,-18.94,1.22,,,,,"[{""units"":""Participants"",""counts"":[{""groupId"":""OG000"",""value"":""126""},{""groupId"":""OG001"",""value"":""139""},{""groupId"":""OG002"",""value"":""137""},{""groupId"":""OG003"",""value"":""137""},{""groupId"":""OG004"",""value"":""265""}]}]"
NCT02709746,0,0,0,2,OG002,"Fluoxetine 20 mg/Day,",-21.95,-21.95,1.23,,,,,"[{""units"":""Participants"",""counts"":[{""groupId"":""OG000"",""value"":""126""},{""groupId"":""OG001"",""value"":""139""},{""groupId"":""OG002"",""value"":""137""},{""groupId"":""OG003"",""value"":""137""},{""groupId"":""OG004"",""value"":""265""}]}]"
NCT02709746,0,0,0,3,OG003,Placebo,-18.22,-18.22,1.22,,,,,"[{""units"":""Participants"",""counts"":[{""groupId"":""OG000"",""value"":""126""},{""groupId"":""OG001"",""value"":""139""},{""groupId"":""OG002"",""value"":""137""},{""groupId"":""OG003"",""value"":""137""},{""groupId"":""OG004"",""value"":""265""}]}]"
NCT02709746,0,0,0,4,OG004,Vortioxetine Average (Avg. VOR),-18.01,-18.01,0.98,,,,,"[{""units"":""Participants"",""counts"":[{""groupId"":""OG000"",""value"":""126""},{""groupId"":""OG001"",""value"":""139""},{""groupId"":""OG002"",""value"":""137""},{""groupId"":""OG003"",""value"":""137""},{""groupId"":""OG004"",""value"":""265""}]}]"
NCT02720198,0,0,0,0,OG000,Levomilnacipran,-5.81,-5.81,6.080,,,,,"[{""units"":""Participants"",""counts"":[{""groupId"":""OG000"",""value"":""26""},{""groupId"":""OG001"",""value"":""30""}]}]"
NCT02720198,0,0,0,1,OG001,Quetiapine,-6.97,-6.97,7.632,,,,,"[{""units"":""Participants"",""counts"":[{""groupId"":""OG000"",""value"":""26""},{""groupId"":""OG001"",""value"":""30""}]}]"
NCT02914769,0,0,0,0,OG000,Placebo,16.92,16.92,7.36,,,,,"[{""units"":""Participants"",""counts"":[{""groupId"":""OG000"",""value"":""15""},{""groupId"":""OG001"",""value"":""14""}]}]"
NCT02914769,0,0,0,1,OG001,Ayahuasca,9.72,9.72,7.39,,,,,"[{""units"":""Participants"",""counts"":[{""groupId"":""OG000"",""value"":""15""},{""groupId"":""OG001"",""value"":""14""}]}]"
NCT02932943,0,0,0,0,OG000,Placebo,-5,-5.0,0.54,,,,,"[{""units"":""Participants"",""counts"":[{""groupId"":""OG000"",""value"":""226""},{""groupId"":""OG001"",""value"":""231""}]}]"
NCT02932943,0,0,0,1,OG001,Rapastinel 450 mg,-4.7,-4.7,0.54,,,,,"[{""units"":""Participants"",""counts"":[{""groupId"":""OG000"",""value"":""226""},{""groupId"":""OG001"",""value"":""231""}]}]"
NCT02943564,0,0,0,0,OG000,Placebo,-4.9,-4.9,0.59,,,,,"[{""units"":""Participants"",""counts"":[{""groupId"":""OG000"",""value"":""217""},{""groupId"":""OG001"",""value"":""211""},{""groupId"":""OG002"",""value"":""210""}]}]"
NCT02943564,0,0,0,1,OG001,Rapastinel 225 mg,-4.8,-4.8,0.60,,,,,"[{""units"":""Participants"",""counts"":[{""groupId"":""OG000"",""value"":""217""},{""groupId"":""OG001"",""value"":""211""},{""groupId"":""OG002"",""value"":""210""}]}]"
NCT02943564,0,0,0,2,OG002,Rapastinel 450 mg,-5.4,-5.4,0.60,,,,,"[{""units"":""Participants"",""counts"":[{""groupId"":""OG000"",""value"":""217""},{""groupId"":""OG001"",""value"":""211""},{""groupId"":""OG002"",""value"":""210""}]}]"
NCT02943577,0,0,0,0,OG000,Placebo,-4.1,-4.1,0.64,,,,,"[{""units"":""Participants"",""counts"":[{""groupId"":""OG000"",""value"":""209""},{""groupId"":""OG001"",""value"":""206""}]}]"
NCT02943577,0,0,0,1,OG001,Rapastinel 450 mg,-5.1,-5.1,0.66,,,,,"[{""units"":""Participants"",""counts"":[{""groupId"":""OG000"",""value"":""209""},{""groupId"":""OG001"",""value"":""206""}]}]"
NCT02951988,0,0,0,0,OG000,Placebo,232,232.0,,167,NA,,,"[{""units"":""Participants"",""counts"":[{""groupId"":""OG000"",""value"":""202""},{""groupId"":""OG001"",""value"":""202""},{""groupId"":""OG002"",""value"":""200""}]}]"
NCT02951988,0,0,0,1,OG001,Rapastinel 450 mg Every 2 Weeks,225,225.0,,127,323,,,"[{""units"":""Participants"",""counts"":[{""groupId"":""OG000"",""value"":""202""},{""groupId"":""OG001"",""value"":""202""},{""groupId"":""OG002"",""value"":""200""}]}]"
NCT02951988,0,0,0,2,OG002,Rapastinel 450 mg Weekly,336,336.0,,157,NA,,,"[{""units"":""Participants"",""counts"":[{""groupId"":""OG000"",""value"":""202""},{""groupId"":""OG001"",""value"":""202""},{""groupId"":""OG002"",""value"":""200""}]}]"
NCT02951988,2,0,0,0,OG000,Placebo,17,17.0,,,,Suicidal Ideation,,"[{""units"":""Participants"",""counts"":[{""groupId"":""OG000"",""value"":""202""},{""groupId"":""OG001"",""value"":""201""},{""groupId"":""OG002"",""value"":""200""}]}]"
NCT02951988,2,0,0,1,OG001,Rapastinel 450 mg Every 2 Weeks,25,25.0,,,,Suicidal Ideation,,"[{""units"":""Participants"",""counts"":[{""groupId"":""OG000"",""value"":""202""},{""groupId"":""OG001"",""value"":""201""},{""groupId"":""OG002"",""value"":""200""}]}]"
NCT02951988,2,0,0,2,OG002,Rapastinel 450 mg Weekly,23,23.0,,,,Suicidal Ideation,,"[{""units"":""Participants"",""counts"":[{""groupId"":""OG000"",""value"":""202""},{""groupId"":""OG001"",""value"":""201""},{""groupId"":""OG002"",""value"":""200""}]}]"
NCT02951988,2,1,0,0,OG000,Placebo,0,0.0,,,,Suicidal Behavior,,"[{""units"":""Participants"",""counts"":[{""groupId"":""OG000"",""value"":""202""},{""groupId"":""OG001"",""value"":""201""},{""groupId"":""OG002"",""value"":""200""}]}]"
NCT02951988,2,1,0,1,OG001,Rapastinel 450 mg Every 2 Weeks,0,0.0,,,,Suicidal Behavior,,"[{""units"":""Participants"",""counts"":[{""groupId"":""OG000"",""value"":""202""},{""groupId"":""OG001"",""value"":""201""},{""groupId"":""OG002"",""value"":""200""}]}]"
NCT02951988,2,1,0,2,OG002,Rapastinel 450 mg Weekly,1,1.0,,,,Suicidal Behavior,,"[{""units"":""Participants"",""counts"":[{""groupId"":""OG000"",""value"":""202""},{""groupId"":""OG001"",""value"":""201""},{""groupId"":""OG002"",""value"":""200""}]}]"
NCT03000530,0,0,0,0,OG000,Part A: SAGE-217,92.3,92.3,,,,,,"[{""units"":""Participants"",""counts"":[{""groupId"":""OG000"",""value"":""13""}]}]"
NCT03000530,1,0,0,0,OG000,Part A: SAGE-217,69.2,69.2,,,,Mild,,"[{""units"":""Participants"",""counts"":[{""groupId"":""OG000"",""value"":""13""}]}]"
NCT03000530,1,1,0,0,OG000,Part A: SAGE-217,23.1,23.1,,,,Moderate,,"[{""units"":""Participants"",""counts"":[{""groupId"":""OG000"",""value"":""13""}]}]"
NCT03000530,1,2,0,0,OG000,Part A: SAGE-217,0,0.0,,,,Severe,,"[{""units"":""Participants"",""counts"":[{""groupId"":""OG000"",""value"":""13""}]}]"
NCT03000530,2,0,0,0,OG000,Part A: SAGE-217,0.032,0.032,0.0286,,,Baseline,,"[{""units"":""Participants"",""counts"":[{""groupId"":""OG000"",""value"":""13""}]}]"
NCT03000530,2,1,0,0,OG000,Part A: SAGE-217,-0.002,-0.002,0.0388,,,Change from Baseline at Day 8,,"[{""units"":""Participants"",""counts"":[{""groupId"":""OG000"",""value"":""13""}]}]"
NCT03000530,2,2,0,0,OG000,Part A: SAGE-217,0.005,0.005,0.0445,,,Change from Baseline at Day 15/ET,,"[{""units"":""Participants"",""counts"":[{""groupId"":""OG000"",""value"":""13""}]}]"
NCT03000530,2,3,0,0,OG000,Part A: SAGE-217,-0.003,-0.003,0.0273,,,Change from Baseline at Follow-up Day 21,,"[{""units"":""Participants"",""counts"":[{""groupId"":""OG000"",""value"":""13""}]}]"
NCT03000530,2,4,0,0,OG000,Part A: SAGE-217,-0.007,-0.007,0.0244,,,Change from Baseline at Follow-up Day 28,,"[{""units"":""Participants"",""counts"":[{""groupId"":""OG000"",""value"":""13""}]}]"
NCT03000530,3,0,0,0,OG000,Part A: SAGE-217,0.56,0.56,0.323,,,Baseline,,"[{""units"":""Participants"",""counts"":[{""groupId"":""OG000"",""value"":""13""}]}]"
NCT03000530,3,1,0,0,OG000,Part A: SAGE-217,0.38,0.38,1.308,,,Change from Baseline at Day 8,,"[{""units"":""Participants"",""counts"":[{""groupId"":""OG000"",""value"":""13""}]}]"
NCT03000530,3,2,0,0,OG000,Part A: SAGE-217,0.13,0.13,0.681,,,Change from Baseline at Day 15/ET,,"[{""units"":""Participants"",""counts"":[{""groupId"":""OG000"",""value"":""13""}]}]"
NCT03000530,3,3,0,0,OG000,Part A: SAGE-217,0.02,0.02,0.453,,,Change from Baseline at Follow-up Day 21,,"[{""units"":""Participants"",""counts"":[{""groupId"":""OG000"",""value"":""13""}]}]"
NCT03000530,3,4,0,0,OG000,Part A: SAGE-217,-0.05,-0.05,0.310,,,Change from Baseline at Follow-up Day 28,,"[{""units"":""Participants"",""counts"":[{""groupId"":""OG000"",""value"":""13""}]}]"
NCT03000530,4,0,0,0,OG000,Part A: SAGE-217,0.155,0.155,0.0990,,,Baseline,,"[{""units"":""Participants"",""counts"":[{""groupId"":""OG000"",""value"":""13""}]}]"
NCT03000530,4,1,0,0,OG000,Part A: SAGE-217,0.031,0.031,0.0749,,,Change from Baseline at Day 8,,"[{""units"":""Participants"",""counts"":[{""groupId"":""OG000"",""value"":""13""}]}]"
NCT03000530,4,2,0,0,OG000,Part A: SAGE-217,0.044,0.044,0.0906,,,Change from Baseline at Day 15/ET,,"[{""units"":""Participants"",""counts"":[{""groupId"":""OG000"",""value"":""13""}]}]"
NCT03000530,4,3,0,0,OG000,Part A: SAGE-217,0.018,0.018,0.0796,,,Change from Baseline at Follow-up Day 21,,"[{""units"":""Participants"",""counts"":[{""groupId"":""OG000"",""value"":""13""}]}]"
NCT03000530,4,4,0,0,OG000,Part A: SAGE-217,0.011,0.011,0.1030,,,Change from Baseline at Follow-up Day 28,,"[{""units"":""Participants"",""counts"":[{""groupId"":""OG000"",""value"":""13""}]}]"
NCT03000530,5,0,0,0,OG000,Part A: SAGE-217,2.20,2.2,1.155,,,Baseline,,"[{""units"":""Participants"",""counts"":[{""groupId"":""OG000"",""value"":""13""}]}]"
NCT03000530,5,1,0,0,OG000,Part A: SAGE-217,0.68,0.68,1.174,,,Change from Baseline at Day 8,,"[{""units"":""Participants"",""counts"":[{""groupId"":""OG000"",""value"":""13""}]}]"
NCT03000530,5,2,0,0,OG000,Part A: SAGE-217,0.98,0.98,1.438,,,Change from Baseline at Day 15/ET,,"[{""units"":""Participants"",""counts"":[{""groupId"":""OG000"",""value"":""13""}]}]"
NCT03000530,5,3,0,0,OG000,Part A: SAGE-217,0.52,0.52,1.382,,,Change from Baseline at Follow-up Day 21,,"[{""units"":""Participants"",""counts"":[{""groupId"":""OG000"",""value"":""13""}]}]"
NCT03000530,5,4,0,0,OG000,Part A: SAGE-217,0.43,0.43,1.865,,,Change from Baseline at Follow-up Day 28,,"[{""units"":""Participants"",""counts"":[{""groupId"":""OG000"",""value"":""13""}]}]"
NCT03000530,6,0,0,0,OG000,Part A: SAGE-217,0.419,0.419,0.0341,,,Baseline,,"[{""units"":""Participants"",""counts"":[{""groupId"":""OG000"",""value"":""13""}]}]"
NCT03000530,6,1,0,0,OG000,Part A: SAGE-217,0.001,0.001,0.0123,,,Change from Baseline at Day 8,,"[{""units"":""Participants"",""counts"":[{""groupId"":""OG000"",""value"":""13""}]}]"
NCT03000530,6,2,0,0,OG000,Part A: SAGE-217,-0.006,-0.006,0.0203,,,Change from Baseline at Day 15/ET,,"[{""units"":""Participants"",""counts"":[{""groupId"":""OG000"",""value"":""13""}]}]"
NCT03000530,6,3,0,0,OG000,Part A: SAGE-217,-0.020,-0.02,0.0239,,,Change from Baseline at Follow-up Day 21,,"[{""units"":""Participants"",""counts"":[{""groupId"":""OG000"",""value"":""13""}]}]"
NCT03000530,6,4,0,0,OG000,Part A: SAGE-217,-0.017,-0.017,0.0256,,,Change from Baseline at Follow-up Day 28,,"[{""units"":""Participants"",""counts"":[{""groupId"":""OG000"",""value"":""13""}]}]"
NCT03000530,7,0,0,0,OG000,Part A: SAGE-217,136.7,136.7,11.28,,,Baseline,,"[{""units"":""Participants"",""counts"":[{""groupId"":""OG000"",""value"":""13""}]}]"
NCT03000530,7,1,0,0,OG000,Part A: SAGE-217,0.2,0.2,4.30,,,Change from Baseline at Day 8,,"[{""units"":""Participants"",""counts"":[{""groupId"":""OG000"",""value"":""13""}]}]"
NCT03000530,7,2,0,0,OG000,Part A: SAGE-217,-2.4,-2.4,5.25,,,Change from Baseline at Day 15/ET,,"[{""units"":""Participants"",""counts"":[{""groupId"":""OG000"",""value"":""13""}]}]"
NCT03000530,7,3,0,0,OG000,Part A: SAGE-217,-5.7,-5.7,5.79,,,Change from Baseline at Follow-up Day 21,,"[{""units"":""Participants"",""counts"":[{""groupId"":""OG000"",""value"":""13""}]}]"
NCT03000530,7,4,0,0,OG000,Part A: SAGE-217,-4.8,-4.8,6.21,,,Change from Baseline at Follow-up Day 28,,"[{""units"":""Participants"",""counts"":[{""groupId"":""OG000"",""value"":""13""}]}]"
NCT03000530,8,0,0,0,OG000,Part A: SAGE-217,2.356,2.356,0.4184,,,Baseline,,"[{""units"":""Participants"",""counts"":[{""groupId"":""OG000"",""value"":""13""}]}]"
NCT03000530,8,1,0,0,OG000,Part A: SAGE-217,-0.302,-0.302,0.3742,,,Change from Baseline at Day 8,,"[{""units"":""Participants"",""counts"":[{""groupId"":""OG000"",""value"":""13""}]}]"
NCT03000530,8,2,0,0,OG000,Part A: SAGE-217,-0.339,-0.339,0.4330,,,Change from Baseline at Day 15/ET,,"[{""units"":""Participants"",""counts"":[{""groupId"":""OG000"",""value"":""13""}]}]"
NCT03000530,8,3,0,0,OG000,Part A: SAGE-217,-0.260,-0.26,0.4550,,,Change from Baseline at Follow-up Day 21,,"[{""units"":""Participants"",""counts"":[{""groupId"":""OG000"",""value"":""13""}]}]"
NCT03000530,8,4,0,0,OG000,Part A: SAGE-217,-0.204,-0.204,0.3183,,,Change from Baseline at Follow-up Day 28,,"[{""units"":""Participants"",""counts"":[{""groupId"":""OG000"",""value"":""13""}]}]"
NCT03000530,9,0,0,0,OG000,Part A: SAGE-217,34.89,34.89,9.321,,,Baseline,,"[{""units"":""Participants"",""counts"":[{""groupId"":""OG000"",""value"":""13""}]}]"
NCT03000530,9,1,0,0,OG000,Part A: SAGE-217,-1.75,-1.75,4.741,,,Change from Baseline at Day 8,,"[{""units"":""Participants"",""counts"":[{""groupId"":""OG000"",""value"":""13""}]}]"
NCT03000530,9,2,0,0,OG000,Part A: SAGE-217,-1.25,-1.25,7.573,,,Change from Baseline at Day 15/ET,,"[{""units"":""Participants"",""counts"":[{""groupId"":""OG000"",""value"":""13""}]}]"
NCT03000530,9,3,0,0,OG000,Part A: SAGE-217,-1.11,-1.11,5.716,,,Change from Baseline at Follow-up Day 21,,"[{""units"":""Participants"",""counts"":[{""groupId"":""OG000"",""value"":""13""}]}]"
NCT03000530,9,4,0,0,OG000,Part A: SAGE-217,-0.62,-0.62,7.047,,,Change from Baseline at Follow-up Day 28,,"[{""units"":""Participants"",""counts"":[{""groupId"":""OG000"",""value"":""13""}]}]"
NCT03000530,10,0,0,0,OG000,Part A: SAGE-217,0.485,0.485,0.1785,,,Baseline,,"[{""units"":""Participants"",""counts"":[{""groupId"":""OG000"",""value"":""13""}]}]"
NCT03000530,10,1,0,0,OG000,Part A: SAGE-217,-0.042,-0.042,0.1673,,,Change from Baseline at Day 8,,"[{""units"":""Participants"",""counts"":[{""groupId"":""OG000"",""value"":""13""}]}]"
NCT03000530,10,2,0,0,OG000,Part A: SAGE-217,-0.074,-0.074,0.1373,,,Change from Baseline at Day 15/ET,,"[{""units"":""Participants"",""counts"":[{""groupId"":""OG000"",""value"":""13""}]}]"
NCT03000530,10,3,0,0,OG000,Part A: SAGE-217,-0.090,-0.09,0.1513,,,Change from Baseline at Follow-up Day 21,,"[{""units"":""Participants"",""counts"":[{""groupId"":""OG000"",""value"":""13""}]}]"
NCT03000530,10,4,0,0,OG000,Part A: SAGE-217,-0.103,-0.103,0.1369,,,Change from Baseline at Follow-up Day 28,,"[{""units"":""Participants"",""counts"":[{""groupId"":""OG000"",""value"":""13""}]}]"
NCT03000530,11,0,0,0,OG000,Part A: SAGE-217,6.72,6.72,1.263,,,Baseline,,"[{""units"":""Participants"",""counts"":[{""groupId"":""OG000"",""value"":""13""}]}]"
NCT03000530,11,1,0,0,OG000,Part A: SAGE-217,0.35,0.35,1.805,,,Change from Baseline at Day 8,,"[{""units"":""Participants"",""counts"":[{""groupId"":""OG000"",""value"":""13""}]}]"
NCT03000530,11,2,0,0,OG000,Part A: SAGE-217,-0.03,-0.03,1.625,,,Change from Baseline at Day 15/ET,,"[{""units"":""Participants"",""counts"":[{""groupId"":""OG000"",""value"":""13""}]}]"
NCT03000530,11,3,0,0,OG000,Part A: SAGE-217,-0.67,-0.67,2.364,,,Change from Baseline at Follow-up Day 21,,"[{""units"":""Participants"",""counts"":[{""groupId"":""OG000"",""value"":""13""}]}]"
NCT03000530,11,4,0,0,OG000,Part A: SAGE-217,-0.82,-0.82,2.403,,,Change from Baseline at Follow-up Day 28,,"[{""units"":""Participants"",""counts"":[{""groupId"":""OG000"",""value"":""13""}]}]"
NCT03000530,12,0,0,0,OG000,Part A: SAGE-217,4.126,4.126,1.7922,,,Baseline,,"[{""units"":""Participants"",""counts"":[{""groupId"":""OG000"",""value"":""13""}]}]"
NCT03000530,12,1,0,0,OG000,Part A: SAGE-217,-0.485,-0.485,1.0690,,,Change from Baseline at Day 8,,"[{""units"":""Participants"",""counts"":[{""groupId"":""OG000"",""value"":""13""}]}]"
NCT03000530,12,2,0,0,OG000,Part A: SAGE-217,-0.528,-0.528,1.1266,,,Change from Baseline at Day 15/ET,,"[{""units"":""Participants"",""counts"":[{""groupId"":""OG000"",""value"":""13""}]}]"
NCT03000530,12,3,0,0,OG000,Part A: SAGE-217,-0.411,-0.411,1.1296,,,Change from Baseline at Follow-up Day 21,,"[{""units"":""Participants"",""counts"":[{""groupId"":""OG000"",""value"":""13""}]}]"
NCT03000530,12,4,0,0,OG000,Part A: SAGE-217,-0.190,-0.19,1.2929,,,Change from Baseline at Follow-up Day 28,,"[{""units"":""Participants"",""counts"":[{""groupId"":""OG000"",""value"":""13""}]}]"
NCT03000530,13,0,0,0,OG000,Part A: SAGE-217,55.63,55.63,8.925,,,Baseline,,"[{""units"":""Participants"",""counts"":[{""groupId"":""OG000"",""value"":""13""}]}]"
NCT03000530,13,1,0,0,OG000,Part A: SAGE-217,0.76,0.76,5.123,,,Change from Baseline at Day 8,,"[{""units"":""Participants"",""counts"":[{""groupId"":""OG000"",""value"":""13""}]}]"
NCT03000530,13,2,0,0,OG000,Part A: SAGE-217,0.16,0.16,8.428,,,Change from Baseline at Day 15/ET,,"[{""units"":""Participants"",""counts"":[{""groupId"":""OG000"",""value"":""13""}]}]"
NCT03000530,13,3,0,0,OG000,Part A: SAGE-217,1.23,1.23,7.037,,,Change from Baseline at Follow-up Day 21,,"[{""units"":""Participants"",""counts"":[{""groupId"":""OG000"",""value"":""13""}]}]"
NCT03000530,13,4,0,0,OG000,Part A: SAGE-217,1.06,1.06,8.908,,,Change from Baseline at Follow-up Day 28,,"[{""units"":""Participants"",""counts"":[{""groupId"":""OG000"",""value"":""13""}]}]"
NCT03000530,14,0,0,0,OG000,Part A: SAGE-217,265.5,265.5,50.99,,,Baseline,,"[{""units"":""Participants"",""counts"":[{""groupId"":""OG000"",""value"":""13""}]}]"
NCT03000530,14,1,0,0,OG000,Part A: SAGE-217,-13.4,-13.4,26.77,,,Change from Baseline at Day 8,,"[{""units"":""Participants"",""counts"":[{""groupId"":""OG000"",""value"":""13""}]}]"
NCT03000530,14,2,0,0,OG000,Part A: SAGE-217,-7.8,-7.8,25.00,,,Change from Baseline at Day 15/ET,,"[{""units"":""Participants"",""counts"":[{""groupId"":""OG000"",""value"":""13""}]}]"
NCT03000530,14,3,0,0,OG000,Part A: SAGE-217,8.8,8.8,19.68,,,Change from Baseline at Follow-up Day 21,,"[{""units"":""Participants"",""counts"":[{""groupId"":""OG000"",""value"":""13""}]}]"
NCT03000530,14,4,0,0,OG000,Part A: SAGE-217,-9.9,-9.9,34.29,,,Change from Baseline at Follow-up Day 28,,"[{""units"":""Participants"",""counts"":[{""groupId"":""OG000"",""value"":""13""}]}]"
NCT03000530,15,0,0,0,OG000,Part A: SAGE-217,4.661,4.661,0.4521,,,Baseline,,"[{""units"":""Participants"",""counts"":[{""groupId"":""OG000"",""value"":""13""}]}]"
NCT03000530,15,1,0,0,OG000,Part A: SAGE-217,0.021,0.021,0.1406,,,Change from Baseline at Day 8,,"[{""units"":""Participants"",""counts"":[{""groupId"":""OG000"",""value"":""13""}]}]"
NCT03000530,15,2,0,0,OG000,Part A: SAGE-217,-0.050,-0.05,0.1920,,,Change from Baseline at Day 15/ET,,"[{""units"":""Participants"",""counts"":[{""groupId"":""OG000"",""value"":""13""}]}]"
NCT03000530,15,3,0,0,OG000,Part A: SAGE-217,-0.198,-0.198,0.2302,,,Change from Baseline at Follow-up Day 21,,"[{""units"":""Participants"",""counts"":[{""groupId"":""OG000"",""value"":""13""}]}]"
NCT03000530,15,4,0,0,OG000,Part A: SAGE-217,-0.164,-0.164,0.2382,,,Change from Baseline at Follow-up Day 28,,"[{""units"":""Participants"",""counts"":[{""groupId"":""OG000"",""value"":""13""}]}]"
NCT03000530,16,0,0,0,OG000,Part A: SAGE-217,51.926,51.926,21.8233,,,Baseline,,"[{""units"":""Participants"",""counts"":[{""groupId"":""OG000"",""value"":""13""}]}]"
NCT03000530,16,1,0,0,OG000,Part A: SAGE-217,-3.694,-3.694,22.4664,,,Change from Baseline at Day 8,,"[{""units"":""Participants"",""counts"":[{""groupId"":""OG000"",""value"":""13""}]}]"
NCT03000530,16,2,0,0,OG000,Part A: SAGE-217,-6.163,-6.163,24.9724,,,Change from Baseline at Day 15/ET,,"[{""units"":""Participants"",""counts"":[{""groupId"":""OG000"",""value"":""13""}]}]"
NCT03000530,16,3,0,0,OG000,Part A: SAGE-217,6.174,6.174,27.1013,,,Change from Baseline at Follow-up Day 21,,"[{""units"":""Participants"",""counts"":[{""groupId"":""OG000"",""value"":""13""}]}]"
NCT03000530,16,4,0,0,OG000,Part A: SAGE-217,13.012,13.012,24.3634,,,Change from Baseline at Follow-up Day 28,,"[{""units"":""Participants"",""counts"":[{""groupId"":""OG000"",""value"":""13""}]}]"
NCT03000530,17,0,0,0,OG000,Part A: SAGE-217,7.16,7.16,2.098,,,Baseline,,"[{""units"":""Participants"",""counts"":[{""groupId"":""OG000"",""value"":""13""}]}]"
NCT03000530,17,1,0,0,OG000,Part A: SAGE-217,-0.82,-0.82,1.446,,,Change from Baseline at Day 8,,"[{""units"":""Participants"",""counts"":[{""groupId"":""OG000"",""value"":""13""}]}]"
NCT03000530,17,2,0,0,OG000,Part A: SAGE-217,-0.91,-0.91,1.388,,,Change from Baseline at Day 15/ET,,"[{""units"":""Participants"",""counts"":[{""groupId"":""OG000"",""value"":""13""}]}]"
NCT03000530,17,3,0,0,OG000,Part A: SAGE-217,-0.75,-0.75,1.331,,,Change from Baseline at Follow-up Day 21,,"[{""units"":""Participants"",""counts"":[{""groupId"":""OG000"",""value"":""13""}]}]"
NCT03000530,17,4,0,0,OG000,Part A: SAGE-217,-0.49,-0.49,1.387,,,Change from Baseline at Follow-up Day 28,,"[{""units"":""Participants"",""counts"":[{""groupId"":""OG000"",""value"":""13""}]}]"
NCT03000530,18,0,0,0,OG000,Part A: SAGE-217,42.8,42.8,2.82,,,Baseline,,"[{""units"":""Participants"",""counts"":[{""groupId"":""OG000"",""value"":""13""}]}]"
NCT03000530,18,1,0,0,OG000,Part A: SAGE-217,-1.5,-1.5,2.07,,,Change from Baseline at Day 8,,"[{""units"":""Participants"",""counts"":[{""groupId"":""OG000"",""value"":""13""}]}]"
NCT03000530,18,2,0,0,OG000,Part A: SAGE-217,-1.0,-1.0,2.45,,,Change from Baseline at Day 15/ET,,"[{""units"":""Participants"",""counts"":[{""groupId"":""OG000"",""value"":""13""}]}]"
NCT03000530,18,3,0,0,OG000,Part A: SAGE-217,-1.5,-1.5,2.57,,,Change from Baseline at Follow-up Day 21,,"[{""units"":""Participants"",""counts"":[{""groupId"":""OG000"",""value"":""13""}]}]"
NCT03000530,18,4,0,0,OG000,Part A: SAGE-217,-0.8,-0.8,2.34,,,Change from Baseline at Follow-up Day 28,,"[{""units"":""Participants"",""counts"":[{""groupId"":""OG000"",""value"":""13""}]}]"
NCT03000530,19,0,0,0,OG000,Part A: SAGE-217,84.3,84.3,43.15,,,Baseline,,"[{""units"":""Participants"",""counts"":[{""groupId"":""OG000"",""value"":""10""}]}]"
NCT03000530,19,1,0,0,OG000,Part A: SAGE-217,6.1,6.1,20.73,,,Change from Baseline at Day 8,,"[{""units"":""Participants"",""counts"":[{""groupId"":""OG000"",""value"":""10""}]}]"
NCT03000530,19,2,0,0,OG000,Part A: SAGE-217,16.5,16.5,30.62,,,Change from Baseline at Day 15/ET,,"[{""units"":""Participants"",""counts"":[{""groupId"":""OG000"",""value"":""10""}]}]"
NCT03000530,19,3,0,0,OG000,Part A: SAGE-217,2.3,2.3,9.93,,,Change from Baseline at Follow-up Day 21,,"[{""units"":""Participants"",""counts"":[{""groupId"":""OG000"",""value"":""10""}]}]"
NCT03000530,19,4,0,0,OG000,Part A: SAGE-217,2.5,2.5,10.34,,,Change from Baseline at Follow-up Day 28,,"[{""units"":""Participants"",""counts"":[{""groupId"":""OG000"",""value"":""10""}]}]"
NCT03000530,20,0,0,0,OG000,Part A: SAGE-217,18.8,18.8,10.85,,,Baseline,,"[{""units"":""Participants"",""counts"":[{""groupId"":""OG000"",""value"":""13""}]}]"
NCT03000530,20,1,0,0,OG000,Part A: SAGE-217,8.8,8.8,11.31,,,Change from Baseline at Day 8,,"[{""units"":""Participants"",""counts"":[{""groupId"":""OG000"",""value"":""13""}]}]"
NCT03000530,20,2,0,0,OG000,Part A: SAGE-217,11.0,11.0,21.63,,,Change from Baseline at Day 15/ET,,"[{""units"":""Participants"",""counts"":[{""groupId"":""OG000"",""value"":""13""}]}]"
NCT03000530,20,3,0,0,OG000,Part A: SAGE-217,2.8,2.8,7.73,,,Change from Baseline at Follow-up Day 21,,"[{""units"":""Participants"",""counts"":[{""groupId"":""OG000"",""value"":""13""}]}]"
NCT03000530,20,4,0,0,OG000,Part A: SAGE-217,-1.7,-1.7,9.39,,,Change from Baseline at Follow-up Day 28,,"[{""units"":""Participants"",""counts"":[{""groupId"":""OG000"",""value"":""13""}]}]"
NCT03000530,21,0,0,0,OG000,Part A: SAGE-217,18.7,18.7,8.07,,,Baseline,,"[{""units"":""Participants"",""counts"":[{""groupId"":""OG000"",""value"":""13""}]}]"
NCT03000530,21,1,0,0,OG000,Part A: SAGE-217,3.7,3.7,8.63,,,Change from Baseline at Day 8,,"[{""units"":""Participants"",""counts"":[{""groupId"":""OG000"",""value"":""13""}]}]"
NCT03000530,21,2,0,0,OG000,Part A: SAGE-217,5.7,5.7,17.50,,,Change from Baseline at Day 15/ET,,"[{""units"":""Participants"",""counts"":[{""groupId"":""OG000"",""value"":""13""}]}]"
NCT03000530,21,3,0,0,OG000,Part A: SAGE-217,0.0,0.0,7.59,,,Change from Baseline at Follow-up Day 21,,"[{""units"":""Participants"",""counts"":[{""groupId"":""OG000"",""value"":""13""}]}]"
NCT03000530,21,4,0,0,OG000,Part A: SAGE-217,0.5,0.5,12.60,,,Change from Baseline at Follow-up Day 28,,"[{""units"":""Participants"",""counts"":[{""groupId"":""OG000"",""value"":""13""}]}]"
NCT03000530,22,0,0,0,OG000,Part A: SAGE-217,8.945,8.945,4.5860,,,Baseline,,"[{""units"":""Participants"",""counts"":[{""groupId"":""OG000"",""value"":""13""}]}]"
NCT03000530,22,1,0,0,OG000,Part A: SAGE-217,-1.052,-1.052,2.5687,,,Change from Baseline at Day 8,,"[{""units"":""Participants"",""counts"":[{""groupId"":""OG000"",""value"":""13""}]}]"
NCT03000530,22,2,0,0,OG000,Part A: SAGE-217,-1.973,-1.973,2.9491,,,Change from Baseline at Day 15/ET,,"[{""units"":""Participants"",""counts"":[{""groupId"":""OG000"",""value"":""13""}]}]"
NCT03000530,22,3,0,0,OG000,Part A: SAGE-217,-1.842,-1.842,3.7243,,,Change from Baseline at Follow-up Day 21,,"[{""units"":""Participants"",""counts"":[{""groupId"":""OG000"",""value"":""13""}]}]"
NCT03000530,22,4,0,0,OG000,Part A: SAGE-217,-1.184,-1.184,2.7382,,,Change from Baseline at Follow-up Day 28,,"[{""units"":""Participants"",""counts"":[{""groupId"":""OG000"",""value"":""13""}]}]"
NCT03000530,23,0,0,0,OG000,Part A: SAGE-217,102.9,102.9,3.07,,,Baseline,,"[{""units"":""Participants"",""counts"":[{""groupId"":""OG000"",""value"":""13""}]}]"
NCT03000530,23,1,0,0,OG000,Part A: SAGE-217,1.2,1.2,2.55,,,Change from Baseline at Day 8,,"[{""units"":""Participants"",""counts"":[{""groupId"":""OG000"",""value"":""13""}]}]"
NCT03000530,23,2,0,0,OG000,Part A: SAGE-217,1.5,1.5,2.96,,,Change from Baseline at Day 15/ET,,"[{""units"":""Participants"",""counts"":[{""groupId"":""OG000"",""value"":""13""}]}]"
NCT03000530,23,3,0,0,OG000,Part A: SAGE-217,1.3,1.3,1.97,,,Change from Baseline at Follow-up Day 21,,"[{""units"":""Participants"",""counts"":[{""groupId"":""OG000"",""value"":""13""}]}]"
NCT03000530,23,4,0,0,OG000,Part A: SAGE-217,1.1,1.1,2.10,,,Change from Baseline at Follow-up Day 28,,"[{""units"":""Participants"",""counts"":[{""groupId"":""OG000"",""value"":""13""}]}]"
NCT03000530,24,0,0,0,OG000,Part A: SAGE-217,26.4,26.4,2.50,,,Baseline,,"[{""units"":""Participants"",""counts"":[{""groupId"":""OG000"",""value"":""13""}]}]"
NCT03000530,24,1,0,0,OG000,Part A: SAGE-217,-1.0,-1.0,2.35,,,Change from Baseline at Day 8,,"[{""units"":""Participants"",""counts"":[{""groupId"":""OG000"",""value"":""13""}]}]"
NCT03000530,24,2,0,0,OG000,Part A: SAGE-217,-0.8,-0.8,1.63,,,Change from Baseline at Day 15/ET,,"[{""units"":""Participants"",""counts"":[{""groupId"":""OG000"",""value"":""13""}]}]"
NCT03000530,24,3,0,0,OG000,Part A: SAGE-217,0.0,0.0,2.24,,,Change from Baseline at Follow-up Day 21,,"[{""units"":""Participants"",""counts"":[{""groupId"":""OG000"",""value"":""13""}]}]"
NCT03000530,24,4,0,0,OG000,Part A: SAGE-217,-0.5,-0.5,1.56,,,Change from Baseline at Follow-up Day 28,,"[{""units"":""Participants"",""counts"":[{""groupId"":""OG000"",""value"":""13""}]}]"
NCT03000530,25,0,0,0,OG000,Part A: SAGE-217,73.848,73.848,18.2228,,,Baseline,,"[{""units"":""Participants"",""counts"":[{""groupId"":""OG000"",""value"":""13""}]}]"
NCT03000530,25,1,0,0,OG000,Part A: SAGE-217,-0.748,-0.748,6.7791,,,Change from Baseline at Day 8,,"[{""units"":""Participants"",""counts"":[{""groupId"":""OG000"",""value"":""13""}]}]"
NCT03000530,25,2,0,0,OG000,Part A: SAGE-217,0.136,0.136,8.4394,,,Change from Baseline at Day 15/ET,,"[{""units"":""Participants"",""counts"":[{""groupId"":""OG000"",""value"":""13""}]}]"
NCT03000530,25,3,0,0,OG000,Part A: SAGE-217,0.952,0.952,9.4279,,,Change from Baseline at Follow-up Day 21,,"[{""units"":""Participants"",""counts"":[{""groupId"":""OG000"",""value"":""13""}]}]"
NCT03000530,25,4,0,0,OG000,Part A: SAGE-217,0.816,0.816,7.6084,,,Change from Baseline at Follow-up Day 28,,"[{""units"":""Participants"",""counts"":[{""groupId"":""OG000"",""value"":""13""}]}]"
NCT03000530,26,0,0,0,OG000,Part A: SAGE-217,4.25,4.25,0.273,,,Baseline,,"[{""units"":""Participants"",""counts"":[{""groupId"":""OG000"",""value"":""13""}]}]"
NCT03000530,26,1,0,0,OG000,Part A: SAGE-217,0.12,0.12,0.365,,,Change from Baseline at Day 8,,"[{""units"":""Participants"",""counts"":[{""groupId"":""OG000"",""value"":""13""}]}]"
NCT03000530,26,2,0,0,OG000,Part A: SAGE-217,0.02,0.02,0.349,,,Change from Baseline at Day 15/ET,,"[{""units"":""Participants"",""counts"":[{""groupId"":""OG000"",""value"":""13""}]}]"
NCT03000530,26,3,0,0,OG000,Part A: SAGE-217,-0.04,-0.04,0.423,,,Change from Baseline at Follow-up Day 21,,"[{""units"":""Participants"",""counts"":[{""groupId"":""OG000"",""value"":""13""}]}]"
NCT03000530,26,4,0,0,OG000,Part A: SAGE-217,-0.10,-0.1,0.416,,,Change from Baseline at Follow-up Day 28,,"[{""units"":""Participants"",""counts"":[{""groupId"":""OG000"",""value"":""13""}]}]"
NCT03000530,27,0,0,0,OG000,Part A: SAGE-217,71.8,71.8,3.59,,,Baseline,,"[{""units"":""Participants"",""counts"":[{""groupId"":""OG000"",""value"":""13""}]}]"
NCT03000530,27,1,0,0,OG000,Part A: SAGE-217,-0.6,-0.6,5.36,,,Change from Baseline at Day 8,,"[{""units"":""Participants"",""counts"":[{""groupId"":""OG000"",""value"":""13""}]}]"
NCT03000530,27,2,0,0,OG000,Part A: SAGE-217,-0.2,-0.2,4.85,,,Change from Baseline at Day 15/ET,,"[{""units"":""Participants"",""counts"":[{""groupId"":""OG000"",""value"":""13""}]}]"
NCT03000530,27,3,0,0,OG000,Part A: SAGE-217,-2.5,-2.5,4.33,,,Change from Baseline at Follow-up Day 21,,"[{""units"":""Participants"",""counts"":[{""groupId"":""OG000"",""value"":""13""}]}]"
NCT03000530,27,4,0,0,OG000,Part A: SAGE-217,-0.1,-0.1,3.57,,,Change from Baseline at Follow-up Day 28,,"[{""units"":""Participants"",""counts"":[{""groupId"":""OG000"",""value"":""13""}]}]"
NCT03000530,28,0,0,0,OG000,Part A: SAGE-217,138.5,138.5,2.18,,,Baseline,,"[{""units"":""Participants"",""counts"":[{""groupId"":""OG000"",""value"":""13""}]}]"
NCT03000530,28,1,0,0,OG000,Part A: SAGE-217,-0.2,-0.2,2.05,,,Change from Baseline at Day 8,,"[{""units"":""Participants"",""counts"":[{""groupId"":""OG000"",""value"":""13""}]}]"
NCT03000530,28,2,0,0,OG000,Part A: SAGE-217,-0.1,-0.1,2.43,,,Change from Baseline at Day 15/ET,,"[{""units"":""Participants"",""counts"":[{""groupId"":""OG000"",""value"":""13""}]}]"
NCT03000530,28,3,0,0,OG000,Part A: SAGE-217,0.5,0.5,2.76,,,Change from Baseline at Follow-up Day 21,,"[{""units"":""Participants"",""counts"":[{""groupId"":""OG000"",""value"":""13""}]}]"
NCT03000530,28,4,0,0,OG000,Part A: SAGE-217,0.5,0.5,2.90,,,Change from Baseline at Follow-up Day 28,,"[{""units"":""Participants"",""counts"":[{""groupId"":""OG000"",""value"":""13""}]}]"
NCT03000530,29,0,0,0,OG000,Part A: SAGE-217,4.888,4.888,1.4234,,,Baseline,,"[{""units"":""Participants"",""counts"":[{""groupId"":""OG000"",""value"":""13""}]}]"
NCT03000530,29,1,0,0,OG000,Part A: SAGE-217,-0.275,-0.275,1.6435,,,Change from Baseline at Day 8,,"[{""units"":""Participants"",""counts"":[{""groupId"":""OG000"",""value"":""13""}]}]"
NCT03000530,29,2,0,0,OG000,Part A: SAGE-217,-0.412,-0.412,1.4563,,,Change from Baseline at Day 15/ET,,"[{""units"":""Participants"",""counts"":[{""groupId"":""OG000"",""value"":""13""}]}]"
NCT03000530,29,3,0,0,OG000,Part A: SAGE-217,-0.357,-0.357,0.9885,,,Change from Baseline at Follow-up Day 21,,"[{""units"":""Participants"",""counts"":[{""groupId"":""OG000"",""value"":""13""}]}]"
NCT03000530,29,4,0,0,OG000,Part A: SAGE-217,-0.741,-0.741,1.3552,,,Change from Baseline at Follow-up Day 28,,"[{""units"":""Participants"",""counts"":[{""groupId"":""OG000"",""value"":""13""}]}]"
NCT03000530,30,0,0,0,OG000,Part A: SAGE-217,28.00,28.0,,24.5,33.0,Baseline,,"[{""units"":""Participants"",""counts"":[{""groupId"":""OG000"",""value"":""13""}]}]"
NCT03000530,30,1,0,0,OG000,Part A: SAGE-217,1.00,1.0,,-1.0,171.0,Change from Baseline at Day 8,,"[{""units"":""Participants"",""counts"":[{""groupId"":""OG000"",""value"":""13""}]}]"
NCT03000530,30,2,0,0,OG000,Part A: SAGE-217,1.20,1.2,,-2.0,3.0,Change from Baseline at Day 15/ET,,"[{""units"":""Participants"",""counts"":[{""groupId"":""OG000"",""value"":""13""}]}]"
NCT03000530,30,3,0,0,OG000,Part A: SAGE-217,0.70,0.7,,-2.0,4.0,Change from Baseline at Follow-up Day 21,,"[{""units"":""Participants"",""counts"":[{""groupId"":""OG000"",""value"":""13""}]}]"
NCT03000530,30,4,0,0,OG000,Part A: SAGE-217,1.00,1.0,,-2.0,4.0,Change from Baseline at Follow-up Day 28,,"[{""units"":""Participants"",""counts"":[{""groupId"":""OG000"",""value"":""13""}]}]"
NCT03000530,31,0,0,0,OG000,Part A: SAGE-217,1.02,1.02,0.055,,,Baseline,,"[{""units"":""Participants"",""counts"":[{""groupId"":""OG000"",""value"":""13""}]}]"
NCT03000530,31,1,0,0,OG000,Part A: SAGE-217,0.04,0.04,0.087,,,Change from Baseline at Day 8,,"[{""units"":""Participants"",""counts"":[{""groupId"":""OG000"",""value"":""13""}]}]"
NCT03000530,31,2,0,0,OG000,Part A: SAGE-217,-0.04,-0.04,0.051,,,Change from Baseline at Day 15/ET,,"[{""units"":""Participants"",""counts"":[{""groupId"":""OG000"",""value"":""13""}]}]"
NCT03000530,31,3,0,0,OG000,Part A: SAGE-217,-0.01,-0.01,0.049,,,Change from Baseline at Follow-up Day 21,,"[{""units"":""Participants"",""counts"":[{""groupId"":""OG000"",""value"":""13""}]}]"
NCT03000530,31,4,0,0,OG000,Part A: SAGE-217,-0.02,-0.02,0.038,,,Change from Baseline at Follow-up Day 28,,"[{""units"":""Participants"",""counts"":[{""groupId"":""OG000"",""value"":""13""}]}]"
NCT03000530,32,0,0,0,OG000,Part A: SAGE-217,10.50,10.5,,10.1,13.4,Baseline,,"[{""units"":""Participants"",""counts"":[{""groupId"":""OG000"",""value"":""13""}]}]"
NCT03000530,32,1,0,0,OG000,Part A: SAGE-217,0.10,0.1,,-0.4,3.1,Change from Baseline at Day 8,,"[{""units"":""Participants"",""counts"":[{""groupId"":""OG000"",""value"":""13""}]}]"
NCT03000530,32,2,0,0,OG000,Part A: SAGE-217,-0.40,-0.4,,-0.9,0.5,Change from Baseline at Day 15/ET,,"[{""units"":""Participants"",""counts"":[{""groupId"":""OG000"",""value"":""13""}]}]"
NCT03000530,32,3,0,0,OG000,Part A: SAGE-217,-0.10,-0.1,,-1.0,1.3,Change from Baseline at Follow-up Day 21,,"[{""units"":""Participants"",""counts"":[{""groupId"":""OG000"",""value"":""13""}]}]"
NCT03000530,32,4,0,0,OG000,Part A: SAGE-217,0.00,0.0,,-0.6,0.6,Change from Baseline at Follow-up Day 28,,"[{""units"":""Participants"",""counts"":[{""groupId"":""OG000"",""value"":""13""}]}]"
NCT03000530,33,0,0,0,OG000,Part A: SAGE-217,6.46,6.46,0.803,,,Baseline,,"[{""units"":""Participants"",""counts"":[{""groupId"":""OG000"",""value"":""13""}]}]"
NCT03000530,33,1,0,0,OG000,Part A: SAGE-217,-0.15,-0.15,1.049,,,Change from Baseline at Day 8,,"[{""units"":""Participants"",""counts"":[{""groupId"":""OG000"",""value"":""13""}]}]"
NCT03000530,33,2,0,0,OG000,Part A: SAGE-217,-0.35,-0.35,0.826,,,Change from Baseline at Day 15/ET,,"[{""units"":""Participants"",""counts"":[{""groupId"":""OG000"",""value"":""13""}]}]"
NCT03000530,33,3,0,0,OG000,Part A: SAGE-217,-0.31,-0.31,1.407,,,Change from Baseline at Follow-up Day 21,,"[{""units"":""Participants"",""counts"":[{""groupId"":""OG000"",""value"":""13""}]}]"
NCT03000530,33,4,0,0,OG000,Part A: SAGE-217,-0.19,-0.19,1.300,,,Change from Baseline at Follow-up Day 28,,"[{""units"":""Participants"",""counts"":[{""groupId"":""OG000"",""value"":""13""}]}]"
NCT03000530,34,0,0,0,OG000,Part A: SAGE-217,1.014,1.014,0.0083,,,Baseline,,"[{""units"":""Participants"",""counts"":[{""groupId"":""OG000"",""value"":""13""}]}]"
NCT03000530,34,1,0,0,OG000,Part A: SAGE-217,0.001,0.001,0.0075,,,Change from Baseline at Day 8,,"[{""units"":""Participants"",""counts"":[{""groupId"":""OG000"",""value"":""13""}]}]"
NCT03000530,34,2,0,0,OG000,Part A: SAGE-217,0.000,0.0,0.0066,,,Change from Baseline at Day 15/ET,,"[{""units"":""Participants"",""counts"":[{""groupId"":""OG000"",""value"":""13""}]}]"
NCT03000530,34,3,0,0,OG000,Part A: SAGE-217,0.003,0.003,0.0084,,,Change from Baseline at Follow-up Day 21,,"[{""units"":""Participants"",""counts"":[{""groupId"":""OG000"",""value"":""13""}]}]"
NCT03000530,34,4,0,0,OG000,Part A: SAGE-217,-0.001,-0.001,0.0076,,,Change from Baseline at Follow-up Day 28,,"[{""units"":""Participants"",""counts"":[{""groupId"":""OG000"",""value"":""13""}]}]"
NCT03000530,35,0,0,0,OG000,Part A: SAGE-217,122.8,122.8,15.92,,,Baseline,,"[{""units"":""Participants"",""counts"":[{""groupId"":""OG000"",""value"":""13""}]}]"
NCT03000530,35,1,0,0,OG000,Part A: SAGE-217,-1.7,-1.7,10.82,,,CFB at Day 1: 0.25 H Postdose,,"[{""units"":""Participants"",""counts"":[{""groupId"":""OG000"",""value"":""13""}]}]"
NCT03000530,35,2,0,0,OG000,Part A: SAGE-217,-4.2,-4.2,9.50,,,CFB at Day 1: 0.5 H Postdose,,"[{""units"":""Participants"",""counts"":[{""groupId"":""OG000"",""value"":""13""}]}]"
NCT03000530,35,3,0,0,OG000,Part A: SAGE-217,-2.4,-2.4,13.88,,,CFB at Day 1: 1 H Postdose,,"[{""units"":""Participants"",""counts"":[{""groupId"":""OG000"",""value"":""13""}]}]"
NCT03000530,35,4,0,0,OG000,Part A: SAGE-217,-4.9,-4.9,13.47,,,CFB at Day 1: 2 H Postdose,,"[{""units"":""Participants"",""counts"":[{""groupId"":""OG000"",""value"":""13""}]}]"
NCT03000530,35,5,0,0,OG000,Part A: SAGE-217,-0.8,-0.8,12.12,,,CFB at Day 1: 12 H Postdose,,"[{""units"":""Participants"",""counts"":[{""groupId"":""OG000"",""value"":""13""}]}]"
NCT03000530,35,6,0,0,OG000,Part A: SAGE-217,-0.8,-0.8,17.66,,,CFB at Day 2: Predose,,"[{""units"":""Participants"",""counts"":[{""groupId"":""OG000"",""value"":""13""}]}]"
NCT03000530,35,7,0,0,OG000,Part A: SAGE-217,8.2,8.2,17.46,,,CFB at Day 2: 0.25 H Postdose,,"[{""units"":""Participants"",""counts"":[{""groupId"":""OG000"",""value"":""13""}]}]"
NCT03000530,35,8,0,0,OG000,Part A: SAGE-217,0.8,0.8,16.21,,,CFB at Day 2: 0.5 H Postdose,,"[{""units"":""Participants"",""counts"":[{""groupId"":""OG000"",""value"":""13""}]}]"
NCT03000530,35,9,0,0,OG000,Part A: SAGE-217,2.3,2.3,16.65,,,CFB at Day 2: 1 H Postdose,,"[{""units"":""Participants"",""counts"":[{""groupId"":""OG000"",""value"":""13""}]}]"
NCT03000530,35,10,0,0,OG000,Part A: SAGE-217,-4.7,-4.7,13.88,,,CFB at Day 2: 2 H Postdose,,"[{""units"":""Participants"",""counts"":[{""groupId"":""OG000"",""value"":""13""}]}]"
NCT03000530,35,11,0,0,OG000,Part A: SAGE-217,-0.5,-0.5,12.01,,,CFB at Day 2: 12 H Postdose,,"[{""units"":""Participants"",""counts"":[{""groupId"":""OG000"",""value"":""13""}]}]"
NCT03000530,35,12,0,0,OG000,Part A: SAGE-217,-2.1,-2.1,14.33,,,CFB at Day 3: Predose,,"[{""units"":""Participants"",""counts"":[{""groupId"":""OG000"",""value"":""13""}]}]"
NCT03000530,35,13,0,0,OG000,Part A: SAGE-217,5.8,5.8,15.21,,,CFB at Day 3: 0.25 H Postdose,,"[{""units"":""Participants"",""counts"":[{""groupId"":""OG000"",""value"":""13""}]}]"
NCT03000530,35,14,0,0,OG000,Part A: SAGE-217,0.5,0.5,17.08,,,CFB at Day 3: 0.5 H Postdose,,"[{""units"":""Participants"",""counts"":[{""groupId"":""OG000"",""value"":""13""}]}]"
NCT03000530,35,15,0,0,OG000,Part A: SAGE-217,2.5,2.5,13.51,,,CFB at Day 3: 1 H Postdose,,"[{""units"":""Participants"",""counts"":[{""groupId"":""OG000"",""value"":""13""}]}]"
NCT03000530,35,16,0,0,OG000,Part A: SAGE-217,-0.8,-0.8,16.49,,,CFB at Day 3: 2 H Postdose,,"[{""units"":""Participants"",""counts"":[{""groupId"":""OG000"",""value"":""13""}]}]"
NCT03000530,35,17,0,0,OG000,Part A: SAGE-217,1.7,1.7,12.98,,,CFB at Day 3: 12 H Postdose,,"[{""units"":""Participants"",""counts"":[{""groupId"":""OG000"",""value"":""13""}]}]"
NCT03000530,35,18,0,0,OG000,Part A: SAGE-217,-0.5,-0.5,17.70,,,CFB at Day 4: Predose,,"[{""units"":""Participants"",""counts"":[{""groupId"":""OG000"",""value"":""13""}]}]"
NCT03000530,35,19,0,0,OG000,Part A: SAGE-217,-0.4,-0.4,15.23,,,CFB at Day 4: 0.25 H Postdose,,"[{""units"":""Participants"",""counts"":[{""groupId"":""OG000"",""value"":""13""}]}]"
NCT03000530,35,20,0,0,OG000,Part A: SAGE-217,1.8,1.8,18.69,,,CFB at Day 4: 0.5 H Postdose,,"[{""units"":""Participants"",""counts"":[{""groupId"":""OG000"",""value"":""13""}]}]"
NCT03000530,35,21,0,0,OG000,Part A: SAGE-217,-0.4,-0.4,19.35,,,CFB at Day 4: 1 H Postdose,,"[{""units"":""Participants"",""counts"":[{""groupId"":""OG000"",""value"":""13""}]}]"
NCT03000530,35,22,0,0,OG000,Part A: SAGE-217,-3.4,-3.4,13.58,,,CFB at Day 4: 2 H Postdose,,"[{""units"":""Participants"",""counts"":[{""groupId"":""OG000"",""value"":""13""}]}]"
NCT03000530,35,23,0,0,OG000,Part A: SAGE-217,-2.7,-2.7,18.63,,,CFB at Day 4: 12 H Postdose,,"[{""units"":""Participants"",""counts"":[{""groupId"":""OG000"",""value"":""13""}]}]"
NCT03000530,35,24,0,0,OG000,Part A: SAGE-217,-0.1,-0.1,20.01,,,CFB at Day 5: Predose,,"[{""units"":""Participants"",""counts"":[{""groupId"":""OG000"",""value"":""13""}]}]"
NCT03000530,35,25,0,0,OG000,Part A: SAGE-217,3.1,3.1,18.18,,,CFB at Day 5: 0.25 H Postdose,,"[{""units"":""Participants"",""counts"":[{""groupId"":""OG000"",""value"":""13""}]}]"
NCT03000530,35,26,0,0,OG000,Part A: SAGE-217,0.3,0.3,16.94,,,CFB at Day 5: 0.5 H Postdose,,"[{""units"":""Participants"",""counts"":[{""groupId"":""OG000"",""value"":""13""}]}]"
NCT03000530,35,27,0,0,OG000,Part A: SAGE-217,-4.8,-4.8,20.99,,,CFB at Day 5: 1 H Postdose,,"[{""units"":""Participants"",""counts"":[{""groupId"":""OG000"",""value"":""13""}]}]"
NCT03000530,35,28,0,0,OG000,Part A: SAGE-217,-2.9,-2.9,16.11,,,CFB at Day 5: 2 H Postdose,,"[{""units"":""Participants"",""counts"":[{""groupId"":""OG000"",""value"":""13""}]}]"
NCT03000530,35,29,0,0,OG000,Part A: SAGE-217,-1.5,-1.5,15.90,,,CFB at Day 5: 12 H Postdose,,"[{""units"":""Participants"",""counts"":[{""groupId"":""OG000"",""value"":""13""}]}]"
NCT03000530,35,30,0,0,OG000,Part A: SAGE-217,-0.2,-0.2,15.95,,,CFB at Day 6: Predose,,"[{""units"":""Participants"",""counts"":[{""groupId"":""OG000"",""value"":""13""}]}]"
NCT03000530,35,31,0,0,OG000,Part A: SAGE-217,-0.2,-0.2,17.21,,,CFB at Day 6: 0.25 H Postdose,,"[{""units"":""Participants"",""counts"":[{""groupId"":""OG000"",""value"":""13""}]}]"
NCT03000530,35,32,0,0,OG000,Part A: SAGE-217,1.8,1.8,14.62,,,CFB at Day 6: 0.5 H Postdose,,"[{""units"":""Participants"",""counts"":[{""groupId"":""OG000"",""value"":""13""}]}]"
NCT03000530,35,33,0,0,OG000,Part A: SAGE-217,0.9,0.9,15.86,,,CFB at Day 6: 1 H Postdose,,"[{""units"":""Participants"",""counts"":[{""groupId"":""OG000"",""value"":""13""}]}]"
NCT03000530,35,34,0,0,OG000,Part A: SAGE-217,-3.5,-3.5,16.79,,,CFB at Day 6: 2 H Postdose,,"[{""units"":""Participants"",""counts"":[{""groupId"":""OG000"",""value"":""13""}]}]"
NCT03000530,35,35,0,0,OG000,Part A: SAGE-217,-1.9,-1.9,22.35,,,CFB at Day 6: 12 H Postdose,,"[{""units"":""Participants"",""counts"":[{""groupId"":""OG000"",""value"":""13""}]}]"
NCT03000530,35,36,0,0,OG000,Part A: SAGE-217,-1.2,-1.2,21.17,,,CFB at Day 7: Predose,,"[{""units"":""Participants"",""counts"":[{""groupId"":""OG000"",""value"":""13""}]}]"
NCT03000530,35,37,0,0,OG000,Part A: SAGE-217,4.0,4.0,16.40,,,CFB at Day 7: 0.25 H Postdose,,"[{""units"":""Participants"",""counts"":[{""groupId"":""OG000"",""value"":""13""}]}]"
NCT03000530,35,38,0,0,OG000,Part A: SAGE-217,1.5,1.5,17.47,,,CFB at Day 7: 0.5 H Postdose,,"[{""units"":""Participants"",""counts"":[{""groupId"":""OG000"",""value"":""13""}]}]"
NCT03000530,35,39,0,0,OG000,Part A: SAGE-217,-3.2,-3.2,19.95,,,CFB at Day 7: 1 H Postdose,,"[{""units"":""Participants"",""counts"":[{""groupId"":""OG000"",""value"":""13""}]}]"
NCT03000530,35,40,0,0,OG000,Part A: SAGE-217,0.3,0.3,13.45,,,CFB at Day 7: 2 H Postdose,,"[{""units"":""Participants"",""counts"":[{""groupId"":""OG000"",""value"":""13""}]}]"
NCT03000530,35,41,0,0,OG000,Part A: SAGE-217,-4.3,-4.3,13.04,,,CFB at Day 7: 12 H Postdose,,"[{""units"":""Participants"",""counts"":[{""groupId"":""OG000"",""value"":""13""}]}]"
NCT03000530,35,42,0,0,OG000,Part A: SAGE-217,4.3,4.3,17.77,,,CFB at Day 8: Predose,,"[{""units"":""Participants"",""counts"":[{""groupId"":""OG000"",""value"":""13""}]}]"
NCT03000530,35,43,0,0,OG000,Part A: SAGE-217,-4.5,-4.5,13.15,,,CFB at Day 8: 1 H Postdose,,"[{""units"":""Participants"",""counts"":[{""groupId"":""OG000"",""value"":""13""}]}]"
NCT03000530,35,44,0,0,OG000,Part A: SAGE-217,9.4,9.4,15.86,,,CFB at Day 9: Predose,,"[{""units"":""Participants"",""counts"":[{""groupId"":""OG000"",""value"":""13""}]}]"
NCT03000530,35,45,0,0,OG000,Part A: SAGE-217,3.3,3.3,15.54,,,CFB at Day 9: 1 H Postdose,,"[{""units"":""Participants"",""counts"":[{""groupId"":""OG000"",""value"":""13""}]}]"
NCT03000530,35,46,0,0,OG000,Part A: SAGE-217,8.4,8.4,14.93,,,CFB at Day 10: Predose,,"[{""units"":""Participants"",""counts"":[{""groupId"":""OG000"",""value"":""13""}]}]"
NCT03000530,35,47,0,0,OG000,Part A: SAGE-217,2.4,2.4,14.19,,,CFB at Day 10: 1 H Postdose,,"[{""units"":""Participants"",""counts"":[{""groupId"":""OG000"",""value"":""13""}]}]"
NCT03000530,35,48,0,0,OG000,Part A: SAGE-217,8.8,8.8,19.16,,,CFB at Day 11: Predose,,"[{""units"":""Participants"",""counts"":[{""groupId"":""OG000"",""value"":""13""}]}]"
NCT03000530,35,49,0,0,OG000,Part A: SAGE-217,-1.7,-1.7,14.26,,,CFB at Day 11: 1 H Postdose,,"[{""units"":""Participants"",""counts"":[{""groupId"":""OG000"",""value"":""13""}]}]"
NCT03000530,35,50,0,0,OG000,Part A: SAGE-217,7.4,7.4,16.59,,,CFB at Day 12: Predose,,"[{""units"":""Participants"",""counts"":[{""groupId"":""OG000"",""value"":""13""}]}]"
NCT03000530,35,51,0,0,OG000,Part A: SAGE-217,-0.2,-0.2,18.93,,,CFB at Day 12: 1 H Postdose,,"[{""units"":""Participants"",""counts"":[{""groupId"":""OG000"",""value"":""13""}]}]"
NCT03000530,35,52,0,0,OG000,Part A: SAGE-217,3.2,3.2,19.62,,,CFB at Day 13: Predose,,"[{""units"":""Participants"",""counts"":[{""groupId"":""OG000"",""value"":""13""}]}]"
NCT03000530,35,53,0,0,OG000,Part A: SAGE-217,1.3,1.3,16.31,,,CFB at Day 13: 1 H Postdose,,"[{""units"":""Participants"",""counts"":[{""groupId"":""OG000"",""value"":""13""}]}]"
NCT03000530,35,54,0,0,OG000,Part A: SAGE-217,-3.8,-3.8,18.20,,,CFB at Day 14: Predose,,"[{""units"":""Participants"",""counts"":[{""groupId"":""OG000"",""value"":""13""}]}]"
NCT03000530,35,55,0,0,OG000,Part A: SAGE-217,-3.9,-3.9,15.01,,,CFB at Day 14: 1 H Postdose,,"[{""units"":""Participants"",""counts"":[{""groupId"":""OG000"",""value"":""13""}]}]"
NCT03000530,35,56,0,0,OG000,Part A: SAGE-217,3.8,3.8,17.10,,,CFB at Day 15/ET,,"[{""units"":""Participants"",""counts"":[{""groupId"":""OG000"",""value"":""13""}]}]"
NCT03000530,35,57,0,0,OG000,Part A: SAGE-217,3.9,3.9,10.84,,,CFB at Follow-up Day 21,,"[{""units"":""Participants"",""counts"":[{""groupId"":""OG000"",""value"":""13""}]}]"
NCT03000530,35,58,0,0,OG000,Part A: SAGE-217,7.3,7.3,15.19,,,CFB at Follow-up Day 28,,"[{""units"":""Participants"",""counts"":[{""groupId"":""OG000"",""value"":""13""}]}]"
NCT03000530,36,0,0,0,OG000,Part A: SAGE-217,79.4,79.4,8.84,,,Baseline,,"[{""units"":""Participants"",""counts"":[{""groupId"":""OG000"",""value"":""13""}]}]"
NCT03000530,36,1,0,0,OG000,Part A: SAGE-217,-1.1,-1.1,5.50,,,CFB at Day 1: 0.25 H Postdose,,"[{""units"":""Participants"",""counts"":[{""groupId"":""OG000"",""value"":""13""}]}]"
NCT03000530,36,2,0,0,OG000,Part A: SAGE-217,-1.6,-1.6,6.27,,,CFB at Day 1: 0.5 H Postdose,,"[{""units"":""Participants"",""counts"":[{""groupId"":""OG000"",""value"":""13""}]}]"
NCT03000530,36,3,0,0,OG000,Part A: SAGE-217,-2.0,-2.0,7.51,,,CFB at Day 1: 1 H Postdose,,"[{""units"":""Participants"",""counts"":[{""groupId"":""OG000"",""value"":""13""}]}]"
NCT03000530,36,4,0,0,OG000,Part A: SAGE-217,-5.2,-5.2,11.69,,,CFB at Day 1: 2 H Postdose,,"[{""units"":""Participants"",""counts"":[{""groupId"":""OG000"",""value"":""13""}]}]"
NCT03000530,36,5,0,0,OG000,Part A: SAGE-217,1.3,1.3,7.94,,,CFB at Day 1: 12 H Postdose,,"[{""units"":""Participants"",""counts"":[{""groupId"":""OG000"",""value"":""13""}]}]"
NCT03000530,36,6,0,0,OG000,Part A: SAGE-217,-3.5,-3.5,9.40,,,CFB at Day 2: Predose,,"[{""units"":""Participants"",""counts"":[{""groupId"":""OG000"",""value"":""13""}]}]"
NCT03000530,36,7,0,0,OG000,Part A: SAGE-217,-0.2,-0.2,8.36,,,CFB at Day 2: 0.25 H Postdose,,"[{""units"":""Participants"",""counts"":[{""groupId"":""OG000"",""value"":""13""}]}]"
NCT03000530,36,8,0,0,OG000,Part A: SAGE-217,-2.4,-2.4,7.84,,,CFB at Day 2: 0.5 H Postdose,,"[{""units"":""Participants"",""counts"":[{""groupId"":""OG000"",""value"":""13""}]}]"
NCT03000530,36,9,0,0,OG000,Part A: SAGE-217,-2.5,-2.5,10.52,,,CFB at Day 2: 1 H Postdose,,"[{""units"":""Participants"",""counts"":[{""groupId"":""OG000"",""value"":""13""}]}]"
NCT03000530,36,10,0,0,OG000,Part A: SAGE-217,-5.4,-5.4,11.14,,,CFB at Day 2: 2 H Postdose,,"[{""units"":""Participants"",""counts"":[{""groupId"":""OG000"",""value"":""13""}]}]"
NCT03000530,36,11,0,0,OG000,Part A: SAGE-217,-2.4,-2.4,7.94,,,CFB at Day 2: 12 H Postdose,,"[{""units"":""Participants"",""counts"":[{""groupId"":""OG000"",""value"":""13""}]}]"
NCT03000530,36,12,0,0,OG000,Part A: SAGE-217,0.3,0.3,6.94,,,CFB at Day 3: Predose,,"[{""units"":""Participants"",""counts"":[{""groupId"":""OG000"",""value"":""13""}]}]"
NCT03000530,36,13,0,0,OG000,Part A: SAGE-217,1.9,1.9,10.33,,,CFB at Day 3: 0.25 H Postdose,,"[{""units"":""Participants"",""counts"":[{""groupId"":""OG000"",""value"":""13""}]}]"
NCT03000530,36,14,0,0,OG000,Part A: SAGE-217,0.2,0.2,9.12,,,CFB at Day 3: 0.5 H Postdose,,"[{""units"":""Participants"",""counts"":[{""groupId"":""OG000"",""value"":""13""}]}]"
NCT03000530,36,15,0,0,OG000,Part A: SAGE-217,-0.2,-0.2,9.13,,,CFB at Day 3: 1 H Postdose,,"[{""units"":""Participants"",""counts"":[{""groupId"":""OG000"",""value"":""13""}]}]"
NCT03000530,36,16,0,0,OG000,Part A: SAGE-217,-3.9,-3.9,10.21,,,CFB at Day 3: 2 H Postdose,,"[{""units"":""Participants"",""counts"":[{""groupId"":""OG000"",""value"":""13""}]}]"
NCT03000530,36,17,0,0,OG000,Part A: SAGE-217,0.0,0.0,9.64,,,CFB at Day 3: 12 H Postdose,,"[{""units"":""Participants"",""counts"":[{""groupId"":""OG000"",""value"":""13""}]}]"
NCT03000530,36,18,0,0,OG000,Part A: SAGE-217,-0.8,-0.8,10.94,,,CFB at Day 4: Predose,,"[{""units"":""Participants"",""counts"":[{""groupId"":""OG000"",""value"":""13""}]}]"
NCT03000530,36,19,0,0,OG000,Part A: SAGE-217,-1.1,-1.1,12.13,,,CFB at Day 4: 0.25 H Postdose,,"[{""units"":""Participants"",""counts"":[{""groupId"":""OG000"",""value"":""13""}]}]"
NCT03000530,36,20,0,0,OG000,Part A: SAGE-217,0.1,0.1,14.80,,,CFB at Day 4: 0.5 H Postdose,,"[{""units"":""Participants"",""counts"":[{""groupId"":""OG000"",""value"":""13""}]}]"
NCT03000530,36,21,0,0,OG000,Part A: SAGE-217,-3.5,-3.5,12.03,,,CFB at Day 4: 1 H Postdose,,"[{""units"":""Participants"",""counts"":[{""groupId"":""OG000"",""value"":""13""}]}]"
NCT03000530,36,22,0,0,OG000,Part A: SAGE-217,-2.3,-2.3,10.27,,,CFB at Day 4: 2 H Postdose,,"[{""units"":""Participants"",""counts"":[{""groupId"":""OG000"",""value"":""13""}]}]"
NCT03000530,36,23,0,0,OG000,Part A: SAGE-217,-1.1,-1.1,13.51,,,CFB at Day 4: 12 H Postdose,,"[{""units"":""Participants"",""counts"":[{""groupId"":""OG000"",""value"":""13""}]}]"
NCT03000530,36,24,0,0,OG000,Part A: SAGE-217,-1.3,-1.3,13.28,,,CFB at Day 5: Predose,,"[{""units"":""Participants"",""counts"":[{""groupId"":""OG000"",""value"":""13""}]}]"
NCT03000530,36,25,0,0,OG000,Part A: SAGE-217,-1.5,-1.5,11.49,,,CFB at Day 5: 0.25 H Postdose,,"[{""units"":""Participants"",""counts"":[{""groupId"":""OG000"",""value"":""13""}]}]"
NCT03000530,36,26,0,0,OG000,Part A: SAGE-217,-1.3,-1.3,12.14,,,CFB at Day 5: 0.5 H Postdose,,"[{""units"":""Participants"",""counts"":[{""groupId"":""OG000"",""value"":""13""}]}]"
NCT03000530,36,27,0,0,OG000,Part A: SAGE-217,-6.0,-6.0,12.64,,,CFB at Day 5: 1 H Postdose,,"[{""units"":""Participants"",""counts"":[{""groupId"":""OG000"",""value"":""13""}]}]"
NCT03000530,36,28,0,0,OG000,Part A: SAGE-217,-4.3,-4.3,12.63,,,CFB at Day 5: 2 H Postdose,,"[{""units"":""Participants"",""counts"":[{""groupId"":""OG000"",""value"":""13""}]}]"
NCT03000530,36,29,0,0,OG000,Part A: SAGE-217,-1.1,-1.1,10.16,,,CFB at Day 5: 12 H Postdose,,"[{""units"":""Participants"",""counts"":[{""groupId"":""OG000"",""value"":""13""}]}]"
NCT03000530,36,30,0,0,OG000,Part A: SAGE-217,-2.6,-2.6,12.05,,,CFB at Day 6: Predose,,"[{""units"":""Participants"",""counts"":[{""groupId"":""OG000"",""value"":""13""}]}]"
NCT03000530,36,31,0,0,OG000,Part A: SAGE-217,-0.8,-0.8,10.38,,,CFB at Day 6: 0.25 H Postdose,,"[{""units"":""Participants"",""counts"":[{""groupId"":""OG000"",""value"":""13""}]}]"
NCT03000530,36,32,0,0,OG000,Part A: SAGE-217,1.8,1.8,10.30,,,CFB at Day 6: 0.5 H Postdose,,"[{""units"":""Participants"",""counts"":[{""groupId"":""OG000"",""value"":""13""}]}]"
NCT03000530,36,33,0,0,OG000,Part A: SAGE-217,0.8,0.8,11.96,,,CFB at Day 6: 1 H Postdose,,"[{""units"":""Participants"",""counts"":[{""groupId"":""OG000"",""value"":""13""}]}]"
NCT03000530,36,34,0,0,OG000,Part A: SAGE-217,-0.8,-0.8,13.04,,,CFB at Day 6: 2 H Postdose,,"[{""units"":""Participants"",""counts"":[{""groupId"":""OG000"",""value"":""13""}]}]"
NCT03000530,36,35,0,0,OG000,Part A: SAGE-217,-2.5,-2.5,14.08,,,CFB at Day 6: 12 H Postdose,,"[{""units"":""Participants"",""counts"":[{""groupId"":""OG000"",""value"":""13""}]}]"
NCT03000530,36,36,0,0,OG000,Part A: SAGE-217,2.2,2.2,13.53,,,CFB at Day 7: Predose,,"[{""units"":""Participants"",""counts"":[{""groupId"":""OG000"",""value"":""13""}]}]"
NCT03000530,36,37,0,0,OG000,Part A: SAGE-217,2.0,2.0,11.31,,,CFB at Day 7: 0.25 H Postdose,,"[{""units"":""Participants"",""counts"":[{""groupId"":""OG000"",""value"":""13""}]}]"
NCT03000530,36,38,0,0,OG000,Part A: SAGE-217,0.2,0.2,10.39,,,CFB at Day 7: 0.5 H Postdose,,"[{""units"":""Participants"",""counts"":[{""groupId"":""OG000"",""value"":""13""}]}]"
NCT03000530,36,39,0,0,OG000,Part A: SAGE-217,-0.2,-0.2,12.87,,,CFB at Day 7: 1 H Postdose,,"[{""units"":""Participants"",""counts"":[{""groupId"":""OG000"",""value"":""13""}]}]"
NCT03000530,36,40,0,0,OG000,Part A: SAGE-217,-1.8,-1.8,9.16,,,CFB at Day 7: 2 H Postdose,,"[{""units"":""Participants"",""counts"":[{""groupId"":""OG000"",""value"":""13""}]}]"
NCT03000530,36,41,0,0,OG000,Part A: SAGE-217,-2.5,-2.5,8.27,,,CFB at Day 7: 12 H Postdose,,"[{""units"":""Participants"",""counts"":[{""groupId"":""OG000"",""value"":""13""}]}]"
NCT03000530,36,42,0,0,OG000,Part A: SAGE-217,2.3,2.3,11.27,,,CFB at Day 8: Predose,,"[{""units"":""Participants"",""counts"":[{""groupId"":""OG000"",""value"":""13""}]}]"
NCT03000530,36,43,0,0,OG000,Part A: SAGE-217,-2.9,-2.9,9.28,,,CFB at Day 8: 1 H Postdose,,"[{""units"":""Participants"",""counts"":[{""groupId"":""OG000"",""value"":""13""}]}]"
NCT03000530,36,44,0,0,OG000,Part A: SAGE-217,3.2,3.2,11.91,,,CFB at Day 9: Predose,,"[{""units"":""Participants"",""counts"":[{""groupId"":""OG000"",""value"":""13""}]}]"
NCT03000530,36,45,0,0,OG000,Part A: SAGE-217,0.5,0.5,11.72,,,CFB at Day 9: 1 H Postdose,,"[{""units"":""Participants"",""counts"":[{""groupId"":""OG000"",""value"":""13""}]}]"
NCT03000530,36,46,0,0,OG000,Part A: SAGE-217,1.6,1.6,10.02,,,CFB at Day 10: Predose,,"[{""units"":""Participants"",""counts"":[{""groupId"":""OG000"",""value"":""13""}]}]"
NCT03000530,36,47,0,0,OG000,Part A: SAGE-217,-3.7,-3.7,9.77,,,CFB at Day 10: 1 H Postdose,,"[{""units"":""Participants"",""counts"":[{""groupId"":""OG000"",""value"":""13""}]}]"
NCT03000530,36,48,0,0,OG000,Part A: SAGE-217,5.2,5.2,10.54,,,CFB at Day 11: Predose,,"[{""units"":""Participants"",""counts"":[{""groupId"":""OG000"",""value"":""13""}]}]"
NCT03000530,36,49,0,0,OG000,Part A: SAGE-217,0.0,0.0,9.41,,,CFB at Day 11: 1 H Postdose,,"[{""units"":""Participants"",""counts"":[{""groupId"":""OG000"",""value"":""13""}]}]"
NCT03000530,36,50,0,0,OG000,Part A: SAGE-217,0.4,0.4,8.87,,,CFB at Day 12: Predose,,"[{""units"":""Participants"",""counts"":[{""groupId"":""OG000"",""value"":""13""}]}]"
NCT03000530,36,51,0,0,OG000,Part A: SAGE-217,2.1,2.1,12.11,,,CFB at Day 12: 1 H Postdose,,"[{""units"":""Participants"",""counts"":[{""groupId"":""OG000"",""value"":""13""}]}]"
NCT03000530,36,52,0,0,OG000,Part A: SAGE-217,3.2,3.2,9.86,,,CFB at Day 13: Predose,,"[{""units"":""Participants"",""counts"":[{""groupId"":""OG000"",""value"":""13""}]}]"
NCT03000530,36,53,0,0,OG000,Part A: SAGE-217,3.7,3.7,8.86,,,CFB at Day 13: 1 H Postdose,,"[{""units"":""Participants"",""counts"":[{""groupId"":""OG000"",""value"":""13""}]}]"
NCT03000530,36,54,0,0,OG000,Part A: SAGE-217,-1.3,-1.3,10.16,,,CFB at Day 14: Predose,,"[{""units"":""Participants"",""counts"":[{""groupId"":""OG000"",""value"":""13""}]}]"
NCT03000530,36,55,0,0,OG000,Part A: SAGE-217,-0.2,-0.2,9.08,,,CFB at Day 14: 1 H Postdose,,"[{""units"":""Participants"",""counts"":[{""groupId"":""OG000"",""value"":""13""}]}]"
NCT03000530,36,56,0,0,OG000,Part A: SAGE-217,-0.7,-0.7,8.73,,,CFB at Day 15/ET,,"[{""units"":""Participants"",""counts"":[{""groupId"":""OG000"",""value"":""13""}]}]"
NCT03000530,36,57,0,0,OG000,Part A: SAGE-217,3.1,3.1,10.64,,,CFB at Follow-up Day 21,,"[{""units"":""Participants"",""counts"":[{""groupId"":""OG000"",""value"":""13""}]}]"
NCT03000530,36,58,0,0,OG000,Part A: SAGE-217,1.8,1.8,11.26,,,CFB at Follow-up Day 28,,"[{""units"":""Participants"",""counts"":[{""groupId"":""OG000"",""value"":""13""}]}]"
NCT03000530,37,0,0,0,OG000,Part A: SAGE-217,126.8,126.8,15.09,,,Baseline,,"[{""units"":""Participants"",""counts"":[{""groupId"":""OG000"",""value"":""13""}]}]"
NCT03000530,37,1,0,0,OG000,Part A: SAGE-217,-0.1,-0.1,9.67,,,CFB at Day 1: 0.25 H Postdose,,"[{""units"":""Participants"",""counts"":[{""groupId"":""OG000"",""value"":""13""}]}]"
NCT03000530,37,2,0,0,OG000,Part A: SAGE-217,-3.8,-3.8,8.60,,,CFB at Day 1: 0.5 H Postdose,,"[{""units"":""Participants"",""counts"":[{""groupId"":""OG000"",""value"":""13""}]}]"
NCT03000530,37,3,0,0,OG000,Part A: SAGE-217,-6.5,-6.5,10.94,,,CFB at Day 1: 1 H Postdose,,"[{""units"":""Participants"",""counts"":[{""groupId"":""OG000"",""value"":""13""}]}]"
NCT03000530,37,4,0,0,OG000,Part A: SAGE-217,-3.9,-3.9,8.90,,,CFB at Day 1: 2 H Postdose,,"[{""units"":""Participants"",""counts"":[{""groupId"":""OG000"",""value"":""13""}]}]"
NCT03000530,37,5,0,0,OG000,Part A: SAGE-217,-4.2,-4.2,10.40,,,CFB at Day 1: 12 H Postdose,,"[{""units"":""Participants"",""counts"":[{""groupId"":""OG000"",""value"":""13""}]}]"
NCT03000530,37,6,0,0,OG000,Part A: SAGE-217,-3.5,-3.5,11.74,,,CFB at Day 2: Predose,,"[{""units"":""Participants"",""counts"":[{""groupId"":""OG000"",""value"":""13""}]}]"
NCT03000530,37,7,0,0,OG000,Part A: SAGE-217,-0.9,-0.9,15.14,,,CFB at Day 2: 0.25 H Postdose,,"[{""units"":""Participants"",""counts"":[{""groupId"":""OG000"",""value"":""13""}]}]"
NCT03000530,37,8,0,0,OG000,Part A: SAGE-217,-1.2,-1.2,11.29,,,CFB at Day 2: 0.5 H Postdose,,"[{""units"":""Participants"",""counts"":[{""groupId"":""OG000"",""value"":""13""}]}]"
NCT03000530,37,9,0,0,OG000,Part A: SAGE-217,-3.8,-3.8,13.64,,,CFB at Day 2: 1 H Postdose,,"[{""units"":""Participants"",""counts"":[{""groupId"":""OG000"",""value"":""13""}]}]"
NCT03000530,37,10,0,0,OG000,Part A: SAGE-217,-3.2,-3.2,14.52,,,CFB at Day 2: 2 H Postdose,,"[{""units"":""Participants"",""counts"":[{""groupId"":""OG000"",""value"":""13""}]}]"
NCT03000530,37,11,0,0,OG000,Part A: SAGE-217,-1.7,-1.7,13.68,,,CFB at Day 2: 12 H Postdose,,"[{""units"":""Participants"",""counts"":[{""groupId"":""OG000"",""value"":""13""}]}]"
NCT03000530,37,12,0,0,OG000,Part A: SAGE-217,-0.5,-0.5,9.57,,,CFB at Day 3: Predose,,"[{""units"":""Participants"",""counts"":[{""groupId"":""OG000"",""value"":""13""}]}]"
NCT03000530,37,13,0,0,OG000,Part A: SAGE-217,-0.4,-0.4,12.39,,,CFB at Day 3: 0.25 H Postdose,,"[{""units"":""Participants"",""counts"":[{""groupId"":""OG000"",""value"":""13""}]}]"
NCT03000530,37,14,0,0,OG000,Part A: SAGE-217,-1.2,-1.2,15.23,,,CFB at Day 3: 0.5 H Postdose,,"[{""units"":""Participants"",""counts"":[{""groupId"":""OG000"",""value"":""13""}]}]"
NCT03000530,37,15,0,0,OG000,Part A: SAGE-217,-0.6,-0.6,15.80,,,CFB at Day 3: 1 H Postdose,,"[{""units"":""Participants"",""counts"":[{""groupId"":""OG000"",""value"":""13""}]}]"
NCT03000530,37,16,0,0,OG000,Part A: SAGE-217,3.3,3.3,16.41,,,CFB at Day 3: 2 H Postdose,,"[{""units"":""Participants"",""counts"":[{""groupId"":""OG000"",""value"":""13""}]}]"
NCT03000530,37,17,0,0,OG000,Part A: SAGE-217,-1.0,-1.0,15.56,,,CFB at Day 3: 12 H Postdose,,"[{""units"":""Participants"",""counts"":[{""groupId"":""OG000"",""value"":""13""}]}]"
NCT03000530,37,18,0,0,OG000,Part A: SAGE-217,-1.1,-1.1,15.94,,,CFB at Day 4: Predose,,"[{""units"":""Participants"",""counts"":[{""groupId"":""OG000"",""value"":""13""}]}]"
NCT03000530,37,19,0,0,OG000,Part A: SAGE-217,0.4,0.4,13.26,,,CFB at Day 4: 0.25 H Postdose,,"[{""units"":""Participants"",""counts"":[{""groupId"":""OG000"",""value"":""13""}]}]"
NCT03000530,37,20,0,0,OG000,Part A: SAGE-217,-0.8,-0.8,13.55,,,CFB at Day 4: 0.5 H Postdose,,"[{""units"":""Participants"",""counts"":[{""groupId"":""OG000"",""value"":""13""}]}]"
NCT03000530,37,21,0,0,OG000,Part A: SAGE-217,-0.8,-0.8,14.81,,,CFB at Day 4: 1 H Postdose,,"[{""units"":""Participants"",""counts"":[{""groupId"":""OG000"",""value"":""13""}]}]"
NCT03000530,37,22,0,0,OG000,Part A: SAGE-217,-5.8,-5.8,13.50,,,CFB at Day 4: 2 H Postdose,,"[{""units"":""Participants"",""counts"":[{""groupId"":""OG000"",""value"":""13""}]}]"
NCT03000530,37,23,0,0,OG000,Part A: SAGE-217,-7.1,-7.1,20.47,,,CFB at Day 4: 12 H Postdose,,"[{""units"":""Participants"",""counts"":[{""groupId"":""OG000"",""value"":""13""}]}]"
NCT03000530,37,24,0,0,OG000,Part A: SAGE-217,-3.8,-3.8,16.67,,,CFB at Day 5: Predose,,"[{""units"":""Participants"",""counts"":[{""groupId"":""OG000"",""value"":""13""}]}]"
NCT03000530,37,25,0,0,OG000,Part A: SAGE-217,-1.9,-1.9,16.51,,,CFB at Day 5: 0.25 H Postdose,,"[{""units"":""Participants"",""counts"":[{""groupId"":""OG000"",""value"":""13""}]}]"
NCT03000530,37,26,0,0,OG000,Part A: SAGE-217,-7.0,-7.0,15.51,,,CFB at Day 5: 0.5 H Postdose,,"[{""units"":""Participants"",""counts"":[{""groupId"":""OG000"",""value"":""13""}]}]"
NCT03000530,37,27,0,0,OG000,Part A: SAGE-217,-7.4,-7.4,13.74,,,CFB at Day 5: 1 H Postdose,,"[{""units"":""Participants"",""counts"":[{""groupId"":""OG000"",""value"":""13""}]}]"
NCT03000530,37,28,0,0,OG000,Part A: SAGE-217,-4.4,-4.4,10.26,,,CFB at Day 5: 2 H Postdose,,"[{""units"":""Participants"",""counts"":[{""groupId"":""OG000"",""value"":""13""}]}]"
NCT03000530,37,29,0,0,OG000,Part A: SAGE-217,-7.2,-7.2,17.29,,,CFB at Day 5: 12 H Postdose,,"[{""units"":""Participants"",""counts"":[{""groupId"":""OG000"",""value"":""13""}]}]"
NCT03000530,37,30,0,0,OG000,Part A: SAGE-217,-3.7,-3.7,16.20,,,CFB at Day 6: Predose,,"[{""units"":""Participants"",""counts"":[{""groupId"":""OG000"",""value"":""13""}]}]"
NCT03000530,37,31,0,0,OG000,Part A: SAGE-217,1.2,1.2,12.65,,,CFB at Day 6: 0.25 H Postdose,,"[{""units"":""Participants"",""counts"":[{""groupId"":""OG000"",""value"":""13""}]}]"
NCT03000530,37,32,0,0,OG000,Part A: SAGE-217,0.3,0.3,11.73,,,CFB at Day 6: 0.5 H Postdose,,"[{""units"":""Participants"",""counts"":[{""groupId"":""OG000"",""value"":""13""}]}]"
NCT03000530,37,33,0,0,OG000,Part A: SAGE-217,-3.2,-3.2,15.96,,,CFB at Day 6: 1 H Postdose,,"[{""units"":""Participants"",""counts"":[{""groupId"":""OG000"",""value"":""13""}]}]"
NCT03000530,37,34,0,0,OG000,Part A: SAGE-217,-7.1,-7.1,12.51,,,CFB at Day 6: 2 H Postdose,,"[{""units"":""Participants"",""counts"":[{""groupId"":""OG000"",""value"":""13""}]}]"
NCT03000530,37,35,0,0,OG000,Part A: SAGE-217,-5.6,-5.6,17.41,,,CFB at Day 6: 12 H Postdose,,"[{""units"":""Participants"",""counts"":[{""groupId"":""OG000"",""value"":""13""}]}]"
NCT03000530,37,36,0,0,OG000,Part A: SAGE-217,-2.2,-2.2,21.07,,,CFB at Day 7: Predose,,"[{""units"":""Participants"",""counts"":[{""groupId"":""OG000"",""value"":""13""}]}]"
NCT03000530,37,37,0,0,OG000,Part A: SAGE-217,-1.8,-1.8,12.25,,,CFB at Day 7: 0.25 H Postdose,,"[{""units"":""Participants"",""counts"":[{""groupId"":""OG000"",""value"":""13""}]}]"
NCT03000530,37,38,0,0,OG000,Part A: SAGE-217,-1.0,-1.0,19.46,,,CFB at Day 7: 0.5 H Postdose,,"[{""units"":""Participants"",""counts"":[{""groupId"":""OG000"",""value"":""13""}]}]"
NCT03000530,37,39,0,0,OG000,Part A: SAGE-217,-6.8,-6.8,12.60,,,CFB at Day 7: 1 H Postdose,,"[{""units"":""Participants"",""counts"":[{""groupId"":""OG000"",""value"":""13""}]}]"
NCT03000530,37,40,0,0,OG000,Part A: SAGE-217,-3.6,-3.6,11.35,,,CFB at Day 7: 2 H Postdose,,"[{""units"":""Participants"",""counts"":[{""groupId"":""OG000"",""value"":""13""}]}]"
NCT03000530,37,41,0,0,OG000,Part A: SAGE-217,-5.5,-5.5,14.01,,,CFB at Day 7: 12 H Postdose,,"[{""units"":""Participants"",""counts"":[{""groupId"":""OG000"",""value"":""13""}]}]"
NCT03000530,37,42,0,0,OG000,Part A: SAGE-217,1.5,1.5,12.27,,,CFB at Day 8: Predose,,"[{""units"":""Participants"",""counts"":[{""groupId"":""OG000"",""value"":""13""}]}]"
NCT03000530,37,43,0,0,OG000,Part A: SAGE-217,-6.6,-6.6,12.91,,,CFB at Day 8: 1 H Postdose,,"[{""units"":""Participants"",""counts"":[{""groupId"":""OG000"",""value"":""13""}]}]"
NCT03000530,37,44,0,0,OG000,Part A: SAGE-217,-0.9,-0.9,12.05,,,CFB at Day 9: Predose,,"[{""units"":""Participants"",""counts"":[{""groupId"":""OG000"",""value"":""13""}]}]"
NCT03000530,37,45,0,0,OG000,Part A: SAGE-217,-1.9,-1.9,15.18,,,CFB at Day 9: 1 H Postdose,,"[{""units"":""Participants"",""counts"":[{""groupId"":""OG000"",""value"":""13""}]}]"
NCT03000530,37,46,0,0,OG000,Part A: SAGE-217,2.8,2.8,15.82,,,CFB at Day 10: Predose,,"[{""units"":""Participants"",""counts"":[{""groupId"":""OG000"",""value"":""13""}]}]"
NCT03000530,37,47,0,0,OG000,Part A: SAGE-217,-4.0,-4.0,14.63,,,CFB at Day 10: 1 H Postdose,,"[{""units"":""Participants"",""counts"":[{""groupId"":""OG000"",""value"":""13""}]}]"
NCT03000530,37,48,0,0,OG000,Part A: SAGE-217,5.9,5.9,13.63,,,CFB at Day 11: Predose,,"[{""units"":""Participants"",""counts"":[{""groupId"":""OG000"",""value"":""13""}]}]"
NCT03000530,37,49,0,0,OG000,Part A: SAGE-217,-4.9,-4.9,10.18,,,CFB at Day 11: 1 H Postdose,,"[{""units"":""Participants"",""counts"":[{""groupId"":""OG000"",""value"":""13""}]}]"
NCT03000530,37,50,0,0,OG000,Part A: SAGE-217,4.1,4.1,19.31,,,CFB at Day 12: Predose,,"[{""units"":""Participants"",""counts"":[{""groupId"":""OG000"",""value"":""13""}]}]"
NCT03000530,37,51,0,0,OG000,Part A: SAGE-217,-3.8,-3.8,19.88,,,CFB at Day 12: 1 H Postdose,,"[{""units"":""Participants"",""counts"":[{""groupId"":""OG000"",""value"":""13""}]}]"
NCT03000530,37,52,0,0,OG000,Part A: SAGE-217,0.5,0.5,14.77,,,CFB at Day 13: Predose,,"[{""units"":""Participants"",""counts"":[{""groupId"":""OG000"",""value"":""13""}]}]"
NCT03000530,37,53,0,0,OG000,Part A: SAGE-217,0.8,0.8,13.04,,,CFB at Day 13: 1 H Postdose,,"[{""units"":""Participants"",""counts"":[{""groupId"":""OG000"",""value"":""13""}]}]"
NCT03000530,37,54,0,0,OG000,Part A: SAGE-217,-0.8,-0.8,12.19,,,CFB at Day 14: Predose,,"[{""units"":""Participants"",""counts"":[{""groupId"":""OG000"",""value"":""13""}]}]"
NCT03000530,37,55,0,0,OG000,Part A: SAGE-217,-8.9,-8.9,12.53,,,CFB at Day 14: 1 H Postdose,,"[{""units"":""Participants"",""counts"":[{""groupId"":""OG000"",""value"":""13""}]}]"
NCT03000530,37,56,0,0,OG000,Part A: SAGE-217,-1.4,-1.4,11.39,,,CFB at Day 15/ET,,"[{""units"":""Participants"",""counts"":[{""groupId"":""OG000"",""value"":""13""}]}]"
NCT03000530,37,57,0,0,OG000,Part A: SAGE-217,7.8,7.8,14.23,,,CFB at Follow-up Day 21,,"[{""units"":""Participants"",""counts"":[{""groupId"":""OG000"",""value"":""13""}]}]"
NCT03000530,37,58,0,0,OG000,Part A: SAGE-217,3.8,3.8,13.53,,,CFB at Follow-up Day 28,,"[{""units"":""Participants"",""counts"":[{""groupId"":""OG000"",""value"":""13""}]}]"
NCT03000530,38,0,0,0,OG000,Part A: SAGE-217,83.9,83.9,8.17,,,Baseline,,"[{""units"":""Participants"",""counts"":[{""groupId"":""OG000"",""value"":""13""}]}]"
NCT03000530,38,1,0,0,OG000,Part A: SAGE-217,-0.2,-0.2,7.60,,,CFB at Day 1: 0.25 H Postdose,,"[{""units"":""Participants"",""counts"":[{""groupId"":""OG000"",""value"":""13""}]}]"
NCT03000530,38,2,0,0,OG000,Part A: SAGE-217,-1.5,-1.5,6.33,,,CFB at Day 1: 0.5 H Postdose,,"[{""units"":""Participants"",""counts"":[{""groupId"":""OG000"",""value"":""13""}]}]"
NCT03000530,38,3,0,0,OG000,Part A: SAGE-217,-1.8,-1.8,5.10,,,CFB at Day 1: 1 H Postdose,,"[{""units"":""Participants"",""counts"":[{""groupId"":""OG000"",""value"":""13""}]}]"
NCT03000530,38,4,0,0,OG000,Part A: SAGE-217,-1.5,-1.5,9.13,,,CFB at Day 1: 2 H Postdose,,"[{""units"":""Participants"",""counts"":[{""groupId"":""OG000"",""value"":""13""}]}]"
NCT03000530,38,5,0,0,OG000,Part A: SAGE-217,-3.5,-3.5,7.49,,,CFB at Day 1: 12 H Postdose,,"[{""units"":""Participants"",""counts"":[{""groupId"":""OG000"",""value"":""13""}]}]"
NCT03000530,38,6,0,0,OG000,Part A: SAGE-217,-4.9,-4.9,5.41,,,CFB at Day 2: Predose,,"[{""units"":""Participants"",""counts"":[{""groupId"":""OG000"",""value"":""13""}]}]"
NCT03000530,38,7,0,0,OG000,Part A: SAGE-217,-3.3,-3.3,9.53,,,CFB at Day 2: 0.25 H Postdose,,"[{""units"":""Participants"",""counts"":[{""groupId"":""OG000"",""value"":""13""}]}]"
NCT03000530,38,8,0,0,OG000,Part A: SAGE-217,-1.8,-1.8,7.46,,,CFB at Day 2: 0.5 H Postdose,,"[{""units"":""Participants"",""counts"":[{""groupId"":""OG000"",""value"":""13""}]}]"
NCT03000530,38,9,0,0,OG000,Part A: SAGE-217,-3.4,-3.4,9.90,,,CFB at Day 2: 1 H Postdose,,"[{""units"":""Participants"",""counts"":[{""groupId"":""OG000"",""value"":""13""}]}]"
NCT03000530,38,10,0,0,OG000,Part A: SAGE-217,-5.8,-5.8,9.63,,,CFB at Day 2: 2 H Postdose,,"[{""units"":""Participants"",""counts"":[{""groupId"":""OG000"",""value"":""13""}]}]"
NCT03000530,38,11,0,0,OG000,Part A: SAGE-217,-3.2,-3.2,13.06,,,CFB at Day 2: 12 H Postdose,,"[{""units"":""Participants"",""counts"":[{""groupId"":""OG000"",""value"":""13""}]}]"
NCT03000530,38,12,0,0,OG000,Part A: SAGE-217,-4.2,-4.2,13.31,,,CFB at Day 3: Predose,,"[{""units"":""Participants"",""counts"":[{""groupId"":""OG000"",""value"":""13""}]}]"
NCT03000530,38,13,0,0,OG000,Part A: SAGE-217,-3.6,-3.6,10.79,,,CFB at Day 3: 0.25 H Postdose,,"[{""units"":""Participants"",""counts"":[{""groupId"":""OG000"",""value"":""13""}]}]"
NCT03000530,38,14,0,0,OG000,Part A: SAGE-217,-1.9,-1.9,9.84,,,CFB at Day 3: 0.5 H Postdose,,"[{""units"":""Participants"",""counts"":[{""groupId"":""OG000"",""value"":""13""}]}]"
NCT03000530,38,15,0,0,OG000,Part A: SAGE-217,-0.8,-0.8,9.58,,,CFB at Day 3: 1 H Postdose,,"[{""units"":""Participants"",""counts"":[{""groupId"":""OG000"",""value"":""13""}]}]"
NCT03000530,38,16,0,0,OG000,Part A: SAGE-217,-2.2,-2.2,13.80,,,CFB at Day 3: 2 H Postdose,,"[{""units"":""Participants"",""counts"":[{""groupId"":""OG000"",""value"":""13""}]}]"
NCT03000530,38,17,0,0,OG000,Part A: SAGE-217,0.7,0.7,10.23,,,CFB at Day 3: 12 H Postdose,,"[{""units"":""Participants"",""counts"":[{""groupId"":""OG000"",""value"":""13""}]}]"
NCT03000530,38,18,0,0,OG000,Part A: SAGE-217,-0.8,-0.8,13.05,,,CFB at Day 4: Predose,,"[{""units"":""Participants"",""counts"":[{""groupId"":""OG000"",""value"":""13""}]}]"
NCT03000530,38,19,0,0,OG000,Part A: SAGE-217,-1.4,-1.4,10.91,,,CFB at Day 4: 0.25 H Postdose,,"[{""units"":""Participants"",""counts"":[{""groupId"":""OG000"",""value"":""13""}]}]"
NCT03000530,38,20,0,0,OG000,Part A: SAGE-217,-2.6,-2.6,11.00,,,CFB at Day 4: 0.5 H Postdose,,"[{""units"":""Participants"",""counts"":[{""groupId"":""OG000"",""value"":""13""}]}]"
NCT03000530,38,21,0,0,OG000,Part A: SAGE-217,-3.3,-3.3,9.02,,,CFB at Day 4: 1 H Postdose,,"[{""units"":""Participants"",""counts"":[{""groupId"":""OG000"",""value"":""13""}]}]"
NCT03000530,38,22,0,0,OG000,Part A: SAGE-217,-2.9,-2.9,10.16,,,CFB at Day 4: 2 H Postdose,,"[{""units"":""Participants"",""counts"":[{""groupId"":""OG000"",""value"":""13""}]}]"
NCT03000530,38,23,0,0,OG000,Part A: SAGE-217,-2.6,-2.6,12.31,,,CFB at Day 4: 12 H Postdose,,"[{""units"":""Participants"",""counts"":[{""groupId"":""OG000"",""value"":""13""}]}]"
NCT03000530,38,24,0,0,OG000,Part A: SAGE-217,-2.1,-2.1,10.54,,,CFB at Day 5: Predose,,"[{""units"":""Participants"",""counts"":[{""groupId"":""OG000"",""value"":""13""}]}]"
NCT03000530,38,25,0,0,OG000,Part A: SAGE-217,-2.6,-2.6,11.99,,,CFB at Day 5: 0.25 H Postdose,,"[{""units"":""Participants"",""counts"":[{""groupId"":""OG000"",""value"":""13""}]}]"
NCT03000530,38,26,0,0,OG000,Part A: SAGE-217,-5.3,-5.3,10.71,,,CFB at Day 5: 0.5 H Postdose,,"[{""units"":""Participants"",""counts"":[{""groupId"":""OG000"",""value"":""13""}]}]"
NCT03000530,38,27,0,0,OG000,Part A: SAGE-217,-5.9,-5.9,13.51,,,CFB at Day 5: 1 H Postdose,,"[{""units"":""Participants"",""counts"":[{""groupId"":""OG000"",""value"":""13""}]}]"
NCT03000530,38,28,0,0,OG000,Part A: SAGE-217,-5.4,-5.4,13.26,,,CFB at Day 5: 2 H Postdose,,"[{""units"":""Participants"",""counts"":[{""groupId"":""OG000"",""value"":""13""}]}]"
NCT03000530,38,29,0,0,OG000,Part A: SAGE-217,-2.2,-2.2,12.98,,,CFB at Day 5: 12 H Postdose,,"[{""units"":""Participants"",""counts"":[{""groupId"":""OG000"",""value"":""13""}]}]"
NCT03000530,38,30,0,0,OG000,Part A: SAGE-217,-2.2,-2.2,10.86,,,CFB at Day 6: Predose,,"[{""units"":""Participants"",""counts"":[{""groupId"":""OG000"",""value"":""13""}]}]"
NCT03000530,38,31,0,0,OG000,Part A: SAGE-217,-0.9,-0.9,9.27,,,CFB at Day 6: 0.25 H Postdose,,"[{""units"":""Participants"",""counts"":[{""groupId"":""OG000"",""value"":""13""}]}]"
NCT03000530,38,32,0,0,OG000,Part A: SAGE-217,1.2,1.2,7.97,,,CFB at Day 6: 0.5 H Postdose,,"[{""units"":""Participants"",""counts"":[{""groupId"":""OG000"",""value"":""13""}]}]"
NCT03000530,38,33,0,0,OG000,Part A: SAGE-217,-1.8,-1.8,9.08,,,CFB at Day 6: 1 H Postdose,,"[{""units"":""Participants"",""counts"":[{""groupId"":""OG000"",""value"":""13""}]}]"
NCT03000530,38,34,0,0,OG000,Part A: SAGE-217,-2.6,-2.6,6.70,,,CFB at Day 6: 2 H Postdose,,"[{""units"":""Participants"",""counts"":[{""groupId"":""OG000"",""value"":""13""}]}]"
NCT03000530,38,35,0,0,OG000,Part A: SAGE-217,-4.5,-4.5,9.75,,,CFB at Day 6: 12 H Postdose,,"[{""units"":""Participants"",""counts"":[{""groupId"":""OG000"",""value"":""13""}]}]"
NCT03000530,38,36,0,0,OG000,Part A: SAGE-217,-0.2,-0.2,14.31,,,CFB at Day 7: Predose,,"[{""units"":""Participants"",""counts"":[{""groupId"":""OG000"",""value"":""13""}]}]"
NCT03000530,38,37,0,0,OG000,Part A: SAGE-217,0.8,0.8,9.86,,,CFB at Day 7: 0.25 H Postdose,,"[{""units"":""Participants"",""counts"":[{""groupId"":""OG000"",""value"":""13""}]}]"
NCT03000530,38,38,0,0,OG000,Part A: SAGE-217,-0.4,-0.4,12.76,,,CFB at Day 7: 0.5 H Postdose,,"[{""units"":""Participants"",""counts"":[{""groupId"":""OG000"",""value"":""13""}]}]"
NCT03000530,38,39,0,0,OG000,Part A: SAGE-217,-2.5,-2.5,11.33,,,CFB at Day 7: 1 H Postdose,,"[{""units"":""Participants"",""counts"":[{""groupId"":""OG000"",""value"":""13""}]}]"
NCT03000530,38,40,0,0,OG000,Part A: SAGE-217,-2.4,-2.4,7.97,,,CFB at Day 7: 2 H Postdose,,"[{""units"":""Participants"",""counts"":[{""groupId"":""OG000"",""value"":""13""}]}]"
NCT03000530,38,41,0,0,OG000,Part A: SAGE-217,-3.0,-3.0,8.23,,,CFB at Day 7: 12 H Postdose,,"[{""units"":""Participants"",""counts"":[{""groupId"":""OG000"",""value"":""13""}]}]"
NCT03000530,38,42,0,0,OG000,Part A: SAGE-217,1.3,1.3,9.91,,,CFB at Day 8: Predose,,"[{""units"":""Participants"",""counts"":[{""groupId"":""OG000"",""value"":""13""}]}]"
NCT03000530,38,43,0,0,OG000,Part A: SAGE-217,-4.5,-4.5,11.97,,,CFB at Day 8: 1 H Postdose,,"[{""units"":""Participants"",""counts"":[{""groupId"":""OG000"",""value"":""13""}]}]"
NCT03000530,38,44,0,0,OG000,Part A: SAGE-217,-2.5,-2.5,10.83,,,CFB at Day 9: Predose,,"[{""units"":""Participants"",""counts"":[{""groupId"":""OG000"",""value"":""13""}]}]"
NCT03000530,38,45,0,0,OG000,Part A: SAGE-217,-4.2,-4.2,10.61,,,CFB at Day 9: 1 H Postdose,,"[{""units"":""Participants"",""counts"":[{""groupId"":""OG000"",""value"":""13""}]}]"
NCT03000530,38,46,0,0,OG000,Part A: SAGE-217,-2.0,-2.0,9.70,,,CFB at Day 10: Predose,,"[{""units"":""Participants"",""counts"":[{""groupId"":""OG000"",""value"":""13""}]}]"
NCT03000530,38,47,0,0,OG000,Part A: SAGE-217,-3.7,-3.7,9.64,,,CFB at Day 10: 1 H Postdose,,"[{""units"":""Participants"",""counts"":[{""groupId"":""OG000"",""value"":""13""}]}]"
NCT03000530,38,48,0,0,OG000,Part A: SAGE-217,2.0,2.0,9.03,,,CFB at Day 11: Predose,,"[{""units"":""Participants"",""counts"":[{""groupId"":""OG000"",""value"":""13""}]}]"
NCT03000530,38,49,0,0,OG000,Part A: SAGE-217,-7.1,-7.1,8.61,,,CFB at Day 11: 1 H Postdose,,"[{""units"":""Participants"",""counts"":[{""groupId"":""OG000"",""value"":""13""}]}]"
NCT03000530,38,50,0,0,OG000,Part A: SAGE-217,-3.8,-3.8,10.40,,,CFB at Day 12: Predose,,"[{""units"":""Participants"",""counts"":[{""groupId"":""OG000"",""value"":""13""}]}]"
NCT03000530,38,51,0,0,OG000,Part A: SAGE-217,-2.5,-2.5,10.62,,,CFB at Day 12: 1 H Postdose,,"[{""units"":""Participants"",""counts"":[{""groupId"":""OG000"",""value"":""13""}]}]"
NCT03000530,38,52,0,0,OG000,Part A: SAGE-217,0.5,0.5,4.88,,,CFB at Day 13: Predose,,"[{""units"":""Participants"",""counts"":[{""groupId"":""OG000"",""value"":""13""}]}]"
NCT03000530,38,53,0,0,OG000,Part A: SAGE-217,1.4,1.4,7.08,,,CFB at Day 13: 1 H Postdose,,"[{""units"":""Participants"",""counts"":[{""groupId"":""OG000"",""value"":""13""}]}]"
NCT03000530,38,54,0,0,OG000,Part A: SAGE-217,-0.7,-0.7,9.76,,,CFB at Day 14: Predose,,"[{""units"":""Participants"",""counts"":[{""groupId"":""OG000"",""value"":""13""}]}]"
NCT03000530,38,55,0,0,OG000,Part A: SAGE-217,-3.2,-3.2,9.24,,,CFB at Day 14: 1 H Postdose,,"[{""units"":""Participants"",""counts"":[{""groupId"":""OG000"",""value"":""13""}]}]"
NCT03000530,38,56,0,0,OG000,Part A: SAGE-217,0.5,0.5,8.39,,,CFB at Day 15/ET,,"[{""units"":""Participants"",""counts"":[{""groupId"":""OG000"",""value"":""13""}]}]"
NCT03000530,38,57,0,0,OG000,Part A: SAGE-217,0.8,0.8,10.64,,,CFB at Follow-up Day 21,,"[{""units"":""Participants"",""counts"":[{""groupId"":""OG000"",""value"":""13""}]}]"
NCT03000530,38,58,0,0,OG000,Part A: SAGE-217,1.7,1.7,6.80,,,CFB at Follow-up Day 28,,"[{""units"":""Participants"",""counts"":[{""groupId"":""OG000"",""value"":""13""}]}]"
NCT03000530,39,0,0,0,OG000,Part A: SAGE-217,80.0,80.0,13.10,,,Baseline,,"[{""units"":""Participants"",""counts"":[{""groupId"":""OG000"",""value"":""13""}]}]"
NCT03000530,39,1,0,0,OG000,Part A: SAGE-217,-2.7,-2.7,9.91,,,CFB at Day 1: 0.25 H Postdose,,"[{""units"":""Participants"",""counts"":[{""groupId"":""OG000"",""value"":""13""}]}]"
NCT03000530,39,2,0,0,OG000,Part A: SAGE-217,-5.9,-5.9,13.44,,,CFB at Day 1: 0.5 H Postdose,,"[{""units"":""Participants"",""counts"":[{""groupId"":""OG000"",""value"":""13""}]}]"
NCT03000530,39,3,0,0,OG000,Part A: SAGE-217,-4.6,-4.6,13.07,,,CFB at Day 1: 1 H Postdose,,"[{""units"":""Participants"",""counts"":[{""groupId"":""OG000"",""value"":""13""}]}]"
NCT03000530,39,4,0,0,OG000,Part A: SAGE-217,-2.6,-2.6,14.77,,,CFB at Day 1: 2 H Postdose,,"[{""units"":""Participants"",""counts"":[{""groupId"":""OG000"",""value"":""13""}]}]"
NCT03000530,39,5,0,0,OG000,Part A: SAGE-217,-2.2,-2.2,15.22,,,CFB at Day 1: 12 H Postdose,,"[{""units"":""Participants"",""counts"":[{""groupId"":""OG000"",""value"":""13""}]}]"
NCT03000530,39,6,0,0,OG000,Part A: SAGE-217,-6.6,-6.6,14.66,,,CFB at Day 2: Predose,,"[{""units"":""Participants"",""counts"":[{""groupId"":""OG000"",""value"":""13""}]}]"
NCT03000530,39,7,0,0,OG000,Part A: SAGE-217,-6.6,-6.6,13.64,,,CFB at Day 2: 0.25 H Postdose,,"[{""units"":""Participants"",""counts"":[{""groupId"":""OG000"",""value"":""13""}]}]"
NCT03000530,39,8,0,0,OG000,Part A: SAGE-217,-6.4,-6.4,12.96,,,CFB at Day 2: 0.5 H Postdose,,"[{""units"":""Participants"",""counts"":[{""groupId"":""OG000"",""value"":""13""}]}]"
NCT03000530,39,9,0,0,OG000,Part A: SAGE-217,-2.8,-2.8,16.75,,,CFB at Day 2: 1 H Postdose,,"[{""units"":""Participants"",""counts"":[{""groupId"":""OG000"",""value"":""13""}]}]"
NCT03000530,39,10,0,0,OG000,Part A: SAGE-217,-3.5,-3.5,13.97,,,CFB at Day 2: 2 H Postdose,,"[{""units"":""Participants"",""counts"":[{""groupId"":""OG000"",""value"":""13""}]}]"
NCT03000530,39,11,0,0,OG000,Part A: SAGE-217,-10.7,-10.7,14.68,,,CFB at Day 2: 12 H Postdose,,"[{""units"":""Participants"",""counts"":[{""groupId"":""OG000"",""value"":""13""}]}]"
NCT03000530,39,12,0,0,OG000,Part A: SAGE-217,-4.8,-4.8,15.82,,,CFB at Day 3: Predose,,"[{""units"":""Participants"",""counts"":[{""groupId"":""OG000"",""value"":""13""}]}]"
NCT03000530,39,13,0,0,OG000,Part A: SAGE-217,-6.1,-6.1,18.02,,,CFB at Day 3: 0.25 H Postdose,,"[{""units"":""Participants"",""counts"":[{""groupId"":""OG000"",""value"":""13""}]}]"
NCT03000530,39,14,0,0,OG000,Part A: SAGE-217,-6.1,-6.1,14.23,,,CFB at Day 3: 0.5 H Postdose,,"[{""units"":""Participants"",""counts"":[{""groupId"":""OG000"",""value"":""13""}]}]"
NCT03000530,39,15,0,0,OG000,Part A: SAGE-217,-1.2,-1.2,13.83,,,CFB at Day 3: 1 H Postdose,,"[{""units"":""Participants"",""counts"":[{""groupId"":""OG000"",""value"":""13""}]}]"
NCT03000530,39,16,0,0,OG000,Part A: SAGE-217,-1.4,-1.4,16.19,,,CFB at Day 3: 2 H Postdose,,"[{""units"":""Participants"",""counts"":[{""groupId"":""OG000"",""value"":""13""}]}]"
NCT03000530,39,17,0,0,OG000,Part A: SAGE-217,-8.2,-8.2,15.60,,,CFB at Day 3: 12 H Postdose,,"[{""units"":""Participants"",""counts"":[{""groupId"":""OG000"",""value"":""13""}]}]"
NCT03000530,39,18,0,0,OG000,Part A: SAGE-217,-6.8,-6.8,15.33,,,CFB at Day 4: Predose,,"[{""units"":""Participants"",""counts"":[{""groupId"":""OG000"",""value"":""13""}]}]"
NCT03000530,39,19,0,0,OG000,Part A: SAGE-217,-8.5,-8.5,15.58,,,CFB at Day 4: 0.25 H Postdose,,"[{""units"":""Participants"",""counts"":[{""groupId"":""OG000"",""value"":""13""}]}]"
NCT03000530,39,20,0,0,OG000,Part A: SAGE-217,-5.3,-5.3,14.09,,,CFB at Day 4: 0.5 H Postdose,,"[{""units"":""Participants"",""counts"":[{""groupId"":""OG000"",""value"":""13""}]}]"
NCT03000530,39,21,0,0,OG000,Part A: SAGE-217,-5.0,-5.0,15.46,,,CFB at Day 4: 1 H Postdose,,"[{""units"":""Participants"",""counts"":[{""groupId"":""OG000"",""value"":""13""}]}]"
NCT03000530,39,22,0,0,OG000,Part A: SAGE-217,0.7,0.7,12.21,,,CFB at Day 4: 2 H Postdose,,"[{""units"":""Participants"",""counts"":[{""groupId"":""OG000"",""value"":""13""}]}]"
NCT03000530,39,23,0,0,OG000,Part A: SAGE-217,-5.2,-5.2,12.39,,,CFB at Day 4: 12 H Postdose,,"[{""units"":""Participants"",""counts"":[{""groupId"":""OG000"",""value"":""13""}]}]"
NCT03000530,39,24,0,0,OG000,Part A: SAGE-217,-5.2,-5.2,12.39,,,CFB at Day 5: Predose,,"[{""units"":""Participants"",""counts"":[{""groupId"":""OG000"",""value"":""13""}]}]"
NCT03000530,39,25,0,0,OG000,Part A: SAGE-217,-6.7,-6.7,16.93,,,CFB at Day 5: 0.25 H Postdose,,"[{""units"":""Participants"",""counts"":[{""groupId"":""OG000"",""value"":""13""}]}]"
NCT03000530,39,26,0,0,OG000,Part A: SAGE-217,-4.4,-4.4,16.11,,,CFB at Day 5: 0.5 H Postdose,,"[{""units"":""Participants"",""counts"":[{""groupId"":""OG000"",""value"":""13""}]}]"
NCT03000530,39,27,0,0,OG000,Part A: SAGE-217,-3.2,-3.2,13.57,,,CFB at Day 5: 1 H Postdose,,"[{""units"":""Participants"",""counts"":[{""groupId"":""OG000"",""value"":""13""}]}]"
NCT03000530,39,28,0,0,OG000,Part A: SAGE-217,-1.0,-1.0,13.21,,,CFB at Day 5: 2 H Postdose,,"[{""units"":""Participants"",""counts"":[{""groupId"":""OG000"",""value"":""13""}]}]"
NCT03000530,39,29,0,0,OG000,Part A: SAGE-217,-2.6,-2.6,14.71,,,CFB at Day 5: 12 H Postdose,,"[{""units"":""Participants"",""counts"":[{""groupId"":""OG000"",""value"":""13""}]}]"
NCT03000530,39,30,0,0,OG000,Part A: SAGE-217,-2.2,-2.2,13.98,,,CFB at Day 6: Predose,,"[{""units"":""Participants"",""counts"":[{""groupId"":""OG000"",""value"":""13""}]}]"
NCT03000530,39,31,0,0,OG000,Part A: SAGE-217,-4.8,-4.8,13.49,,,CFB at Day 6: 0.25 H Postdose,,"[{""units"":""Participants"",""counts"":[{""groupId"":""OG000"",""value"":""13""}]}]"
NCT03000530,39,32,0,0,OG000,Part A: SAGE-217,-4.8,-4.8,14.90,,,CFB at Day 6: 0.5 H Postdose,,"[{""units"":""Participants"",""counts"":[{""groupId"":""OG000"",""value"":""13""}]}]"
NCT03000530,39,33,0,0,OG000,Part A: SAGE-217,-0.5,-0.5,15.98,,,CFB at Day 6: 1 H Postdose,,"[{""units"":""Participants"",""counts"":[{""groupId"":""OG000"",""value"":""13""}]}]"
NCT03000530,39,34,0,0,OG000,Part A: SAGE-217,-3.5,-3.5,13.48,,,CFB at Day 6: 2 H Postdose,,"[{""units"":""Participants"",""counts"":[{""groupId"":""OG000"",""value"":""13""}]}]"
NCT03000530,39,35,0,0,OG000,Part A: SAGE-217,-5.8,-5.8,20.85,,,CFB at Day 6: 12 H Postdose,,"[{""units"":""Participants"",""counts"":[{""groupId"":""OG000"",""value"":""13""}]}]"
NCT03000530,39,36,0,0,OG000,Part A: SAGE-217,-3.0,-3.0,20.13,,,CFB at Day 7: Predose,,"[{""units"":""Participants"",""counts"":[{""groupId"":""OG000"",""value"":""13""}]}]"
NCT03000530,39,37,0,0,OG000,Part A: SAGE-217,-4.6,-4.6,16.86,,,CFB at Day 7: 0.25 H Postdose,,"[{""units"":""Participants"",""counts"":[{""groupId"":""OG000"",""value"":""13""}]}]"
NCT03000530,39,38,0,0,OG000,Part A: SAGE-217,-6.2,-6.2,15.53,,,CFB at Day 7: 0.5 H Postdose,,"[{""units"":""Participants"",""counts"":[{""groupId"":""OG000"",""value"":""13""}]}]"
NCT03000530,39,39,0,0,OG000,Part A: SAGE-217,-1.0,-1.0,16.64,,,CFB at Day 7: 1 H Postdose,,"[{""units"":""Participants"",""counts"":[{""groupId"":""OG000"",""value"":""13""}]}]"
NCT03000530,39,40,0,0,OG000,Part A: SAGE-217,-0.1,-0.1,16.12,,,CFB at Day 7: 2 H Postdose,,"[{""units"":""Participants"",""counts"":[{""groupId"":""OG000"",""value"":""13""}]}]"
NCT03000530,39,41,0,0,OG000,Part A: SAGE-217,-7.0,-7.0,18.16,,,CFB at Day 7: 12 H Postdose,,"[{""units"":""Participants"",""counts"":[{""groupId"":""OG000"",""value"":""13""}]}]"
NCT03000530,39,42,0,0,OG000,Part A: SAGE-217,-2.1,-2.1,15.74,,,CFB at Day 8: Predose,,"[{""units"":""Participants"",""counts"":[{""groupId"":""OG000"",""value"":""13""}]}]"
NCT03000530,39,43,0,0,OG000,Part A: SAGE-217,-1.0,-1.0,16.07,,,CFB at Day 8: 1 H Postdose,,"[{""units"":""Participants"",""counts"":[{""groupId"":""OG000"",""value"":""13""}]}]"
NCT03000530,39,44,0,0,OG000,Part A: SAGE-217,-0.1,-0.1,15.18,,,CFB at Day 9: Predose,,"[{""units"":""Participants"",""counts"":[{""groupId"":""OG000"",""value"":""13""}]}]"
NCT03000530,39,45,0,0,OG000,Part A: SAGE-217,0.2,0.2,18.44,,,CFB at Day 9: 1 H Postdose,,"[{""units"":""Participants"",""counts"":[{""groupId"":""OG000"",""value"":""13""}]}]"
NCT03000530,39,46,0,0,OG000,Part A: SAGE-217,-1.8,-1.8,15.39,,,CFB at Day 10: Predose,,"[{""units"":""Participants"",""counts"":[{""groupId"":""OG000"",""value"":""13""}]}]"
NCT03000530,39,47,0,0,OG000,Part A: SAGE-217,0.7,0.7,13.91,,,CFB at Day 10: 1 H Postdose,,"[{""units"":""Participants"",""counts"":[{""groupId"":""OG000"",""value"":""13""}]}]"
NCT03000530,39,48,0,0,OG000,Part A: SAGE-217,3.3,3.3,12.80,,,CFB at Day 11: Predose,,"[{""units"":""Participants"",""counts"":[{""groupId"":""OG000"",""value"":""13""}]}]"
NCT03000530,39,49,0,0,OG000,Part A: SAGE-217,-5.2,-5.2,13.56,,,CFB at Day 11: 1 H Postdose,,"[{""units"":""Participants"",""counts"":[{""groupId"":""OG000"",""value"":""13""}]}]"
NCT03000530,39,50,0,0,OG000,Part A: SAGE-217,1.9,1.9,10.30,,,CFB at Day 12: Predose,,"[{""units"":""Participants"",""counts"":[{""groupId"":""OG000"",""value"":""13""}]}]"
NCT03000530,39,51,0,0,OG000,Part A: SAGE-217,-1.2,-1.2,16.61,,,CFB at Day 12: 1 H Postdose,,"[{""units"":""Participants"",""counts"":[{""groupId"":""OG000"",""value"":""13""}]}]"
NCT03000530,39,52,0,0,OG000,Part A: SAGE-217,0.2,0.2,16.69,,,CFB at Day 13: Predose,,"[{""units"":""Participants"",""counts"":[{""groupId"":""OG000"",""value"":""13""}]}]"
NCT03000530,39,53,0,0,OG000,Part A: SAGE-217,2.9,2.9,13.76,,,CFB at Day 13: 1 H Postdose,,"[{""units"":""Participants"",""counts"":[{""groupId"":""OG000"",""value"":""13""}]}]"
NCT03000530,39,54,0,0,OG000,Part A: SAGE-217,-3.7,-3.7,15.16,,,CFB at Day 14: Predose,,"[{""units"":""Participants"",""counts"":[{""groupId"":""OG000"",""value"":""13""}]}]"
NCT03000530,39,55,0,0,OG000,Part A: SAGE-217,-2.2,-2.2,17.24,,,CFB at Day 14: 1 H Postdose,,"[{""units"":""Participants"",""counts"":[{""groupId"":""OG000"",""value"":""13""}]}]"
NCT03000530,39,56,0,0,OG000,Part A: SAGE-217,-3.5,-3.5,16.06,,,CFB at Day 15/ET,,"[{""units"":""Participants"",""counts"":[{""groupId"":""OG000"",""value"":""13""}]}]"
NCT03000530,39,57,0,0,OG000,Part A: SAGE-217,-6.5,-6.5,17.66,,,CFB at Follow-up Day 21,,"[{""units"":""Participants"",""counts"":[{""groupId"":""OG000"",""value"":""13""}]}]"
NCT03000530,39,58,0,0,OG000,Part A: SAGE-217,-6.8,-6.8,13.53,,,CFB at Follow-up Day 28,,"[{""units"":""Participants"",""counts"":[{""groupId"":""OG000"",""value"":""13""}]}]"
NCT03000530,40,0,0,0,OG000,Part A: SAGE-217,16.9,16.9,1.75,,,Baseline,,"[{""units"":""Participants"",""counts"":[{""groupId"":""OG000"",""value"":""13""}]}]"
NCT03000530,40,1,0,0,OG000,Part A: SAGE-217,0.5,0.5,1.45,,,CFB at Day 1: 0.25 H Postdose,,"[{""units"":""Participants"",""counts"":[{""groupId"":""OG000"",""value"":""13""}]}]"
NCT03000530,40,2,0,0,OG000,Part A: SAGE-217,0.5,0.5,1.45,,,CFB at Day 1: 0.5 H Postdose,,"[{""units"":""Participants"",""counts"":[{""groupId"":""OG000"",""value"":""13""}]}]"
NCT03000530,40,3,0,0,OG000,Part A: SAGE-217,0.3,0.3,1.80,,,CFB at Day 1: 1 H Postdose,,"[{""units"":""Participants"",""counts"":[{""groupId"":""OG000"",""value"":""13""}]}]"
NCT03000530,40,4,0,0,OG000,Part A: SAGE-217,0.4,0.4,1.57,,,CFB at Day 1: 2 H Postdose,,"[{""units"":""Participants"",""counts"":[{""groupId"":""OG000"",""value"":""13""}]}]"
NCT03000530,40,5,0,0,OG000,Part A: SAGE-217,-0.1,-0.1,1.26,,,CFB at Day 1: 12 H Postdose,,"[{""units"":""Participants"",""counts"":[{""groupId"":""OG000"",""value"":""13""}]}]"
NCT03000530,40,6,0,0,OG000,Part A: SAGE-217,0.5,0.5,1.56,,,CFB at Day 2: Predose,,"[{""units"":""Participants"",""counts"":[{""groupId"":""OG000"",""value"":""13""}]}]"
NCT03000530,40,7,0,0,OG000,Part A: SAGE-217,0.3,0.3,2.10,,,CFB at Day 2: 0.25 H Postdose,,"[{""units"":""Participants"",""counts"":[{""groupId"":""OG000"",""value"":""13""}]}]"
NCT03000530,40,8,0,0,OG000,Part A: SAGE-217,-0.1,-0.1,1.66,,,CFB at Day 2: 0.5 H Postdose,,"[{""units"":""Participants"",""counts"":[{""groupId"":""OG000"",""value"":""13""}]}]"
NCT03000530,40,9,0,0,OG000,Part A: SAGE-217,-0.2,-0.2,1.72,,,CFB at Day 2: 1 H Postdose,,"[{""units"":""Participants"",""counts"":[{""groupId"":""OG000"",""value"":""13""}]}]"
NCT03000530,40,10,0,0,OG000,Part A: SAGE-217,-0.5,-0.5,1.66,,,CFB at Day 2: 2 H Postdose,,"[{""units"":""Participants"",""counts"":[{""groupId"":""OG000"",""value"":""13""}]}]"
NCT03000530,40,11,0,0,OG000,Part A: SAGE-217,-0.5,-0.5,1.71,,,CFB at Day 2: 12 H Postdose,,"[{""units"":""Participants"",""counts"":[{""groupId"":""OG000"",""value"":""13""}]}]"
NCT03000530,40,12,0,0,OG000,Part A: SAGE-217,-0.4,-0.4,1.61,,,CFB at Day 3: Predose,,"[{""units"":""Participants"",""counts"":[{""groupId"":""OG000"",""value"":""13""}]}]"
NCT03000530,40,13,0,0,OG000,Part A: SAGE-217,0.4,0.4,1.76,,,CFB at Day 3: 0.25 H Postdose,,"[{""units"":""Participants"",""counts"":[{""groupId"":""OG000"",""value"":""13""}]}]"
NCT03000530,40,14,0,0,OG000,Part A: SAGE-217,-0.3,-0.3,1.65,,,CFB at Day 3: 0.5 H Postdose,,"[{""units"":""Participants"",""counts"":[{""groupId"":""OG000"",""value"":""13""}]}]"
NCT03000530,40,15,0,0,OG000,Part A: SAGE-217,-0.2,-0.2,1.17,,,CFB at Day 3: 1 H Postdose,,"[{""units"":""Participants"",""counts"":[{""groupId"":""OG000"",""value"":""13""}]}]"
NCT03000530,40,16,0,0,OG000,Part A: SAGE-217,-0.7,-0.7,1.35,,,CFB at Day 3: 2 H Postdose,,"[{""units"":""Participants"",""counts"":[{""groupId"":""OG000"",""value"":""13""}]}]"
NCT03000530,40,17,0,0,OG000,Part A: SAGE-217,-0.1,-0.1,1.66,,,CFB at Day 3: 12 H Postdose,,"[{""units"":""Participants"",""counts"":[{""groupId"":""OG000"",""value"":""13""}]}]"
NCT03000530,40,18,0,0,OG000,Part A: SAGE-217,0.1,0.1,1.55,,,CFB at Day 4: Predose,,"[{""units"":""Participants"",""counts"":[{""groupId"":""OG000"",""value"":""13""}]}]"
NCT03000530,40,19,0,0,OG000,Part A: SAGE-217,0.3,0.3,1.55,,,CFB at Day 4: 0.25 H Postdose,,"[{""units"":""Participants"",""counts"":[{""groupId"":""OG000"",""value"":""13""}]}]"
NCT03000530,40,20,0,0,OG000,Part A: SAGE-217,0.3,0.3,1.60,,,CFB at Day 4: 0.5 H Postdose,,"[{""units"":""Participants"",""counts"":[{""groupId"":""OG000"",""value"":""13""}]}]"
NCT03000530,40,21,0,0,OG000,Part A: SAGE-217,0.5,0.5,1.20,,,CFB at Day 4: 1 H Postdose,,"[{""units"":""Participants"",""counts"":[{""groupId"":""OG000"",""value"":""13""}]}]"
NCT03000530,40,22,0,0,OG000,Part A: SAGE-217,0.3,0.3,1.67,,,CFB at Day 4: 2 H Postdose,,"[{""units"":""Participants"",""counts"":[{""groupId"":""OG000"",""value"":""13""}]}]"
NCT03000530,40,23,0,0,OG000,Part A: SAGE-217,0.4,0.4,1.94,,,CFB at Day 4: 12 H Postdose,,"[{""units"":""Participants"",""counts"":[{""groupId"":""OG000"",""value"":""13""}]}]"
NCT03000530,40,24,0,0,OG000,Part A: SAGE-217,0.2,0.2,1.57,,,CFB at Day 5: Predose,,"[{""units"":""Participants"",""counts"":[{""groupId"":""OG000"",""value"":""13""}]}]"
NCT03000530,40,25,0,0,OG000,Part A: SAGE-217,0.4,0.4,1.39,,,CFB at Day 5: 0.25 H Postdose,,"[{""units"":""Participants"",""counts"":[{""groupId"":""OG000"",""value"":""13""}]}]"
NCT03000530,40,26,0,0,OG000,Part A: SAGE-217,0.4,0.4,1.50,,,CFB at Day 5: 0.5 H Postdose,,"[{""units"":""Participants"",""counts"":[{""groupId"":""OG000"",""value"":""13""}]}]"
NCT03000530,40,27,0,0,OG000,Part A: SAGE-217,0.2,0.2,1.64,,,CFB at Day 5: 1 H Postdose,,"[{""units"":""Participants"",""counts"":[{""groupId"":""OG000"",""value"":""13""}]}]"
NCT03000530,40,28,0,0,OG000,Part A: SAGE-217,-0.5,-0.5,1.75,,,CFB at Day 5: 2 H Postdose,,"[{""units"":""Participants"",""counts"":[{""groupId"":""OG000"",""value"":""13""}]}]"
NCT03000530,40,29,0,0,OG000,Part A: SAGE-217,-0.5,-0.5,2.99,,,CFB at Day 5: 12 H Postdose,,"[{""units"":""Participants"",""counts"":[{""groupId"":""OG000"",""value"":""13""}]}]"
NCT03000530,40,30,0,0,OG000,Part A: SAGE-217,0.2,0.2,1.83,,,CFB at Day 6: Predose,,"[{""units"":""Participants"",""counts"":[{""groupId"":""OG000"",""value"":""13""}]}]"
NCT03000530,40,31,0,0,OG000,Part A: SAGE-217,0.2,0.2,1.83,,,CFB at Day 6: 0.25 H Postdose,,"[{""units"":""Participants"",""counts"":[{""groupId"":""OG000"",""value"":""13""}]}]"
NCT03000530,40,32,0,0,OG000,Part A: SAGE-217,0.1,0.1,1.89,,,CFB at Day 6: 0.5 H Postdose,,"[{""units"":""Participants"",""counts"":[{""groupId"":""OG000"",""value"":""13""}]}]"
NCT03000530,40,33,0,0,OG000,Part A: SAGE-217,0.1,0.1,1.55,,,CFB at Day 6: 1 H Postdose,,"[{""units"":""Participants"",""counts"":[{""groupId"":""OG000"",""value"":""13""}]}]"
NCT03000530,40,34,0,0,OG000,Part A: SAGE-217,0.1,0.1,2.10,,,CFB at Day 6: 2 H Postdose,,"[{""units"":""Participants"",""counts"":[{""groupId"":""OG000"",""value"":""13""}]}]"
NCT03000530,40,35,0,0,OG000,Part A: SAGE-217,-0.1,-0.1,1.12,,,CFB at Day 6: 12 H Postdose,,"[{""units"":""Participants"",""counts"":[{""groupId"":""OG000"",""value"":""13""}]}]"
NCT03000530,40,36,0,0,OG000,Part A: SAGE-217,0.1,0.1,1.55,,,CFB at Day 7: Predose,,"[{""units"":""Participants"",""counts"":[{""groupId"":""OG000"",""value"":""13""}]}]"
NCT03000530,40,37,0,0,OG000,Part A: SAGE-217,0.8,0.8,1.99,,,CFB at Day 7: 0.25 H Postdose,,"[{""units"":""Participants"",""counts"":[{""groupId"":""OG000"",""value"":""13""}]}]"
NCT03000530,40,38,0,0,OG000,Part A: SAGE-217,0.2,0.2,0.83,,,CFB at Day 7: 0.5 H Postdose,,"[{""units"":""Participants"",""counts"":[{""groupId"":""OG000"",""value"":""13""}]}]"
NCT03000530,40,39,0,0,OG000,Part A: SAGE-217,0.5,0.5,1.85,,,CFB at Day 7: 1 H Postdose,,"[{""units"":""Participants"",""counts"":[{""groupId"":""OG000"",""value"":""13""}]}]"
NCT03000530,40,40,0,0,OG000,Part A: SAGE-217,-0.1,-0.1,2.02,,,CFB at Day 7: 2 H Postdose,,"[{""units"":""Participants"",""counts"":[{""groupId"":""OG000"",""value"":""13""}]}]"
NCT03000530,40,41,0,0,OG000,Part A: SAGE-217,-0.3,-0.3,2.53,,,CFB at Day 7: 12 H Postdose,,"[{""units"":""Participants"",""counts"":[{""groupId"":""OG000"",""value"":""13""}]}]"
NCT03000530,40,42,0,0,OG000,Part A: SAGE-217,1.2,1.2,2.28,,,CFB at Day 8: Predose,,"[{""units"":""Participants"",""counts"":[{""groupId"":""OG000"",""value"":""13""}]}]"
NCT03000530,40,43,0,0,OG000,Part A: SAGE-217,-0.3,-0.3,1.84,,,CFB at Day 8: 1 H Postdose,,"[{""units"":""Participants"",""counts"":[{""groupId"":""OG000"",""value"":""13""}]}]"
NCT03000530,40,44,0,0,OG000,Part A: SAGE-217,0.5,0.5,2.18,,,CFB at Day 9: Predose,,"[{""units"":""Participants"",""counts"":[{""groupId"":""OG000"",""value"":""13""}]}]"
NCT03000530,40,45,0,0,OG000,Part A: SAGE-217,0.5,0.5,2.67,,,CFB at Day 9: 1 H Postdose,,"[{""units"":""Participants"",""counts"":[{""groupId"":""OG000"",""value"":""13""}]}]"
NCT03000530,40,46,0,0,OG000,Part A: SAGE-217,0.6,0.6,2.50,,,CFB at Day 10: Predose,,"[{""units"":""Participants"",""counts"":[{""groupId"":""OG000"",""value"":""13""}]}]"
NCT03000530,40,47,0,0,OG000,Part A: SAGE-217,0.0,0.0,1.96,,,CFB at Day 10: 1 H Postdose,,"[{""units"":""Participants"",""counts"":[{""groupId"":""OG000"",""value"":""13""}]}]"
NCT03000530,40,48,0,0,OG000,Part A: SAGE-217,0.8,0.8,1.95,,,CFB at Day 11: Predose,,"[{""units"":""Participants"",""counts"":[{""groupId"":""OG000"",""value"":""13""}]}]"
NCT03000530,40,49,0,0,OG000,Part A: SAGE-217,-0.2,-0.2,1.80,,,CFB at Day 11: 1 H Postdose,,"[{""units"":""Participants"",""counts"":[{""groupId"":""OG000"",""value"":""13""}]}]"
NCT03000530,40,50,0,0,OG000,Part A: SAGE-217,0.5,0.5,1.85,,,CFB at Day 12: Predose,,"[{""units"":""Participants"",""counts"":[{""groupId"":""OG000"",""value"":""13""}]}]"
NCT03000530,40,51,0,0,OG000,Part A: SAGE-217,0.5,0.5,2.54,,,CFB at Day 12: 1 H Postdose,,"[{""units"":""Participants"",""counts"":[{""groupId"":""OG000"",""value"":""13""}]}]"
NCT03000530,40,52,0,0,OG000,Part A: SAGE-217,0.3,0.3,2.39,,,CFB at Day 13: Predose,,"[{""units"":""Participants"",""counts"":[{""groupId"":""OG000"",""value"":""13""}]}]"
NCT03000530,40,53,0,0,OG000,Part A: SAGE-217,0.5,0.5,1.00,,,CFB at Day 13: 1 H Postdose,,"[{""units"":""Participants"",""counts"":[{""groupId"":""OG000"",""value"":""13""}]}]"
NCT03000530,40,54,0,0,OG000,Part A: SAGE-217,0.3,0.3,1.55,,,CFB at Day 14: Predose,,"[{""units"":""Participants"",""counts"":[{""groupId"":""OG000"",""value"":""13""}]}]"
NCT03000530,40,55,0,0,OG000,Part A: SAGE-217,0.0,0.0,2.12,,,CFB at Day 14: 1 H Postdose,,"[{""units"":""Participants"",""counts"":[{""groupId"":""OG000"",""value"":""13""}]}]"
NCT03000530,40,56,0,0,OG000,Part A: SAGE-217,0.1,0.1,2.10,,,CFB at Day 15/ET,,"[{""units"":""Participants"",""counts"":[{""groupId"":""OG000"",""value"":""13""}]}]"
NCT03000530,40,57,0,0,OG000,Part A: SAGE-217,0.8,0.8,1.92,,,CFB at Follow-up Day 21,,"[{""units"":""Participants"",""counts"":[{""groupId"":""OG000"",""value"":""13""}]}]"
NCT03000530,40,58,0,0,OG000,Part A: SAGE-217,0.3,0.3,1.60,,,CFB at Follow-up Day 28,,"[{""units"":""Participants"",""counts"":[{""groupId"":""OG000"",""value"":""13""}]}]"
NCT03000530,41,0,0,0,OG000,Part A: SAGE-217,36.71,36.71,0.278,,,Baseline,,"[{""units"":""Participants"",""counts"":[{""groupId"":""OG000"",""value"":""13""}]}]"
NCT03000530,41,1,0,0,OG000,Part A: SAGE-217,-0.17,-0.17,0.457,,,CFB at Day 1: 0.25 H Postdose,,"[{""units"":""Participants"",""counts"":[{""groupId"":""OG000"",""value"":""13""}]}]"
NCT03000530,41,2,0,0,OG000,Part A: SAGE-217,0.12,0.12,0.302,,,CFB at Day 1: 0.5 H Postdose,,"[{""units"":""Participants"",""counts"":[{""groupId"":""OG000"",""value"":""13""}]}]"
NCT03000530,41,3,0,0,OG000,Part A: SAGE-217,0.11,0.11,0.468,,,CFB at Day 1: 1 H Postdose,,"[{""units"":""Participants"",""counts"":[{""groupId"":""OG000"",""value"":""13""}]}]"
NCT03000530,41,4,0,0,OG000,Part A: SAGE-217,0.03,0.03,0.438,,,CFB at Day 1: 2 H Postdose,,"[{""units"":""Participants"",""counts"":[{""groupId"":""OG000"",""value"":""13""}]}]"
NCT03000530,41,5,0,0,OG000,Part A: SAGE-217,-0.09,-0.09,0.433,,,CFB at Day 1: 12 H Postdose,,"[{""units"":""Participants"",""counts"":[{""groupId"":""OG000"",""value"":""13""}]}]"
NCT03000530,41,6,0,0,OG000,Part A: SAGE-217,-0.05,-0.05,0.410,,,CFB at Day 2: Predose,,"[{""units"":""Participants"",""counts"":[{""groupId"":""OG000"",""value"":""13""}]}]"
NCT03000530,41,7,0,0,OG000,Part A: SAGE-217,0.04,0.04,0.532,,,CFB at Day 2: 0.25 H Postdose,,"[{""units"":""Participants"",""counts"":[{""groupId"":""OG000"",""value"":""13""}]}]"
NCT03000530,41,8,0,0,OG000,Part A: SAGE-217,0.00,0.0,0.493,,,CFB at Day 2: 0.5 H Postdose,,"[{""units"":""Participants"",""counts"":[{""groupId"":""OG000"",""value"":""13""}]}]"
NCT03000530,41,9,0,0,OG000,Part A: SAGE-217,0.20,0.2,0.555,,,CFB at Day 2: 1 H Postdose,,"[{""units"":""Participants"",""counts"":[{""groupId"":""OG000"",""value"":""13""}]}]"
NCT03000530,41,10,0,0,OG000,Part A: SAGE-217,0.01,0.01,0.497,,,CFB at Day 2: 2 H Postdose,,"[{""units"":""Participants"",""counts"":[{""groupId"":""OG000"",""value"":""13""}]}]"
NCT03000530,41,11,0,0,OG000,Part A: SAGE-217,-0.05,-0.05,0.399,,,CFB at Day 2: 12 H Postdose,,"[{""units"":""Participants"",""counts"":[{""groupId"":""OG000"",""value"":""13""}]}]"
NCT03000530,41,12,0,0,OG000,Part A: SAGE-217,0.02,0.02,0.580,,,CFB at Day 3: Predose,,"[{""units"":""Participants"",""counts"":[{""groupId"":""OG000"",""value"":""13""}]}]"
NCT03000530,41,13,0,0,OG000,Part A: SAGE-217,-0.08,-0.08,0.563,,,CFB at Day 3: 0.25 H Postdose,,"[{""units"":""Participants"",""counts"":[{""groupId"":""OG000"",""value"":""13""}]}]"
NCT03000530,41,14,0,0,OG000,Part A: SAGE-217,-0.17,-0.17,0.497,,,CFB at Day 3: 0.5 H Postdose,,"[{""units"":""Participants"",""counts"":[{""groupId"":""OG000"",""value"":""13""}]}]"
NCT03000530,41,15,0,0,OG000,Part A: SAGE-217,-0.02,-0.02,0.597,,,CFB at Day 3: 1 H Postdose,,"[{""units"":""Participants"",""counts"":[{""groupId"":""OG000"",""value"":""13""}]}]"
NCT03000530,41,16,0,0,OG000,Part A: SAGE-217,-0.11,-0.11,0.459,,,CFB at Day 3: 2 H Postdose,,"[{""units"":""Participants"",""counts"":[{""groupId"":""OG000"",""value"":""13""}]}]"
NCT03000530,41,17,0,0,OG000,Part A: SAGE-217,-0.22,-0.22,0.389,,,CFB at Day 3: 12 H Postdose,,"[{""units"":""Participants"",""counts"":[{""groupId"":""OG000"",""value"":""13""}]}]"
NCT03000530,41,18,0,0,OG000,Part A: SAGE-217,-0.05,-0.05,0.525,,,CFB at Day 4: Predose,,"[{""units"":""Participants"",""counts"":[{""groupId"":""OG000"",""value"":""13""}]}]"
NCT03000530,41,19,0,0,OG000,Part A: SAGE-217,0.00,0.0,0.473,,,CFB at Day 4: 0.25 H Postdose,,"[{""units"":""Participants"",""counts"":[{""groupId"":""OG000"",""value"":""13""}]}]"
NCT03000530,41,20,0,0,OG000,Part A: SAGE-217,0.26,0.26,0.459,,,CFB at Day 4: 0.5 H Postdose,,"[{""units"":""Participants"",""counts"":[{""groupId"":""OG000"",""value"":""13""}]}]"
NCT03000530,41,21,0,0,OG000,Part A: SAGE-217,-0.05,-0.05,0.619,,,CFB at Day 4: 1 H Postdose,,"[{""units"":""Participants"",""counts"":[{""groupId"":""OG000"",""value"":""13""}]}]"
NCT03000530,41,22,0,0,OG000,Part A: SAGE-217,-0.04,-0.04,0.373,,,CFB at Day 4: 2 H Postdose,,"[{""units"":""Participants"",""counts"":[{""groupId"":""OG000"",""value"":""13""}]}]"
NCT03000530,41,23,0,0,OG000,Part A: SAGE-217,-0.11,-0.11,0.373,,,CFB at Day 4: 12 H Postdose,,"[{""units"":""Participants"",""counts"":[{""groupId"":""OG000"",""value"":""13""}]}]"
NCT03000530,41,24,0,0,OG000,Part A: SAGE-217,-0.06,-0.06,0.498,,,CFB at Day 5: Predose,,"[{""units"":""Participants"",""counts"":[{""groupId"":""OG000"",""value"":""13""}]}]"
NCT03000530,41,25,0,0,OG000,Part A: SAGE-217,0.01,0.01,0.350,,,CFB at Day 5: 0.25 H Postdose,,"[{""units"":""Participants"",""counts"":[{""groupId"":""OG000"",""value"":""13""}]}]"
NCT03000530,41,26,0,0,OG000,Part A: SAGE-217,-0.05,-0.05,0.418,,,CFB at Day 5: 0.5 H Postdose,,"[{""units"":""Participants"",""counts"":[{""groupId"":""OG000"",""value"":""13""}]}]"
NCT03000530,41,27,0,0,OG000,Part A: SAGE-217,-0.08,-0.08,0.458,,,CFB at Day 5: 1 H Postdose,,"[{""units"":""Participants"",""counts"":[{""groupId"":""OG000"",""value"":""13""}]}]"
NCT03000530,41,28,0,0,OG000,Part A: SAGE-217,-0.18,-0.18,0.523,,,CFB at Day 5: 2 H Postdose,,"[{""units"":""Participants"",""counts"":[{""groupId"":""OG000"",""value"":""13""}]}]"
NCT03000530,41,29,0,0,OG000,Part A: SAGE-217,-0.09,-0.09,0.499,,,CFB at Day 5: 12 H Postdose,,"[{""units"":""Participants"",""counts"":[{""groupId"":""OG000"",""value"":""13""}]}]"
NCT03000530,41,30,0,0,OG000,Part A: SAGE-217,0.09,0.09,0.560,,,CFB at Day 6: Predose,,"[{""units"":""Participants"",""counts"":[{""groupId"":""OG000"",""value"":""13""}]}]"
NCT03000530,41,31,0,0,OG000,Part A: SAGE-217,0.13,0.13,0.512,,,CFB at Day 6: 0.25 H Postdose,,"[{""units"":""Participants"",""counts"":[{""groupId"":""OG000"",""value"":""13""}]}]"
NCT03000530,41,32,0,0,OG000,Part A: SAGE-217,-0.05,-0.05,0.405,,,CFB at Day 6: 0.5 H Postdose,,"[{""units"":""Participants"",""counts"":[{""groupId"":""OG000"",""value"":""13""}]}]"
NCT03000530,41,33,0,0,OG000,Part A: SAGE-217,0.06,0.06,0.601,,,CFB at Day 6: 1 H Postdose,,"[{""units"":""Participants"",""counts"":[{""groupId"":""OG000"",""value"":""13""}]}]"
NCT03000530,41,34,0,0,OG000,Part A: SAGE-217,-0.12,-0.12,0.526,,,CFB at Day 6: 2 H Postdose,,"[{""units"":""Participants"",""counts"":[{""groupId"":""OG000"",""value"":""13""}]}]"
NCT03000530,41,35,0,0,OG000,Part A: SAGE-217,-0.04,-0.04,0.566,,,CFB at Day 6: 12 H Postdose,,"[{""units"":""Participants"",""counts"":[{""groupId"":""OG000"",""value"":""13""}]}]"
NCT03000530,41,36,0,0,OG000,Part A: SAGE-217,-0.11,-0.11,0.722,,,CFB at Day 7: Predose,,"[{""units"":""Participants"",""counts"":[{""groupId"":""OG000"",""value"":""13""}]}]"
NCT03000530,41,37,0,0,OG000,Part A: SAGE-217,-0.11,-0.11,0.566,,,CFB at Day 7: 0.25 H Postdose,,"[{""units"":""Participants"",""counts"":[{""groupId"":""OG000"",""value"":""13""}]}]"
NCT03000530,41,38,0,0,OG000,Part A: SAGE-217,-0.08,-0.08,0.639,,,CFB at Day 7: 0.5 H Postdose,,"[{""units"":""Participants"",""counts"":[{""groupId"":""OG000"",""value"":""13""}]}]"
NCT03000530,41,39,0,0,OG000,Part A: SAGE-217,-0.14,-0.14,0.588,,,CFB at Day 7: 1 H Postdose,,"[{""units"":""Participants"",""counts"":[{""groupId"":""OG000"",""value"":""13""}]}]"
NCT03000530,41,40,0,0,OG000,Part A: SAGE-217,-0.02,-0.02,0.453,,,CFB at Day 7: 2 H Postdose,,"[{""units"":""Participants"",""counts"":[{""groupId"":""OG000"",""value"":""13""}]}]"
NCT03000530,41,41,0,0,OG000,Part A: SAGE-217,-0.10,-0.1,0.534,,,CFB at Day 7: 12 H Postdose,,"[{""units"":""Participants"",""counts"":[{""groupId"":""OG000"",""value"":""13""}]}]"
NCT03000530,41,42,0,0,OG000,Part A: SAGE-217,-0.02,-0.02,0.589,,,CFB at Day 8: Predose,,"[{""units"":""Participants"",""counts"":[{""groupId"":""OG000"",""value"":""13""}]}]"
NCT03000530,41,43,0,0,OG000,Part A: SAGE-217,0.02,0.02,0.351,,,CFB at Day 8: 1 H Postdose,,"[{""units"":""Participants"",""counts"":[{""groupId"":""OG000"",""value"":""13""}]}]"
NCT03000530,41,44,0,0,OG000,Part A: SAGE-217,-0.28,-0.28,0.675,,,CFB at Day 9: Predose,,"[{""units"":""Participants"",""counts"":[{""groupId"":""OG000"",""value"":""13""}]}]"
NCT03000530,41,45,0,0,OG000,Part A: SAGE-217,-0.17,-0.17,0.609,,,CFB at Day 9: 1 H Postdose,,"[{""units"":""Participants"",""counts"":[{""groupId"":""OG000"",""value"":""13""}]}]"
NCT03000530,41,46,0,0,OG000,Part A: SAGE-217,-0.20,-0.2,0.471,,,CFB at Day 10: Predose,,"[{""units"":""Participants"",""counts"":[{""groupId"":""OG000"",""value"":""13""}]}]"
NCT03000530,41,47,0,0,OG000,Part A: SAGE-217,-0.23,-0.23,0.624,,,CFB at Day 10: 1 H Postdose,,"[{""units"":""Participants"",""counts"":[{""groupId"":""OG000"",""value"":""13""}]}]"
NCT03000530,41,48,0,0,OG000,Part A: SAGE-217,0.03,0.03,0.483,,,CFB at Day 11: Predose,,"[{""units"":""Participants"",""counts"":[{""groupId"":""OG000"",""value"":""13""}]}]"
NCT03000530,41,49,0,0,OG000,Part A: SAGE-217,-0.28,-0.28,0.506,,,CFB at Day 11: 1 H Postdose,,"[{""units"":""Participants"",""counts"":[{""groupId"":""OG000"",""value"":""13""}]}]"
NCT03000530,41,50,0,0,OG000,Part A: SAGE-217,-0.18,-0.18,0.504,,,CFB at Day 12: Predose,,"[{""units"":""Participants"",""counts"":[{""groupId"":""OG000"",""value"":""13""}]}]"
NCT03000530,41,51,0,0,OG000,Part A: SAGE-217,-0.10,-0.1,0.512,,,CFB at Day 12: 1 H Postdose,,"[{""units"":""Participants"",""counts"":[{""groupId"":""OG000"",""value"":""13""}]}]"
NCT03000530,41,52,0,0,OG000,Part A: SAGE-217,-0.12,-0.12,0.448,,,CFB at Day 13: Predose,,"[{""units"":""Participants"",""counts"":[{""groupId"":""OG000"",""value"":""13""}]}]"
NCT03000530,41,53,0,0,OG000,Part A: SAGE-217,-0.23,-0.23,0.342,,,CFB at Day 13: 1 H Postdose,,"[{""units"":""Participants"",""counts"":[{""groupId"":""OG000"",""value"":""13""}]}]"
NCT03000530,41,54,0,0,OG000,Part A: SAGE-217,0.01,0.01,0.475,,,CFB at Day 14: Predose,,"[{""units"":""Participants"",""counts"":[{""groupId"":""OG000"",""value"":""13""}]}]"
NCT03000530,41,55,0,0,OG000,Part A: SAGE-217,0.05,0.05,0.570,,,CFB at Day 14: 1 H Postdose,,"[{""units"":""Participants"",""counts"":[{""groupId"":""OG000"",""value"":""13""}]}]"
NCT03000530,41,56,0,0,OG000,Part A: SAGE-217,-0.05,-0.05,0.326,,,CFB at Day 15/ET,,"[{""units"":""Participants"",""counts"":[{""groupId"":""OG000"",""value"":""13""}]}]"
NCT03000530,41,57,0,0,OG000,Part A: SAGE-217,-0.10,-0.1,0.372,,,CFB at Follow-up Day 21,,"[{""units"":""Participants"",""counts"":[{""groupId"":""OG000"",""value"":""13""}]}]"
NCT03000530,41,58,0,0,OG000,Part A: SAGE-217,-0.12,-0.12,0.326,,,CFB at Follow-up Day 28,,"[{""units"":""Participants"",""counts"":[{""groupId"":""OG000"",""value"":""13""}]}]"
NCT03000530,42,0,0,0,OG000,Part A: SAGE-217,98.6,98.6,1.08,,,Baseline,,"[{""units"":""Participants"",""counts"":[{""groupId"":""OG000"",""value"":""12""}]}]"
NCT03000530,42,1,0,0,OG000,Part A: SAGE-217,0.0,0.0,1.65,,,CFB at Day 1: 0.25 H Postdose,,"[{""units"":""Participants"",""counts"":[{""groupId"":""OG000"",""value"":""12""}]}]"
NCT03000530,42,2,0,0,OG000,Part A: SAGE-217,-0.4,-0.4,2.02,,,CFB at Day 1: 0.5 H Postdose,,"[{""units"":""Participants"",""counts"":[{""groupId"":""OG000"",""value"":""12""}]}]"
NCT03000530,42,3,0,0,OG000,Part A: SAGE-217,0.3,0.3,1.22,,,CFB at Day 1: 1 H Postdose,,"[{""units"":""Participants"",""counts"":[{""groupId"":""OG000"",""value"":""12""}]}]"
NCT03000530,42,4,0,0,OG000,Part A: SAGE-217,-0.3,-0.3,2.16,,,CFB at Day 1: 2 H Postdose,,"[{""units"":""Participants"",""counts"":[{""groupId"":""OG000"",""value"":""12""}]}]"
NCT03000530,42,5,0,0,OG000,Part A: SAGE-217,0.3,0.3,1.07,,,CFB at Day 1: 12 H Postdose,,"[{""units"":""Participants"",""counts"":[{""groupId"":""OG000"",""value"":""12""}]}]"
NCT03000530,42,6,0,0,OG000,Part A: SAGE-217,-0.4,-0.4,1.62,,,CFB at Day 2: Predose,,"[{""units"":""Participants"",""counts"":[{""groupId"":""OG000"",""value"":""12""}]}]"
NCT03000530,42,7,0,0,OG000,Part A: SAGE-217,-0.1,-0.1,1.83,,,CFB at Day 2: 0.25 H Postdose,,"[{""units"":""Participants"",""counts"":[{""groupId"":""OG000"",""value"":""12""}]}]"
NCT03000530,42,8,0,0,OG000,Part A: SAGE-217,-0.3,-0.3,1.44,,,CFB at Day 2: 0.5 H Postdose,,"[{""units"":""Participants"",""counts"":[{""groupId"":""OG000"",""value"":""12""}]}]"
NCT03000530,42,9,0,0,OG000,Part A: SAGE-217,0.1,0.1,1.62,,,CFB at Day 2: 1 H Postdose,,"[{""units"":""Participants"",""counts"":[{""groupId"":""OG000"",""value"":""12""}]}]"
NCT03000530,42,10,0,0,OG000,Part A: SAGE-217,-0.2,-0.2,1.34,,,CFB at Day 2: 2 H Postdose,,"[{""units"":""Participants"",""counts"":[{""groupId"":""OG000"",""value"":""12""}]}]"
NCT03000530,42,11,0,0,OG000,Part A: SAGE-217,-0.6,-0.6,1.62,,,CFB at Day 2: 12 H Postdose,,"[{""units"":""Participants"",""counts"":[{""groupId"":""OG000"",""value"":""12""}]}]"
NCT03000530,42,12,0,0,OG000,Part A: SAGE-217,0.3,0.3,1.60,,,CFB at Day 3: Predose,,"[{""units"":""Participants"",""counts"":[{""groupId"":""OG000"",""value"":""12""}]}]"
NCT03000530,42,13,0,0,OG000,Part A: SAGE-217,-0.9,-0.9,1.68,,,CFB at Day 3: 0.25 H Postdose,,"[{""units"":""Participants"",""counts"":[{""groupId"":""OG000"",""value"":""12""}]}]"
NCT03000530,42,14,0,0,OG000,Part A: SAGE-217,-1.3,-1.3,2.23,,,CFB at Day 3: 0.5 H Postdose,,"[{""units"":""Participants"",""counts"":[{""groupId"":""OG000"",""value"":""12""}]}]"
NCT03000530,42,15,0,0,OG000,Part A: SAGE-217,-0.3,-0.3,1.87,,,CFB at Day 3: 1 H Postdose,,"[{""units"":""Participants"",""counts"":[{""groupId"":""OG000"",""value"":""12""}]}]"
NCT03000530,42,16,0,0,OG000,Part A: SAGE-217,0.1,0.1,1.37,,,CFB at Day 3: 2 H Postdose,,"[{""units"":""Participants"",""counts"":[{""groupId"":""OG000"",""value"":""12""}]}]"
NCT03000530,42,17,0,0,OG000,Part A: SAGE-217,-0.9,-0.9,1.68,,,CFB at Day 3: 12 H Postdose,,"[{""units"":""Participants"",""counts"":[{""groupId"":""OG000"",""value"":""12""}]}]"
NCT03000530,42,18,0,0,OG000,Part A: SAGE-217,-1.1,-1.1,2.23,,,CFB at Day 4: Predose,,"[{""units"":""Participants"",""counts"":[{""groupId"":""OG000"",""value"":""12""}]}]"
NCT03000530,42,19,0,0,OG000,Part A: SAGE-217,-0.2,-0.2,1.85,,,CFB at Day 4: 0.25 H Postdose,,"[{""units"":""Participants"",""counts"":[{""groupId"":""OG000"",""value"":""12""}]}]"
NCT03000530,42,20,0,0,OG000,Part A: SAGE-217,-0.6,-0.6,2.19,,,CFB at Day 4: 0.5 H Postdose,,"[{""units"":""Participants"",""counts"":[{""groupId"":""OG000"",""value"":""12""}]}]"
NCT03000530,42,21,0,0,OG000,Part A: SAGE-217,-0.5,-0.5,1.68,,,CFB at Day 4: 1 H Postdose,,"[{""units"":""Participants"",""counts"":[{""groupId"":""OG000"",""value"":""12""}]}]"
NCT03000530,42,22,0,0,OG000,Part A: SAGE-217,-0.4,-0.4,1.50,,,CFB at Day 4: 2 H Postdose,,"[{""units"":""Participants"",""counts"":[{""groupId"":""OG000"",""value"":""12""}]}]"
NCT03000530,42,23,0,0,OG000,Part A: SAGE-217,-0.5,-0.5,2.07,,,CFB at Day 4: 12 H Postdose,,"[{""units"":""Participants"",""counts"":[{""groupId"":""OG000"",""value"":""12""}]}]"
NCT03000530,42,24,0,0,OG000,Part A: SAGE-217,-0.4,-0.4,1.78,,,CFB at Day 5: Predose,,"[{""units"":""Participants"",""counts"":[{""groupId"":""OG000"",""value"":""12""}]}]"
NCT03000530,42,25,0,0,OG000,Part A: SAGE-217,-0.6,-0.6,2.11,,,CFB at Day 5: 0.25 H Postdose,,"[{""units"":""Participants"",""counts"":[{""groupId"":""OG000"",""value"":""12""}]}]"
NCT03000530,42,26,0,0,OG000,Part A: SAGE-217,-0.2,-0.2,1.53,,,CFB at Day 5: 0.5 H Postdose,,"[{""units"":""Participants"",""counts"":[{""groupId"":""OG000"",""value"":""12""}]}]"
NCT03000530,42,27,0,0,OG000,Part A: SAGE-217,-0.5,-0.5,1.88,,,CFB at Day 5: 1 H Postdose,,"[{""units"":""Participants"",""counts"":[{""groupId"":""OG000"",""value"":""12""}]}]"
NCT03000530,42,28,0,0,OG000,Part A: SAGE-217,-0.7,-0.7,2.21,,,CFB at Day 5: 2 H Postdose,,"[{""units"":""Participants"",""counts"":[{""groupId"":""OG000"",""value"":""12""}]}]"
NCT03000530,42,29,0,0,OG000,Part A: SAGE-217,-0.2,-0.2,1.34,,,CFB at Day 5: 12 H Postdose,,"[{""units"":""Participants"",""counts"":[{""groupId"":""OG000"",""value"":""12""}]}]"
NCT03000530,42,30,0,0,OG000,Part A: SAGE-217,-0.4,-0.4,1.00,,,CFB at Day 6: Predose,,"[{""units"":""Participants"",""counts"":[{""groupId"":""OG000"",""value"":""12""}]}]"
NCT03000530,42,31,0,0,OG000,Part A: SAGE-217,-0.5,-0.5,1.51,,,CFB at Day 6: 0.25 H Postdose,,"[{""units"":""Participants"",""counts"":[{""groupId"":""OG000"",""value"":""12""}]}]"
NCT03000530,42,32,0,0,OG000,Part A: SAGE-217,-0.5,-0.5,1.98,,,CFB at Day 6: 0.5 H Postdose,,"[{""units"":""Participants"",""counts"":[{""groupId"":""OG000"",""value"":""12""}]}]"
NCT03000530,42,33,0,0,OG000,Part A: SAGE-217,-0.3,-0.3,0.97,,,CFB at Day 6: 1 H Postdose,,"[{""units"":""Participants"",""counts"":[{""groupId"":""OG000"",""value"":""12""}]}]"
NCT03000530,42,34,0,0,OG000,Part A: SAGE-217,-0.3,-0.3,1.22,,,CFB at Day 6: 2 H Postdose,,"[{""units"":""Participants"",""counts"":[{""groupId"":""OG000"",""value"":""12""}]}]"
NCT03000530,42,35,0,0,OG000,Part A: SAGE-217,0.3,0.3,1.42,,,CFB at Day 6: 12 H Postdose,,"[{""units"":""Participants"",""counts"":[{""groupId"":""OG000"",""value"":""12""}]}]"
NCT03000530,42,36,0,0,OG000,Part A: SAGE-217,-0.5,-0.5,1.44,,,CFB at Day 7: Predose,,"[{""units"":""Participants"",""counts"":[{""groupId"":""OG000"",""value"":""12""}]}]"
NCT03000530,42,37,0,0,OG000,Part A: SAGE-217,-0.4,-0.4,2.06,,,CFB at Day 7: 0.25 H Postdose,,"[{""units"":""Participants"",""counts"":[{""groupId"":""OG000"",""value"":""12""}]}]"
NCT03000530,42,38,0,0,OG000,Part A: SAGE-217,-0.5,-0.5,1.51,,,CFB at Day 7: 0.5 H Postdose,,"[{""units"":""Participants"",""counts"":[{""groupId"":""OG000"",""value"":""12""}]}]"
NCT03000530,42,39,0,0,OG000,Part A: SAGE-217,-1.1,-1.1,1.93,,,CFB at Day 7: 1 H Postdose,,"[{""units"":""Participants"",""counts"":[{""groupId"":""OG000"",""value"":""12""}]}]"
NCT03000530,42,40,0,0,OG000,Part A: SAGE-217,-0.6,-0.6,1.31,,,CFB at Day 7: 2 H Postdose,,"[{""units"":""Participants"",""counts"":[{""groupId"":""OG000"",""value"":""12""}]}]"
NCT03000530,42,41,0,0,OG000,Part A: SAGE-217,-0.5,-0.5,1.63,,,CFB at Day 7: 12 H Postdose,,"[{""units"":""Participants"",""counts"":[{""groupId"":""OG000"",""value"":""12""}]}]"
NCT03000530,42,42,0,0,OG000,Part A: SAGE-217,0.2,0.2,1.53,,,CFB at Day 8: Predose,,"[{""units"":""Participants"",""counts"":[{""groupId"":""OG000"",""value"":""12""}]}]"
NCT03000530,42,43,0,0,OG000,Part A: SAGE-217,-0.3,-0.3,1.82,,,CFB at Day 8: 1 H Postdose,,"[{""units"":""Participants"",""counts"":[{""groupId"":""OG000"",""value"":""12""}]}]"
NCT03000530,43,0,0,0,OG000,Part A: SAGE-217,401.0,401.0,,383,452,Baseline,,"[{""units"":""Participants"",""counts"":[{""groupId"":""OG000"",""value"":""13""}]}]"
NCT03000530,43,1,0,0,OG000,Part A: SAGE-217,-8.0,-8.0,,-51,29,Change from Baseline at Day 1,,"[{""units"":""Participants"",""counts"":[{""groupId"":""OG000"",""value"":""13""}]}]"
NCT03000530,43,2,0,0,OG000,Part A: SAGE-217,-12.0,-12.0,,-67,16,Change from Baseline at Day 2,,"[{""units"":""Participants"",""counts"":[{""groupId"":""OG000"",""value"":""13""}]}]"
NCT03000530,43,3,0,0,OG000,Part A: SAGE-217,-22.0,-22.0,,-52,10,Change from Baseline at Day 7,,"[{""units"":""Participants"",""counts"":[{""groupId"":""OG000"",""value"":""13""}]}]"
NCT03000530,43,4,0,0,OG000,Part A: SAGE-217,-16.0,-16.0,,-113,12,Change from Baseline at Day 14,,"[{""units"":""Participants"",""counts"":[{""groupId"":""OG000"",""value"":""13""}]}]"
NCT03000530,43,5,0,0,OG000,Part A: SAGE-217,-17.5,-17.5,,-46,8,Change from Baseline at Follow-up Day 21,,"[{""units"":""Participants"",""counts"":[{""groupId"":""OG000"",""value"":""13""}]}]"
NCT03000530,44,0,0,0,OG000,Part A: SAGE-217,423.0,423.0,,393,479,Baseline,,"[{""units"":""Participants"",""counts"":[{""groupId"":""OG000"",""value"":""13""}]}]"
NCT03000530,44,1,0,0,OG000,Part A: SAGE-217,2.0,2.0,,-26,17,Change from Baseline at Day 1,,"[{""units"":""Participants"",""counts"":[{""groupId"":""OG000"",""value"":""13""}]}]"
NCT03000530,44,2,0,0,OG000,Part A: SAGE-217,-5.0,-5.0,,-42,29,Change from Baseline at Day 2,,"[{""units"":""Participants"",""counts"":[{""groupId"":""OG000"",""value"":""13""}]}]"
NCT03000530,44,3,0,0,OG000,Part A: SAGE-217,-4.0,-4.0,,-44,18,Change from Baseline at Day 7,,"[{""units"":""Participants"",""counts"":[{""groupId"":""OG000"",""value"":""13""}]}]"
NCT03000530,44,4,0,0,OG000,Part A: SAGE-217,-8.0,-8.0,,-92,15,Change from Baseline at Day 14,,"[{""units"":""Participants"",""counts"":[{""groupId"":""OG000"",""value"":""13""}]}]"
NCT03000530,44,5,0,0,OG000,Part A: SAGE-217,-7.0,-7.0,,-26,3,Change from Baseline at Follow-up Day 21,,"[{""units"":""Participants"",""counts"":[{""groupId"":""OG000"",""value"":""13""}]}]"
NCT03000530,45,0,0,0,OG000,Part A: SAGE-217,65.6,65.6,7.74,,,Baseline,,"[{""units"":""Participants"",""counts"":[{""groupId"":""OG000"",""value"":""13""}]}]"
NCT03000530,45,1,0,0,OG000,Part A: SAGE-217,5.8,5.8,7.83,,,Change from Baseline at Day 1,,"[{""units"":""Participants"",""counts"":[{""groupId"":""OG000"",""value"":""13""}]}]"
NCT03000530,45,2,0,0,OG000,Part A: SAGE-217,5.6,5.6,7.05,,,Change from Baseline at Day 2,,"[{""units"":""Participants"",""counts"":[{""groupId"":""OG000"",""value"":""13""}]}]"
NCT03000530,45,3,0,0,OG000,Part A: SAGE-217,8.8,8.8,9.72,,,Change from Baseline at Day 7,,"[{""units"":""Participants"",""counts"":[{""groupId"":""OG000"",""value"":""13""}]}]"
NCT03000530,45,4,0,0,OG000,Part A: SAGE-217,6.0,6.0,10.79,,,Change from Baseline at Day 14,,"[{""units"":""Participants"",""counts"":[{""groupId"":""OG000"",""value"":""13""}]}]"
NCT03000530,45,5,0,0,OG000,Part A: SAGE-217,7.0,7.0,6.06,,,Change from Baseline at Follow-up Day 21,,"[{""units"":""Participants"",""counts"":[{""groupId"":""OG000"",""value"":""13""}]}]"
NCT03000530,46,0,0,0,OG000,Part A: SAGE-217,952.0,952.0,,723,1071,Baseline,,"[{""units"":""Participants"",""counts"":[{""groupId"":""OG000"",""value"":""13""}]}]"
NCT03000530,46,1,0,0,OG000,Part A: SAGE-217,-65.0,-65.0,,-294,78,Change from Baseline at Day 1,,"[{""units"":""Participants"",""counts"":[{""groupId"":""OG000"",""value"":""13""}]}]"
NCT03000530,46,2,0,0,OG000,Part A: SAGE-217,-45.0,-45.0,,-228,61,Change from Baseline at Day 2,,"[{""units"":""Participants"",""counts"":[{""groupId"":""OG000"",""value"":""13""}]}]"
NCT03000530,46,3,0,0,OG000,Part A: SAGE-217,-88.0,-88.0,,-330,88,Change from Baseline at Day 7,,"[{""units"":""Participants"",""counts"":[{""groupId"":""OG000"",""value"":""13""}]}]"
NCT03000530,46,4,0,0,OG000,Part A: SAGE-217,-107.0,-107.0,,-363,147,Change from Baseline at Day 14,,"[{""units"":""Participants"",""counts"":[{""groupId"":""OG000"",""value"":""13""}]}]"
NCT03000530,46,5,0,0,OG000,Part A: SAGE-217,-97.0,-97.0,,-242,39,Change from Baseline at Follow-up Day 21,,"[{""units"":""Participants"",""counts"":[{""groupId"":""OG000"",""value"":""13""}]}]"
NCT03000530,47,0,0,0,OG000,Part A: SAGE-217,158.0,158.0,,150,338,Baseline,,"[{""units"":""Participants"",""counts"":[{""groupId"":""OG000"",""value"":""13""}]}]"
NCT03000530,47,1,0,0,OG000,Part A: SAGE-217,1.0,1.0,,-84,18,Change from Baseline at Day 1,,"[{""units"":""Participants"",""counts"":[{""groupId"":""OG000"",""value"":""13""}]}]"
NCT03000530,47,2,0,0,OG000,Part A: SAGE-217,-8.0,-8.0,,-134,26,Change from Baseline at Day 2,,"[{""units"":""Participants"",""counts"":[{""groupId"":""OG000"",""value"":""13""}]}]"
NCT03000530,47,3,0,0,OG000,Part A: SAGE-217,2.0,2.0,,-58,20,Change from Baseline at Day 7,,"[{""units"":""Participants"",""counts"":[{""groupId"":""OG000"",""value"":""13""}]}]"
NCT03000530,47,4,0,0,OG000,Part A: SAGE-217,5.0,5.0,,-14,48,Change from Baseline at Day 14,,"[{""units"":""Participants"",""counts"":[{""groupId"":""OG000"",""value"":""13""}]}]"
NCT03000530,47,5,0,0,OG000,Part A: SAGE-217,-3.5,-3.5,,-23,18,Change from Baseline at Follow-up Day 21,,"[{""units"":""Participants"",""counts"":[{""groupId"":""OG000"",""value"":""13""}]}]"
NCT03000530,48,0,0,0,OG000,Part A: SAGE-217,94.0,94.0,,81,114,Baseline,,"[{""units"":""Participants"",""counts"":[{""groupId"":""OG000"",""value"":""13""}]}]"
NCT03000530,48,1,0,0,OG000,Part A: SAGE-217,0.0,0.0,,-16,11,Change from Baseline at Day 1,,"[{""units"":""Participants"",""counts"":[{""groupId"":""OG000"",""value"":""13""}]}]"
NCT03000530,48,2,0,0,OG000,Part A: SAGE-217,-2.0,-2.0,,-22,11,Change from Baseline at Day 2,,"[{""units"":""Participants"",""counts"":[{""groupId"":""OG000"",""value"":""13""}]}]"
NCT03000530,48,3,0,0,OG000,Part A: SAGE-217,-1.0,-1.0,,-25,10,Change from Baseline at Day 7,,"[{""units"":""Participants"",""counts"":[{""groupId"":""OG000"",""value"":""13""}]}]"
NCT03000530,48,4,0,0,OG000,Part A: SAGE-217,4.0,4.0,,-20,16,Change from Baseline at Day 14,,"[{""units"":""Participants"",""counts"":[{""groupId"":""OG000"",""value"":""13""}]}]"
NCT03000530,48,5,0,0,OG000,Part A: SAGE-217,-0.5,-0.5,,-14,27,Change from Baseline at Follow-up Day 21,,"[{""units"":""Participants"",""counts"":[{""groupId"":""OG000"",""value"":""13""}]}]"
NCT03000530,49,0,0,0,OG000,Part A: SAGE-217,0,0.0,,,,,,"[{""units"":""Participants"",""counts"":[{""groupId"":""OG000"",""value"":""13""}]}]"
NCT03000530,50,0,0,0,OG000,Part A: SAGE-217,2.3,2.3,1.60,,,Baseline,,"[{""units"":""Participants"",""counts"":[{""groupId"":""OG000"",""value"":""13""}]}]"
NCT03000530,50,1,0,0,OG000,Part A: SAGE-217,-0.6,-0.6,1.50,,,Change from Baseline at Day 15,,"[{""units"":""Participants"",""counts"":[{""groupId"":""OG000"",""value"":""13""}]}]"
NCT03000530,51,0,0,0,OG000,Part B: Placebo,-10.3,-10.3,1.33,,,,,"[{""units"":""Participants"",""counts"":[{""groupId"":""OG000"",""value"":""44""},{""groupId"":""OG001"",""value"":""45""}]}]"
NCT03000530,51,0,0,1,OG001,Part B: SAGE-217,-17.4,-17.4,1.31,,,,,"[{""units"":""Participants"",""counts"":[{""groupId"":""OG000"",""value"":""44""},{""groupId"":""OG001"",""value"":""45""}]}]"
NCT03018340,0,0,0,0,OG000,"Pimavanserin 34 mg + SSRI/SNRI, Stage 1",22.9,22.9,0.62,,,Baseline (BL),,"[{""units"":""Participants"",""counts"":[{""groupId"":""OG000"",""value"":""51""},{""groupId"":""OG001"",""value"":""152""},{""groupId"":""OG002"",""value"":""29""},{""groupId"":""OG003"",""value"":""29""}]}]"
NCT03018340,0,0,0,1,OG001,"Placebo + SSRI/SNRI, Stage 1",22.0,22.0,0.34,,,Baseline (BL),,"[{""units"":""Participants"",""counts"":[{""groupId"":""OG000"",""value"":""51""},{""groupId"":""OG001"",""value"":""152""},{""groupId"":""OG002"",""value"":""29""},{""groupId"":""OG003"",""value"":""29""}]}]"
NCT03018340,0,0,0,2,OG002,"Pimavanserin 34 mg + SSRI/SNRI, Stage 2",20.3,20.3,0.83,,,Baseline (BL),,"[{""units"":""Participants"",""counts"":[{""groupId"":""OG000"",""value"":""51""},{""groupId"":""OG001"",""value"":""152""},{""groupId"":""OG002"",""value"":""29""},{""groupId"":""OG003"",""value"":""29""}]}]"
NCT03018340,0,0,0,3,OG003,"Placebo + SSRI/SNRI, Stage 2",20.4,20.4,0.79,,,Baseline (BL),,"[{""units"":""Participants"",""counts"":[{""groupId"":""OG000"",""value"":""51""},{""groupId"":""OG001"",""value"":""152""},{""groupId"":""OG002"",""value"":""29""},{""groupId"":""OG003"",""value"":""29""}]}]"
NCT03018340,0,1,0,0,OG000,"Pimavanserin 34 mg + SSRI/SNRI, Stage 1",-11.9,-11.9,1.14,,,Change from BL to Week 5,,"[{""units"":""Participants"",""counts"":[{""groupId"":""OG000"",""value"":""51""},{""groupId"":""OG001"",""value"":""152""},{""groupId"":""OG002"",""value"":""29""},{""groupId"":""OG003"",""value"":""29""}]}]"
NCT03018340,0,1,0,1,OG001,"Placebo + SSRI/SNRI, Stage 1",-7.1,-7.1,0.55,,,Change from BL to Week 5,,"[{""units"":""Participants"",""counts"":[{""groupId"":""OG000"",""value"":""51""},{""groupId"":""OG001"",""value"":""152""},{""groupId"":""OG002"",""value"":""29""},{""groupId"":""OG003"",""value"":""29""}]}]"
NCT03018340,0,1,0,2,OG002,"Pimavanserin 34 mg + SSRI/SNRI, Stage 2",-2.8,-2.8,0.75,,,Change from BL to Week 5,,"[{""units"":""Participants"",""counts"":[{""groupId"":""OG000"",""value"":""51""},{""groupId"":""OG001"",""value"":""152""},{""groupId"":""OG002"",""value"":""29""},{""groupId"":""OG003"",""value"":""29""}]}]"
NCT03018340,0,1,0,3,OG003,"Placebo + SSRI/SNRI, Stage 2",-3.2,-3.2,1.17,,,Change from BL to Week 5,,"[{""units"":""Participants"",""counts"":[{""groupId"":""OG000"",""value"":""51""},{""groupId"":""OG001"",""value"":""152""},{""groupId"":""OG002"",""value"":""29""},{""groupId"":""OG003"",""value"":""29""}]}]"
NCT03039192,0,0,0,0,OG000,Placebo Plus SOC Antidepressant Treatment,-12.8,-12.8,10.73,,,,,"[{""units"":""Participants"",""counts"":[{""groupId"":""OG000"",""value"":""112""},{""groupId"":""OG001"",""value"":""111""}]}]"
NCT03039192,0,0,0,1,OG001,Esketamine 84 mg Plus SOC Antidepressant Treatment,-16.4,-16.4,11.95,,,,,"[{""units"":""Participants"",""counts"":[{""groupId"":""OG000"",""value"":""112""},{""groupId"":""OG001"",""value"":""111""}]}]"
NCT03051256,0,0,0,0,OG000,REL-1017 25 mg,9,9.0,,,,All-causality TEAEs,,"[{""units"":""Participants"",""counts"":[{""groupId"":""OG000"",""value"":""19""},{""groupId"":""OG001"",""value"":""21""},{""groupId"":""OG002"",""value"":""22""}]}]"
NCT03051256,0,0,0,1,OG001,REL-1017 50 mg,15,15.0,,,,All-causality TEAEs,,"[{""units"":""Participants"",""counts"":[{""groupId"":""OG000"",""value"":""19""},{""groupId"":""OG001"",""value"":""21""},{""groupId"":""OG002"",""value"":""22""}]}]"
NCT03051256,0,0,0,2,OG002,Placebo,12,12.0,,,,All-causality TEAEs,,"[{""units"":""Participants"",""counts"":[{""groupId"":""OG000"",""value"":""19""},{""groupId"":""OG001"",""value"":""21""},{""groupId"":""OG002"",""value"":""22""}]}]"
NCT03051256,0,1,0,0,OG000,REL-1017 25 mg,0,0.0,,,,All-causality SAEs,,"[{""units"":""Participants"",""counts"":[{""groupId"":""OG000"",""value"":""19""},{""groupId"":""OG001"",""value"":""21""},{""groupId"":""OG002"",""value"":""22""}]}]"
NCT03051256,0,1,0,1,OG001,REL-1017 50 mg,0,0.0,,,,All-causality SAEs,,"[{""units"":""Participants"",""counts"":[{""groupId"":""OG000"",""value"":""19""},{""groupId"":""OG001"",""value"":""21""},{""groupId"":""OG002"",""value"":""22""}]}]"
NCT03051256,0,1,0,2,OG002,Placebo,0,0.0,,,,All-causality SAEs,,"[{""units"":""Participants"",""counts"":[{""groupId"":""OG000"",""value"":""19""},{""groupId"":""OG001"",""value"":""21""},{""groupId"":""OG002"",""value"":""22""}]}]"
NCT03097133,0,0,0,0,OG000,Placebo + Standard of Care (SOC),-12.4,-12.4,10.43,,,,,"[{""units"":""Participants"",""counts"":[{""groupId"":""OG000"",""value"":""113""},{""groupId"":""OG001"",""value"":""113""}]}]"
NCT03097133,0,0,0,1,OG001,Esketamine 84 mg + SOC,-15.7,-15.7,11.56,,,,,"[{""units"":""Participants"",""counts"":[{""groupId"":""OG000"",""value"":""113""},{""groupId"":""OG001"",""value"":""113""}]}]"
NCT03097133,1,0,0,0,OG000,Placebo + Standard of Care (SOC),-1.0,-1.0,,-5,2,,,"[{""units"":""Participants"",""counts"":[{""groupId"":""OG000"",""value"":""113""},{""groupId"":""OG001"",""value"":""113""}]}]"
NCT03097133,1,0,0,1,OG001,Esketamine 84 mg + SOC,-1.0,-1.0,,-6,2,,,"[{""units"":""Participants"",""counts"":[{""groupId"":""OG000"",""value"":""113""},{""groupId"":""OG001"",""value"":""113""}]}]"
NCT03113968,0,0,0,0,OG000,Electroconvulsive Therapy (ECT),70,70.0,,,,,,"[{""units"":""Participants"",""counts"":[{""groupId"":""OG000"",""value"":""170""},{""groupId"":""OG001"",""value"":""195""}]}]"
NCT03113968,0,0,0,1,OG001,Ketamine Infusion,108,108.0,,,,,,"[{""units"":""Participants"",""counts"":[{""groupId"":""OG000"",""value"":""170""},{""groupId"":""OG001"",""value"":""195""}]}]"
NCT03181529,0,0,0,0,OG000,Immediate Treatment,22.9,22.9,3.6,,,Baseline,,"[{""units"":""Participants"",""counts"":[{""groupId"":""OG000"",""value"":""13""},{""groupId"":""OG001"",""value"":""11""}]}]"
NCT03181529,0,0,0,1,OG001,Delayed Treatment,22.5,22.5,4.4,,,Baseline,,"[{""units"":""Participants"",""counts"":[{""groupId"":""OG000"",""value"":""13""},{""groupId"":""OG001"",""value"":""11""}]}]"
NCT03181529,0,1,0,0,OG000,Immediate Treatment,NA,,NA,,,Week 5 Waitlist-Period (Delayed Group Only),,"[{""units"":""Participants"",""counts"":[{""groupId"":""OG000"",""value"":""13""},{""groupId"":""OG001"",""value"":""11""}]}]"
NCT03181529,0,1,0,1,OG001,Delayed Treatment,23.8,23.8,5.4,,,Week 5 Waitlist-Period (Delayed Group Only),,"[{""units"":""Participants"",""counts"":[{""groupId"":""OG000"",""value"":""13""},{""groupId"":""OG001"",""value"":""11""}]}]"
NCT03181529,0,2,0,0,OG000,Immediate Treatment,NA,,NA,,,Week 8 Waitlist-Period (Delayed Group Only),,"[{""units"":""Participants"",""counts"":[{""groupId"":""OG000"",""value"":""13""},{""groupId"":""OG001"",""value"":""11""}]}]"
NCT03181529,0,2,0,1,OG001,Delayed Treatment,23.5,23.5,6.0,,,Week 8 Waitlist-Period (Delayed Group Only),,"[{""units"":""Participants"",""counts"":[{""groupId"":""OG000"",""value"":""13""},{""groupId"":""OG001"",""value"":""11""}]}]"
NCT03181529,0,3,0,0,OG000,Immediate Treatment,8.0,8.0,7.1,,,Week 1 Post Psilocybin Treatment,,"[{""units"":""Participants"",""counts"":[{""groupId"":""OG000"",""value"":""13""},{""groupId"":""OG001"",""value"":""11""}]}]"
NCT03181529,0,3,0,1,OG001,Delayed Treatment,9.5,9.5,8.3,,,Week 1 Post Psilocybin Treatment,,"[{""units"":""Participants"",""counts"":[{""groupId"":""OG000"",""value"":""13""},{""groupId"":""OG001"",""value"":""11""}]}]"
NCT03185819,0,0,0,0,OG000,Placebo + Midazolam + SOC,-26.2,-26.2,16.72,,,,,"[{""units"":""Participants"",""counts"":[{""groupId"":""OG000"",""value"":""63""},{""groupId"":""OG001"",""value"":""28""},{""groupId"":""OG002"",""value"":""31""},{""groupId"":""OG003"",""value"":""23""},{""groupId"":""OG004"",""value"":""54""}]}]"
NCT03185819,0,0,0,1,OG001,Esketamine 28 mg + Placebo + SOC,-29.6,-29.6,18.15,,,,,"[{""units"":""Participants"",""counts"":[{""groupId"":""OG000"",""value"":""63""},{""groupId"":""OG001"",""value"":""28""},{""groupId"":""OG002"",""value"":""31""},{""groupId"":""OG003"",""value"":""23""},{""groupId"":""OG004"",""value"":""54""}]}]"
NCT03185819,0,0,0,2,OG002,Esketamine 56 mg + Placebo + SOC,-31.8,-31.8,12.92,,,,,"[{""units"":""Participants"",""counts"":[{""groupId"":""OG000"",""value"":""63""},{""groupId"":""OG001"",""value"":""28""},{""groupId"":""OG002"",""value"":""31""},{""groupId"":""OG003"",""value"":""23""},{""groupId"":""OG004"",""value"":""54""}]}]"
NCT03185819,0,0,0,3,OG003,Esketamine 84 mg + Placebo + SOC,-30.3,-30.3,17.48,,,,,"[{""units"":""Participants"",""counts"":[{""groupId"":""OG000"",""value"":""63""},{""groupId"":""OG001"",""value"":""28""},{""groupId"":""OG002"",""value"":""31""},{""groupId"":""OG003"",""value"":""23""},{""groupId"":""OG004"",""value"":""54""}]}]"
NCT03185819,0,0,0,4,OG004,Pooled Esketamine 56 mg + Esketamine 84 mg,-31.2,-31.2,14.90,,,,,"[{""units"":""Participants"",""counts"":[{""groupId"":""OG000"",""value"":""63""},{""groupId"":""OG001"",""value"":""28""},{""groupId"":""OG002"",""value"":""31""},{""groupId"":""OG003"",""value"":""23""},{""groupId"":""OG004"",""value"":""54""}]}]"
NCT03188185,0,0,0,0,OG000,S1: Placebo,-11.4,-11.4,0.70,,,,,"[{""units"":""Participants"",""counts"":[{""groupId"":""OG000"",""value"":""195""},{""groupId"":""OG001"",""value"":""76""},{""groupId"":""OG002"",""value"":""64""},{""groupId"":""OG003"",""value"":""63""}]}]"
NCT03188185,0,0,0,1,OG001,S1: ALKS 5461 2mg/2mg,-13.9,-13.9,1.12,,,,,"[{""units"":""Participants"",""counts"":[{""groupId"":""OG000"",""value"":""195""},{""groupId"":""OG001"",""value"":""76""},{""groupId"":""OG002"",""value"":""64""},{""groupId"":""OG003"",""value"":""63""}]}]"
NCT03188185,0,0,0,2,OG002,S2: Placebo,-4.2,-4.2,1.06,,,,,"[{""units"":""Participants"",""counts"":[{""groupId"":""OG000"",""value"":""195""},{""groupId"":""OG001"",""value"":""76""},{""groupId"":""OG002"",""value"":""64""},{""groupId"":""OG003"",""value"":""63""}]}]"
NCT03188185,0,0,0,3,OG003,S2: ALKS 5461 2mg/2mg,-4.7,-4.7,1.11,,,,,"[{""units"":""Participants"",""counts"":[{""groupId"":""OG000"",""value"":""195""},{""groupId"":""OG001"",""value"":""76""},{""groupId"":""OG002"",""value"":""64""},{""groupId"":""OG003"",""value"":""63""}]}]"
NCT03193398,0,0,0,0,OG000,BTRX-246040,-15.0,-15.0,1.73,,,,,"[{""units"":""Participants"",""counts"":[{""groupId"":""OG000"",""value"":""52""},{""groupId"":""OG001"",""value"":""50""}]}]"
NCT03193398,0,0,0,1,OG001,Placebo,-13.6,-13.6,1.79,,,,,"[{""units"":""Participants"",""counts"":[{""groupId"":""OG000"",""value"":""52""},{""groupId"":""OG001"",""value"":""50""}]}]"
NCT03227224,0,0,0,0,OG000,Placebo,-12.3,-12.3,10.95,,,,,"[{""units"":""Participants"",""counts"":[{""groupId"":""OG000"",""value"":""124""},{""groupId"":""OG001"",""value"":""26""},{""groupId"":""OG002"",""value"":""55""},{""groupId"":""OG003"",""value"":""47""}]}]"
NCT03227224,0,0,0,1,OG001,Seltorexant 10 mg,-12.2,-12.2,8.33,,,,,"[{""units"":""Participants"",""counts"":[{""groupId"":""OG000"",""value"":""124""},{""groupId"":""OG001"",""value"":""26""},{""groupId"":""OG002"",""value"":""55""},{""groupId"":""OG003"",""value"":""47""}]}]"
NCT03227224,0,0,0,2,OG002,Seltorexant 20 mg,-15.0,-15.0,12.13,,,,,"[{""units"":""Participants"",""counts"":[{""groupId"":""OG000"",""value"":""124""},{""groupId"":""OG001"",""value"":""26""},{""groupId"":""OG002"",""value"":""55""},{""groupId"":""OG003"",""value"":""47""}]}]"
NCT03227224,0,0,0,3,OG003,Seltorexant 40 mg,-14.7,-14.7,13.29,,,,,"[{""units"":""Participants"",""counts"":[{""groupId"":""OG000"",""value"":""124""},{""groupId"":""OG001"",""value"":""26""},{""groupId"":""OG002"",""value"":""55""},{""groupId"":""OG003"",""value"":""47""}]}]"
NCT03227224,1,0,0,0,OG000,Placebo,40.9,40.9,,,,,,"[{""units"":""Participants"",""counts"":[{""groupId"":""OG000"",""value"":""137""},{""groupId"":""OG001"",""value"":""33""},{""groupId"":""OG002"",""value"":""61""},{""groupId"":""OG003"",""value"":""52""}]}]"
NCT03227224,1,0,0,1,OG001,Seltorexant 10 mg,33.3,33.3,,,,,,"[{""units"":""Participants"",""counts"":[{""groupId"":""OG000"",""value"":""137""},{""groupId"":""OG001"",""value"":""33""},{""groupId"":""OG002"",""value"":""61""},{""groupId"":""OG003"",""value"":""52""}]}]"
NCT03227224,1,0,0,2,OG002,Seltorexant 20 mg,41.0,41.0,,,,,,"[{""units"":""Participants"",""counts"":[{""groupId"":""OG000"",""value"":""137""},{""groupId"":""OG001"",""value"":""33""},{""groupId"":""OG002"",""value"":""61""},{""groupId"":""OG003"",""value"":""52""}]}]"
NCT03227224,1,0,0,3,OG003,Seltorexant 40 mg,36.5,36.5,,,,,,"[{""units"":""Participants"",""counts"":[{""groupId"":""OG000"",""value"":""137""},{""groupId"":""OG001"",""value"":""33""},{""groupId"":""OG002"",""value"":""61""},{""groupId"":""OG003"",""value"":""52""}]}]"
NCT03227224,2,0,0,0,OG000,Placebo,0,0.0,,,,ALT: Abnormally high,,"[{""units"":""Participants"",""counts"":[{""groupId"":""OG000"",""value"":""137""},{""groupId"":""OG001"",""value"":""31""},{""groupId"":""OG002"",""value"":""61""},{""groupId"":""OG003"",""value"":""52""}]}]"
NCT03227224,2,0,0,1,OG001,Seltorexant 10 mg,0,0.0,,,,ALT: Abnormally high,,"[{""units"":""Participants"",""counts"":[{""groupId"":""OG000"",""value"":""137""},{""groupId"":""OG001"",""value"":""31""},{""groupId"":""OG002"",""value"":""61""},{""groupId"":""OG003"",""value"":""52""}]}]"
NCT03227224,2,0,0,2,OG002,Seltorexant 20 mg,0,0.0,,,,ALT: Abnormally high,,"[{""units"":""Participants"",""counts"":[{""groupId"":""OG000"",""value"":""137""},{""groupId"":""OG001"",""value"":""31""},{""groupId"":""OG002"",""value"":""61""},{""groupId"":""OG003"",""value"":""52""}]}]"
NCT03227224,2,0,0,3,OG003,Seltorexant 40 mg,1.9,1.9,,,,ALT: Abnormally high,,"[{""units"":""Participants"",""counts"":[{""groupId"":""OG000"",""value"":""137""},{""groupId"":""OG001"",""value"":""31""},{""groupId"":""OG002"",""value"":""61""},{""groupId"":""OG003"",""value"":""52""}]}]"
NCT03227224,2,1,0,0,OG000,Placebo,0,0.0,,,,Albumin: Abnormally low,,"[{""units"":""Participants"",""counts"":[{""groupId"":""OG000"",""value"":""137""},{""groupId"":""OG001"",""value"":""31""},{""groupId"":""OG002"",""value"":""61""},{""groupId"":""OG003"",""value"":""52""}]}]"
NCT03227224,2,1,0,1,OG001,Seltorexant 10 mg,0,0.0,,,,Albumin: Abnormally low,,"[{""units"":""Participants"",""counts"":[{""groupId"":""OG000"",""value"":""137""},{""groupId"":""OG001"",""value"":""31""},{""groupId"":""OG002"",""value"":""61""},{""groupId"":""OG003"",""value"":""52""}]}]"
NCT03227224,2,1,0,2,OG002,Seltorexant 20 mg,0,0.0,,,,Albumin: Abnormally low,,"[{""units"":""Participants"",""counts"":[{""groupId"":""OG000"",""value"":""137""},{""groupId"":""OG001"",""value"":""31""},{""groupId"":""OG002"",""value"":""61""},{""groupId"":""OG003"",""value"":""52""}]}]"
NCT03227224,2,1,0,3,OG003,Seltorexant 40 mg,0,0.0,,,,Albumin: Abnormally low,,"[{""units"":""Participants"",""counts"":[{""groupId"":""OG000"",""value"":""137""},{""groupId"":""OG001"",""value"":""31""},{""groupId"":""OG002"",""value"":""61""},{""groupId"":""OG003"",""value"":""52""}]}]"
NCT03227224,2,2,0,0,OG000,Placebo,0,0.0,,,,Albumin: Abnormally high,,"[{""units"":""Participants"",""counts"":[{""groupId"":""OG000"",""value"":""137""},{""groupId"":""OG001"",""value"":""31""},{""groupId"":""OG002"",""value"":""61""},{""groupId"":""OG003"",""value"":""52""}]}]"
NCT03227224,2,2,0,1,OG001,Seltorexant 10 mg,0,0.0,,,,Albumin: Abnormally high,,"[{""units"":""Participants"",""counts"":[{""groupId"":""OG000"",""value"":""137""},{""groupId"":""OG001"",""value"":""31""},{""groupId"":""OG002"",""value"":""61""},{""groupId"":""OG003"",""value"":""52""}]}]"
NCT03227224,2,2,0,2,OG002,Seltorexant 20 mg,0,0.0,,,,Albumin: Abnormally high,,"[{""units"":""Participants"",""counts"":[{""groupId"":""OG000"",""value"":""137""},{""groupId"":""OG001"",""value"":""31""},{""groupId"":""OG002"",""value"":""61""},{""groupId"":""OG003"",""value"":""52""}]}]"
NCT03227224,2,2,0,3,OG003,Seltorexant 40 mg,0,0.0,,,,Albumin: Abnormally high,,"[{""units"":""Participants"",""counts"":[{""groupId"":""OG000"",""value"":""137""},{""groupId"":""OG001"",""value"":""31""},{""groupId"":""OG002"",""value"":""61""},{""groupId"":""OG003"",""value"":""52""}]}]"
NCT03227224,2,3,0,0,OG000,Placebo,0,0.0,,,,ALP: Abnormally high,,"[{""units"":""Participants"",""counts"":[{""groupId"":""OG000"",""value"":""137""},{""groupId"":""OG001"",""value"":""31""},{""groupId"":""OG002"",""value"":""61""},{""groupId"":""OG003"",""value"":""52""}]}]"
NCT03227224,2,3,0,1,OG001,Seltorexant 10 mg,0,0.0,,,,ALP: Abnormally high,,"[{""units"":""Participants"",""counts"":[{""groupId"":""OG000"",""value"":""137""},{""groupId"":""OG001"",""value"":""31""},{""groupId"":""OG002"",""value"":""61""},{""groupId"":""OG003"",""value"":""52""}]}]"
NCT03227224,2,3,0,2,OG002,Seltorexant 20 mg,0,0.0,,,,ALP: Abnormally high,,"[{""units"":""Participants"",""counts"":[{""groupId"":""OG000"",""value"":""137""},{""groupId"":""OG001"",""value"":""31""},{""groupId"":""OG002"",""value"":""61""},{""groupId"":""OG003"",""value"":""52""}]}]"
NCT03227224,2,3,0,3,OG003,Seltorexant 40 mg,0,0.0,,,,ALP: Abnormally high,,"[{""units"":""Participants"",""counts"":[{""groupId"":""OG000"",""value"":""137""},{""groupId"":""OG001"",""value"":""31""},{""groupId"":""OG002"",""value"":""61""},{""groupId"":""OG003"",""value"":""52""}]}]"
NCT03227224,2,4,0,0,OG000,Placebo,0,0.0,,,,AST: Abnormally high,,"[{""units"":""Participants"",""counts"":[{""groupId"":""OG000"",""value"":""137""},{""groupId"":""OG001"",""value"":""31""},{""groupId"":""OG002"",""value"":""61""},{""groupId"":""OG003"",""value"":""52""}]}]"
NCT03227224,2,4,0,1,OG001,Seltorexant 10 mg,0,0.0,,,,AST: Abnormally high,,"[{""units"":""Participants"",""counts"":[{""groupId"":""OG000"",""value"":""137""},{""groupId"":""OG001"",""value"":""31""},{""groupId"":""OG002"",""value"":""61""},{""groupId"":""OG003"",""value"":""52""}]}]"
NCT03227224,2,4,0,2,OG002,Seltorexant 20 mg,0,0.0,,,,AST: Abnormally high,,"[{""units"":""Participants"",""counts"":[{""groupId"":""OG000"",""value"":""137""},{""groupId"":""OG001"",""value"":""31""},{""groupId"":""OG002"",""value"":""61""},{""groupId"":""OG003"",""value"":""52""}]}]"
NCT03227224,2,4,0,3,OG003,Seltorexant 40 mg,0,0.0,,,,AST: Abnormally high,,"[{""units"":""Participants"",""counts"":[{""groupId"":""OG000"",""value"":""137""},{""groupId"":""OG001"",""value"":""31""},{""groupId"":""OG002"",""value"":""61""},{""groupId"":""OG003"",""value"":""52""}]}]"
NCT03227224,2,5,0,0,OG000,Placebo,0,0.0,,,,Bicarbonate: Abnormally low,,"[{""units"":""Participants"",""counts"":[{""groupId"":""OG000"",""value"":""137""},{""groupId"":""OG001"",""value"":""31""},{""groupId"":""OG002"",""value"":""61""},{""groupId"":""OG003"",""value"":""52""}]}]"
NCT03227224,2,5,0,1,OG001,Seltorexant 10 mg,0,0.0,,,,Bicarbonate: Abnormally low,,"[{""units"":""Participants"",""counts"":[{""groupId"":""OG000"",""value"":""137""},{""groupId"":""OG001"",""value"":""31""},{""groupId"":""OG002"",""value"":""61""},{""groupId"":""OG003"",""value"":""52""}]}]"
NCT03227224,2,5,0,2,OG002,Seltorexant 20 mg,0,0.0,,,,Bicarbonate: Abnormally low,,"[{""units"":""Participants"",""counts"":[{""groupId"":""OG000"",""value"":""137""},{""groupId"":""OG001"",""value"":""31""},{""groupId"":""OG002"",""value"":""61""},{""groupId"":""OG003"",""value"":""52""}]}]"
NCT03227224,2,5,0,3,OG003,Seltorexant 40 mg,0,0.0,,,,Bicarbonate: Abnormally low,,"[{""units"":""Participants"",""counts"":[{""groupId"":""OG000"",""value"":""137""},{""groupId"":""OG001"",""value"":""31""},{""groupId"":""OG002"",""value"":""61""},{""groupId"":""OG003"",""value"":""52""}]}]"
NCT03227224,2,6,0,0,OG000,Placebo,0,0.0,,,,Bicarbonate: Abnormally high,,"[{""units"":""Participants"",""counts"":[{""groupId"":""OG000"",""value"":""137""},{""groupId"":""OG001"",""value"":""31""},{""groupId"":""OG002"",""value"":""61""},{""groupId"":""OG003"",""value"":""52""}]}]"
NCT03227224,2,6,0,1,OG001,Seltorexant 10 mg,0,0.0,,,,Bicarbonate: Abnormally high,,"[{""units"":""Participants"",""counts"":[{""groupId"":""OG000"",""value"":""137""},{""groupId"":""OG001"",""value"":""31""},{""groupId"":""OG002"",""value"":""61""},{""groupId"":""OG003"",""value"":""52""}]}]"
NCT03227224,2,6,0,2,OG002,Seltorexant 20 mg,0,0.0,,,,Bicarbonate: Abnormally high,,"[{""units"":""Participants"",""counts"":[{""groupId"":""OG000"",""value"":""137""},{""groupId"":""OG001"",""value"":""31""},{""groupId"":""OG002"",""value"":""61""},{""groupId"":""OG003"",""value"":""52""}]}]"
NCT03227224,2,6,0,3,OG003,Seltorexant 40 mg,0,0.0,,,,Bicarbonate: Abnormally high,,"[{""units"":""Participants"",""counts"":[{""groupId"":""OG000"",""value"":""137""},{""groupId"":""OG001"",""value"":""31""},{""groupId"":""OG002"",""value"":""61""},{""groupId"":""OG003"",""value"":""52""}]}]"
NCT03227224,2,7,0,0,OG000,Placebo,0,0.0,,,,Bilirubin: Abnormally high,,"[{""units"":""Participants"",""counts"":[{""groupId"":""OG000"",""value"":""137""},{""groupId"":""OG001"",""value"":""31""},{""groupId"":""OG002"",""value"":""61""},{""groupId"":""OG003"",""value"":""52""}]}]"
NCT03227224,2,7,0,1,OG001,Seltorexant 10 mg,0,0.0,,,,Bilirubin: Abnormally high,,"[{""units"":""Participants"",""counts"":[{""groupId"":""OG000"",""value"":""137""},{""groupId"":""OG001"",""value"":""31""},{""groupId"":""OG002"",""value"":""61""},{""groupId"":""OG003"",""value"":""52""}]}]"
NCT03227224,2,7,0,2,OG002,Seltorexant 20 mg,0,0.0,,,,Bilirubin: Abnormally high,,"[{""units"":""Participants"",""counts"":[{""groupId"":""OG000"",""value"":""137""},{""groupId"":""OG001"",""value"":""31""},{""groupId"":""OG002"",""value"":""61""},{""groupId"":""OG003"",""value"":""52""}]}]"
NCT03227224,2,7,0,3,OG003,Seltorexant 40 mg,0,0.0,,,,Bilirubin: Abnormally high,,"[{""units"":""Participants"",""counts"":[{""groupId"":""OG000"",""value"":""137""},{""groupId"":""OG001"",""value"":""31""},{""groupId"":""OG002"",""value"":""61""},{""groupId"":""OG003"",""value"":""52""}]}]"
NCT03227224,2,8,0,0,OG000,Placebo,0,0.0,,,,Calcium: Abnormally low,,"[{""units"":""Participants"",""counts"":[{""groupId"":""OG000"",""value"":""137""},{""groupId"":""OG001"",""value"":""31""},{""groupId"":""OG002"",""value"":""61""},{""groupId"":""OG003"",""value"":""52""}]}]"
NCT03227224,2,8,0,1,OG001,Seltorexant 10 mg,0,0.0,,,,Calcium: Abnormally low,,"[{""units"":""Participants"",""counts"":[{""groupId"":""OG000"",""value"":""137""},{""groupId"":""OG001"",""value"":""31""},{""groupId"":""OG002"",""value"":""61""},{""groupId"":""OG003"",""value"":""52""}]}]"
NCT03227224,2,8,0,2,OG002,Seltorexant 20 mg,0,0.0,,,,Calcium: Abnormally low,,"[{""units"":""Participants"",""counts"":[{""groupId"":""OG000"",""value"":""137""},{""groupId"":""OG001"",""value"":""31""},{""groupId"":""OG002"",""value"":""61""},{""groupId"":""OG003"",""value"":""52""}]}]"
NCT03227224,2,8,0,3,OG003,Seltorexant 40 mg,0,0.0,,,,Calcium: Abnormally low,,"[{""units"":""Participants"",""counts"":[{""groupId"":""OG000"",""value"":""137""},{""groupId"":""OG001"",""value"":""31""},{""groupId"":""OG002"",""value"":""61""},{""groupId"":""OG003"",""value"":""52""}]}]"
NCT03227224,2,9,0,0,OG000,Placebo,0,0.0,,,,Calcium: Abnormally high,,"[{""units"":""Participants"",""counts"":[{""groupId"":""OG000"",""value"":""137""},{""groupId"":""OG001"",""value"":""31""},{""groupId"":""OG002"",""value"":""61""},{""groupId"":""OG003"",""value"":""52""}]}]"
NCT03227224,2,9,0,1,OG001,Seltorexant 10 mg,0,0.0,,,,Calcium: Abnormally high,,"[{""units"":""Participants"",""counts"":[{""groupId"":""OG000"",""value"":""137""},{""groupId"":""OG001"",""value"":""31""},{""groupId"":""OG002"",""value"":""61""},{""groupId"":""OG003"",""value"":""52""}]}]"
NCT03227224,2,9,0,2,OG002,Seltorexant 20 mg,0,0.0,,,,Calcium: Abnormally high,,"[{""units"":""Participants"",""counts"":[{""groupId"":""OG000"",""value"":""137""},{""groupId"":""OG001"",""value"":""31""},{""groupId"":""OG002"",""value"":""61""},{""groupId"":""OG003"",""value"":""52""}]}]"
NCT03227224,2,9,0,3,OG003,Seltorexant 40 mg,0,0.0,,,,Calcium: Abnormally high,,"[{""units"":""Participants"",""counts"":[{""groupId"":""OG000"",""value"":""137""},{""groupId"":""OG001"",""value"":""31""},{""groupId"":""OG002"",""value"":""61""},{""groupId"":""OG003"",""value"":""52""}]}]"
NCT03227224,2,10,0,0,OG000,Placebo,0.7,0.7,,,,Chloride: Abnormally low,,"[{""units"":""Participants"",""counts"":[{""groupId"":""OG000"",""value"":""137""},{""groupId"":""OG001"",""value"":""31""},{""groupId"":""OG002"",""value"":""61""},{""groupId"":""OG003"",""value"":""52""}]}]"
NCT03227224,2,10,0,1,OG001,Seltorexant 10 mg,0,0.0,,,,Chloride: Abnormally low,,"[{""units"":""Participants"",""counts"":[{""groupId"":""OG000"",""value"":""137""},{""groupId"":""OG001"",""value"":""31""},{""groupId"":""OG002"",""value"":""61""},{""groupId"":""OG003"",""value"":""52""}]}]"
NCT03227224,2,10,0,2,OG002,Seltorexant 20 mg,0,0.0,,,,Chloride: Abnormally low,,"[{""units"":""Participants"",""counts"":[{""groupId"":""OG000"",""value"":""137""},{""groupId"":""OG001"",""value"":""31""},{""groupId"":""OG002"",""value"":""61""},{""groupId"":""OG003"",""value"":""52""}]}]"
NCT03227224,2,10,0,3,OG003,Seltorexant 40 mg,0,0.0,,,,Chloride: Abnormally low,,"[{""units"":""Participants"",""counts"":[{""groupId"":""OG000"",""value"":""137""},{""groupId"":""OG001"",""value"":""31""},{""groupId"":""OG002"",""value"":""61""},{""groupId"":""OG003"",""value"":""52""}]}]"
NCT03227224,2,11,0,0,OG000,Placebo,0,0.0,,,,Chloride: Abnormally high,,"[{""units"":""Participants"",""counts"":[{""groupId"":""OG000"",""value"":""137""},{""groupId"":""OG001"",""value"":""31""},{""groupId"":""OG002"",""value"":""61""},{""groupId"":""OG003"",""value"":""52""}]}]"
NCT03227224,2,11,0,1,OG001,Seltorexant 10 mg,0,0.0,,,,Chloride: Abnormally high,,"[{""units"":""Participants"",""counts"":[{""groupId"":""OG000"",""value"":""137""},{""groupId"":""OG001"",""value"":""31""},{""groupId"":""OG002"",""value"":""61""},{""groupId"":""OG003"",""value"":""52""}]}]"
NCT03227224,2,11,0,2,OG002,Seltorexant 20 mg,0,0.0,,,,Chloride: Abnormally high,,"[{""units"":""Participants"",""counts"":[{""groupId"":""OG000"",""value"":""137""},{""groupId"":""OG001"",""value"":""31""},{""groupId"":""OG002"",""value"":""61""},{""groupId"":""OG003"",""value"":""52""}]}]"
NCT03227224,2,11,0,3,OG003,Seltorexant 40 mg,0,0.0,,,,Chloride: Abnormally high,,"[{""units"":""Participants"",""counts"":[{""groupId"":""OG000"",""value"":""137""},{""groupId"":""OG001"",""value"":""31""},{""groupId"":""OG002"",""value"":""61""},{""groupId"":""OG003"",""value"":""52""}]}]"
NCT03227224,2,12,0,0,OG000,Placebo,0,0.0,,,,Cholesterol: Abnormally high,,"[{""units"":""Participants"",""counts"":[{""groupId"":""OG000"",""value"":""137""},{""groupId"":""OG001"",""value"":""31""},{""groupId"":""OG002"",""value"":""61""},{""groupId"":""OG003"",""value"":""52""}]}]"
NCT03227224,2,12,0,1,OG001,Seltorexant 10 mg,0,0.0,,,,Cholesterol: Abnormally high,,"[{""units"":""Participants"",""counts"":[{""groupId"":""OG000"",""value"":""137""},{""groupId"":""OG001"",""value"":""31""},{""groupId"":""OG002"",""value"":""61""},{""groupId"":""OG003"",""value"":""52""}]}]"
NCT03227224,2,12,0,2,OG002,Seltorexant 20 mg,0,0.0,,,,Cholesterol: Abnormally high,,"[{""units"":""Participants"",""counts"":[{""groupId"":""OG000"",""value"":""137""},{""groupId"":""OG001"",""value"":""31""},{""groupId"":""OG002"",""value"":""61""},{""groupId"":""OG003"",""value"":""52""}]}]"
NCT03227224,2,12,0,3,OG003,Seltorexant 40 mg,0,0.0,,,,Cholesterol: Abnormally high,,"[{""units"":""Participants"",""counts"":[{""groupId"":""OG000"",""value"":""137""},{""groupId"":""OG001"",""value"":""31""},{""groupId"":""OG002"",""value"":""61""},{""groupId"":""OG003"",""value"":""52""}]}]"
NCT03227224,2,13,0,0,OG000,Placebo,0,0.0,,,,CK: Abnormally high,,"[{""units"":""Participants"",""counts"":[{""groupId"":""OG000"",""value"":""137""},{""groupId"":""OG001"",""value"":""31""},{""groupId"":""OG002"",""value"":""61""},{""groupId"":""OG003"",""value"":""52""}]}]"
NCT03227224,2,13,0,1,OG001,Seltorexant 10 mg,0,0.0,,,,CK: Abnormally high,,"[{""units"":""Participants"",""counts"":[{""groupId"":""OG000"",""value"":""137""},{""groupId"":""OG001"",""value"":""31""},{""groupId"":""OG002"",""value"":""61""},{""groupId"":""OG003"",""value"":""52""}]}]"
NCT03227224,2,13,0,2,OG002,Seltorexant 20 mg,1.7,1.7,,,,CK: Abnormally high,,"[{""units"":""Participants"",""counts"":[{""groupId"":""OG000"",""value"":""137""},{""groupId"":""OG001"",""value"":""31""},{""groupId"":""OG002"",""value"":""61""},{""groupId"":""OG003"",""value"":""52""}]}]"
NCT03227224,2,13,0,3,OG003,Seltorexant 40 mg,0,0.0,,,,CK: Abnormally high,,"[{""units"":""Participants"",""counts"":[{""groupId"":""OG000"",""value"":""137""},{""groupId"":""OG001"",""value"":""31""},{""groupId"":""OG002"",""value"":""61""},{""groupId"":""OG003"",""value"":""52""}]}]"
NCT03227224,2,14,0,0,OG000,Placebo,0,0.0,,,,Creatinine: Abnormally high,,"[{""units"":""Participants"",""counts"":[{""groupId"":""OG000"",""value"":""137""},{""groupId"":""OG001"",""value"":""31""},{""groupId"":""OG002"",""value"":""61""},{""groupId"":""OG003"",""value"":""52""}]}]"
NCT03227224,2,14,0,1,OG001,Seltorexant 10 mg,0,0.0,,,,Creatinine: Abnormally high,,"[{""units"":""Participants"",""counts"":[{""groupId"":""OG000"",""value"":""137""},{""groupId"":""OG001"",""value"":""31""},{""groupId"":""OG002"",""value"":""61""},{""groupId"":""OG003"",""value"":""52""}]}]"
NCT03227224,2,14,0,2,OG002,Seltorexant 20 mg,0,0.0,,,,Creatinine: Abnormally high,,"[{""units"":""Participants"",""counts"":[{""groupId"":""OG000"",""value"":""137""},{""groupId"":""OG001"",""value"":""31""},{""groupId"":""OG002"",""value"":""61""},{""groupId"":""OG003"",""value"":""52""}]}]"
NCT03227224,2,14,0,3,OG003,Seltorexant 40 mg,0,0.0,,,,Creatinine: Abnormally high,,"[{""units"":""Participants"",""counts"":[{""groupId"":""OG000"",""value"":""137""},{""groupId"":""OG001"",""value"":""31""},{""groupId"":""OG002"",""value"":""61""},{""groupId"":""OG003"",""value"":""52""}]}]"
NCT03227224,2,15,0,0,OG000,Placebo,0,0.0,,,,Direct Bilirubin: Abnormally high,,"[{""units"":""Participants"",""counts"":[{""groupId"":""OG000"",""value"":""137""},{""groupId"":""OG001"",""value"":""31""},{""groupId"":""OG002"",""value"":""61""},{""groupId"":""OG003"",""value"":""52""}]}]"
NCT03227224,2,15,0,1,OG001,Seltorexant 10 mg,0,0.0,,,,Direct Bilirubin: Abnormally high,,"[{""units"":""Participants"",""counts"":[{""groupId"":""OG000"",""value"":""137""},{""groupId"":""OG001"",""value"":""31""},{""groupId"":""OG002"",""value"":""61""},{""groupId"":""OG003"",""value"":""52""}]}]"
NCT03227224,2,15,0,2,OG002,Seltorexant 20 mg,0,0.0,,,,Direct Bilirubin: Abnormally high,,"[{""units"":""Participants"",""counts"":[{""groupId"":""OG000"",""value"":""137""},{""groupId"":""OG001"",""value"":""31""},{""groupId"":""OG002"",""value"":""61""},{""groupId"":""OG003"",""value"":""52""}]}]"
NCT03227224,2,15,0,3,OG003,Seltorexant 40 mg,0,0.0,,,,Direct Bilirubin: Abnormally high,,"[{""units"":""Participants"",""counts"":[{""groupId"":""OG000"",""value"":""137""},{""groupId"":""OG001"",""value"":""31""},{""groupId"":""OG002"",""value"":""61""},{""groupId"":""OG003"",""value"":""52""}]}]"
NCT03227224,2,16,0,0,OG000,Placebo,0,0.0,,,,GGT: Abnormally high,,"[{""units"":""Participants"",""counts"":[{""groupId"":""OG000"",""value"":""137""},{""groupId"":""OG001"",""value"":""31""},{""groupId"":""OG002"",""value"":""61""},{""groupId"":""OG003"",""value"":""52""}]}]"
NCT03227224,2,16,0,1,OG001,Seltorexant 10 mg,0,0.0,,,,GGT: Abnormally high,,"[{""units"":""Participants"",""counts"":[{""groupId"":""OG000"",""value"":""137""},{""groupId"":""OG001"",""value"":""31""},{""groupId"":""OG002"",""value"":""61""},{""groupId"":""OG003"",""value"":""52""}]}]"
NCT03227224,2,16,0,2,OG002,Seltorexant 20 mg,0,0.0,,,,GGT: Abnormally high,,"[{""units"":""Participants"",""counts"":[{""groupId"":""OG000"",""value"":""137""},{""groupId"":""OG001"",""value"":""31""},{""groupId"":""OG002"",""value"":""61""},{""groupId"":""OG003"",""value"":""52""}]}]"
NCT03227224,2,16,0,3,OG003,Seltorexant 40 mg,0,0.0,,,,GGT: Abnormally high,,"[{""units"":""Participants"",""counts"":[{""groupId"":""OG000"",""value"":""137""},{""groupId"":""OG001"",""value"":""31""},{""groupId"":""OG002"",""value"":""61""},{""groupId"":""OG003"",""value"":""52""}]}]"
NCT03227224,2,17,0,0,OG000,Placebo,0,0.0,,,,Glucose: Abnormally low,,"[{""units"":""Participants"",""counts"":[{""groupId"":""OG000"",""value"":""137""},{""groupId"":""OG001"",""value"":""31""},{""groupId"":""OG002"",""value"":""61""},{""groupId"":""OG003"",""value"":""52""}]}]"
NCT03227224,2,17,0,1,OG001,Seltorexant 10 mg,0,0.0,,,,Glucose: Abnormally low,,"[{""units"":""Participants"",""counts"":[{""groupId"":""OG000"",""value"":""137""},{""groupId"":""OG001"",""value"":""31""},{""groupId"":""OG002"",""value"":""61""},{""groupId"":""OG003"",""value"":""52""}]}]"
NCT03227224,2,17,0,2,OG002,Seltorexant 20 mg,0,0.0,,,,Glucose: Abnormally low,,"[{""units"":""Participants"",""counts"":[{""groupId"":""OG000"",""value"":""137""},{""groupId"":""OG001"",""value"":""31""},{""groupId"":""OG002"",""value"":""61""},{""groupId"":""OG003"",""value"":""52""}]}]"
NCT03227224,2,17,0,3,OG003,Seltorexant 40 mg,0,0.0,,,,Glucose: Abnormally low,,"[{""units"":""Participants"",""counts"":[{""groupId"":""OG000"",""value"":""137""},{""groupId"":""OG001"",""value"":""31""},{""groupId"":""OG002"",""value"":""61""},{""groupId"":""OG003"",""value"":""52""}]}]"
NCT03227224,2,18,0,0,OG000,Placebo,0,0.0,,,,Glucose: Abnormally high,,"[{""units"":""Participants"",""counts"":[{""groupId"":""OG000"",""value"":""137""},{""groupId"":""OG001"",""value"":""31""},{""groupId"":""OG002"",""value"":""61""},{""groupId"":""OG003"",""value"":""52""}]}]"
NCT03227224,2,18,0,1,OG001,Seltorexant 10 mg,0,0.0,,,,Glucose: Abnormally high,,"[{""units"":""Participants"",""counts"":[{""groupId"":""OG000"",""value"":""137""},{""groupId"":""OG001"",""value"":""31""},{""groupId"":""OG002"",""value"":""61""},{""groupId"":""OG003"",""value"":""52""}]}]"
NCT03227224,2,18,0,2,OG002,Seltorexant 20 mg,0,0.0,,,,Glucose: Abnormally high,,"[{""units"":""Participants"",""counts"":[{""groupId"":""OG000"",""value"":""137""},{""groupId"":""OG001"",""value"":""31""},{""groupId"":""OG002"",""value"":""61""},{""groupId"":""OG003"",""value"":""52""}]}]"
NCT03227224,2,18,0,3,OG003,Seltorexant 40 mg,0,0.0,,,,Glucose: Abnormally high,,"[{""units"":""Participants"",""counts"":[{""groupId"":""OG000"",""value"":""137""},{""groupId"":""OG001"",""value"":""31""},{""groupId"":""OG002"",""value"":""61""},{""groupId"":""OG003"",""value"":""52""}]}]"
NCT03227224,2,19,0,0,OG000,Placebo,2.3,2.3,,,,HDL Cholesterol: Abnormally low,,"[{""units"":""Participants"",""counts"":[{""groupId"":""OG000"",""value"":""137""},{""groupId"":""OG001"",""value"":""31""},{""groupId"":""OG002"",""value"":""61""},{""groupId"":""OG003"",""value"":""52""}]}]"
NCT03227224,2,19,0,1,OG001,Seltorexant 10 mg,6.9,6.9,,,,HDL Cholesterol: Abnormally low,,"[{""units"":""Participants"",""counts"":[{""groupId"":""OG000"",""value"":""137""},{""groupId"":""OG001"",""value"":""31""},{""groupId"":""OG002"",""value"":""61""},{""groupId"":""OG003"",""value"":""52""}]}]"
NCT03227224,2,19,0,2,OG002,Seltorexant 20 mg,1.8,1.8,,,,HDL Cholesterol: Abnormally low,,"[{""units"":""Participants"",""counts"":[{""groupId"":""OG000"",""value"":""137""},{""groupId"":""OG001"",""value"":""31""},{""groupId"":""OG002"",""value"":""61""},{""groupId"":""OG003"",""value"":""52""}]}]"
NCT03227224,2,19,0,3,OG003,Seltorexant 40 mg,2.0,2.0,,,,HDL Cholesterol: Abnormally low,,"[{""units"":""Participants"",""counts"":[{""groupId"":""OG000"",""value"":""137""},{""groupId"":""OG001"",""value"":""31""},{""groupId"":""OG002"",""value"":""61""},{""groupId"":""OG003"",""value"":""52""}]}]"
NCT03227224,2,20,0,0,OG000,Placebo,0.0,0.0,,,,Hemoglobin A1C: Abnormally low,,"[{""units"":""Participants"",""counts"":[{""groupId"":""OG000"",""value"":""137""},{""groupId"":""OG001"",""value"":""31""},{""groupId"":""OG002"",""value"":""61""},{""groupId"":""OG003"",""value"":""52""}]}]"
NCT03227224,2,20,0,1,OG001,Seltorexant 10 mg,0,0.0,,,,Hemoglobin A1C: Abnormally low,,"[{""units"":""Participants"",""counts"":[{""groupId"":""OG000"",""value"":""137""},{""groupId"":""OG001"",""value"":""31""},{""groupId"":""OG002"",""value"":""61""},{""groupId"":""OG003"",""value"":""52""}]}]"
NCT03227224,2,20,0,2,OG002,Seltorexant 20 mg,0,0.0,,,,Hemoglobin A1C: Abnormally low,,"[{""units"":""Participants"",""counts"":[{""groupId"":""OG000"",""value"":""137""},{""groupId"":""OG001"",""value"":""31""},{""groupId"":""OG002"",""value"":""61""},{""groupId"":""OG003"",""value"":""52""}]}]"
NCT03227224,2,20,0,3,OG003,Seltorexant 40 mg,0,0.0,,,,Hemoglobin A1C: Abnormally low,,"[{""units"":""Participants"",""counts"":[{""groupId"":""OG000"",""value"":""137""},{""groupId"":""OG001"",""value"":""31""},{""groupId"":""OG002"",""value"":""61""},{""groupId"":""OG003"",""value"":""52""}]}]"
NCT03227224,2,21,0,0,OG000,Placebo,0,0.0,,,,Hemoglobin A1C: Abnormally high,,"[{""units"":""Participants"",""counts"":[{""groupId"":""OG000"",""value"":""137""},{""groupId"":""OG001"",""value"":""31""},{""groupId"":""OG002"",""value"":""61""},{""groupId"":""OG003"",""value"":""52""}]}]"
NCT03227224,2,21,0,1,OG001,Seltorexant 10 mg,0,0.0,,,,Hemoglobin A1C: Abnormally high,,"[{""units"":""Participants"",""counts"":[{""groupId"":""OG000"",""value"":""137""},{""groupId"":""OG001"",""value"":""31""},{""groupId"":""OG002"",""value"":""61""},{""groupId"":""OG003"",""value"":""52""}]}]"
NCT03227224,2,21,0,2,OG002,Seltorexant 20 mg,0,0.0,,,,Hemoglobin A1C: Abnormally high,,"[{""units"":""Participants"",""counts"":[{""groupId"":""OG000"",""value"":""137""},{""groupId"":""OG001"",""value"":""31""},{""groupId"":""OG002"",""value"":""61""},{""groupId"":""OG003"",""value"":""52""}]}]"
NCT03227224,2,21,0,3,OG003,Seltorexant 40 mg,0,0.0,,,,Hemoglobin A1C: Abnormally high,,"[{""units"":""Participants"",""counts"":[{""groupId"":""OG000"",""value"":""137""},{""groupId"":""OG001"",""value"":""31""},{""groupId"":""OG002"",""value"":""61""},{""groupId"":""OG003"",""value"":""52""}]}]"
NCT03227224,2,22,0,0,OG000,Placebo,4.6,4.6,,,,LDL Cholesterol: Abnormally low,,"[{""units"":""Participants"",""counts"":[{""groupId"":""OG000"",""value"":""137""},{""groupId"":""OG001"",""value"":""31""},{""groupId"":""OG002"",""value"":""61""},{""groupId"":""OG003"",""value"":""52""}]}]"
NCT03227224,2,22,0,1,OG001,Seltorexant 10 mg,10.3,10.3,,,,LDL Cholesterol: Abnormally low,,"[{""units"":""Participants"",""counts"":[{""groupId"":""OG000"",""value"":""137""},{""groupId"":""OG001"",""value"":""31""},{""groupId"":""OG002"",""value"":""61""},{""groupId"":""OG003"",""value"":""52""}]}]"
NCT03227224,2,22,0,2,OG002,Seltorexant 20 mg,9.3,9.3,,,,LDL Cholesterol: Abnormally low,,"[{""units"":""Participants"",""counts"":[{""groupId"":""OG000"",""value"":""137""},{""groupId"":""OG001"",""value"":""31""},{""groupId"":""OG002"",""value"":""61""},{""groupId"":""OG003"",""value"":""52""}]}]"
NCT03227224,2,22,0,3,OG003,Seltorexant 40 mg,5.9,5.9,,,,LDL Cholesterol: Abnormally low,,"[{""units"":""Participants"",""counts"":[{""groupId"":""OG000"",""value"":""137""},{""groupId"":""OG001"",""value"":""31""},{""groupId"":""OG002"",""value"":""61""},{""groupId"":""OG003"",""value"":""52""}]}]"
NCT03227224,2,23,0,0,OG000,Placebo,7.6,7.6,,,,LDL Cholesterol: Abnormally high,,"[{""units"":""Participants"",""counts"":[{""groupId"":""OG000"",""value"":""137""},{""groupId"":""OG001"",""value"":""31""},{""groupId"":""OG002"",""value"":""61""},{""groupId"":""OG003"",""value"":""52""}]}]"
NCT03227224,2,23,0,1,OG001,Seltorexant 10 mg,6.9,6.9,,,,LDL Cholesterol: Abnormally high,,"[{""units"":""Participants"",""counts"":[{""groupId"":""OG000"",""value"":""137""},{""groupId"":""OG001"",""value"":""31""},{""groupId"":""OG002"",""value"":""61""},{""groupId"":""OG003"",""value"":""52""}]}]"
NCT03227224,2,23,0,2,OG002,Seltorexant 20 mg,1.9,1.9,,,,LDL Cholesterol: Abnormally high,,"[{""units"":""Participants"",""counts"":[{""groupId"":""OG000"",""value"":""137""},{""groupId"":""OG001"",""value"":""31""},{""groupId"":""OG002"",""value"":""61""},{""groupId"":""OG003"",""value"":""52""}]}]"
NCT03227224,2,23,0,3,OG003,Seltorexant 40 mg,11.8,11.8,,,,LDL Cholesterol: Abnormally high,,"[{""units"":""Participants"",""counts"":[{""groupId"":""OG000"",""value"":""137""},{""groupId"":""OG001"",""value"":""31""},{""groupId"":""OG002"",""value"":""61""},{""groupId"":""OG003"",""value"":""52""}]}]"
NCT03227224,2,24,0,0,OG000,Placebo,0,0.0,,,,LDH: Abnormally high,,"[{""units"":""Participants"",""counts"":[{""groupId"":""OG000"",""value"":""137""},{""groupId"":""OG001"",""value"":""31""},{""groupId"":""OG002"",""value"":""61""},{""groupId"":""OG003"",""value"":""52""}]}]"
NCT03227224,2,24,0,1,OG001,Seltorexant 10 mg,0,0.0,,,,LDH: Abnormally high,,"[{""units"":""Participants"",""counts"":[{""groupId"":""OG000"",""value"":""137""},{""groupId"":""OG001"",""value"":""31""},{""groupId"":""OG002"",""value"":""61""},{""groupId"":""OG003"",""value"":""52""}]}]"
NCT03227224,2,24,0,2,OG002,Seltorexant 20 mg,0,0.0,,,,LDH: Abnormally high,,"[{""units"":""Participants"",""counts"":[{""groupId"":""OG000"",""value"":""137""},{""groupId"":""OG001"",""value"":""31""},{""groupId"":""OG002"",""value"":""61""},{""groupId"":""OG003"",""value"":""52""}]}]"
NCT03227224,2,24,0,3,OG003,Seltorexant 40 mg,0,0.0,,,,LDH: Abnormally high,,"[{""units"":""Participants"",""counts"":[{""groupId"":""OG000"",""value"":""137""},{""groupId"":""OG001"",""value"":""31""},{""groupId"":""OG002"",""value"":""61""},{""groupId"":""OG003"",""value"":""52""}]}]"
NCT03227224,2,25,0,0,OG000,Placebo,0.7,0.7,,,,Phosphate: Abnormally low,,"[{""units"":""Participants"",""counts"":[{""groupId"":""OG000"",""value"":""137""},{""groupId"":""OG001"",""value"":""31""},{""groupId"":""OG002"",""value"":""61""},{""groupId"":""OG003"",""value"":""52""}]}]"
NCT03227224,2,25,0,1,OG001,Seltorexant 10 mg,3.2,3.2,,,,Phosphate: Abnormally low,,"[{""units"":""Participants"",""counts"":[{""groupId"":""OG000"",""value"":""137""},{""groupId"":""OG001"",""value"":""31""},{""groupId"":""OG002"",""value"":""61""},{""groupId"":""OG003"",""value"":""52""}]}]"
NCT03227224,2,25,0,2,OG002,Seltorexant 20 mg,3.3,3.3,,,,Phosphate: Abnormally low,,"[{""units"":""Participants"",""counts"":[{""groupId"":""OG000"",""value"":""137""},{""groupId"":""OG001"",""value"":""31""},{""groupId"":""OG002"",""value"":""61""},{""groupId"":""OG003"",""value"":""52""}]}]"
NCT03227224,2,25,0,3,OG003,Seltorexant 40 mg,7.8,7.8,,,,Phosphate: Abnormally low,,"[{""units"":""Participants"",""counts"":[{""groupId"":""OG000"",""value"":""137""},{""groupId"":""OG001"",""value"":""31""},{""groupId"":""OG002"",""value"":""61""},{""groupId"":""OG003"",""value"":""52""}]}]"
NCT03227224,2,26,0,0,OG000,Placebo,0,0.0,,,,Phosphate: Abnormally high,,"[{""units"":""Participants"",""counts"":[{""groupId"":""OG000"",""value"":""137""},{""groupId"":""OG001"",""value"":""31""},{""groupId"":""OG002"",""value"":""61""},{""groupId"":""OG003"",""value"":""52""}]}]"
NCT03227224,2,26,0,1,OG001,Seltorexant 10 mg,0,0.0,,,,Phosphate: Abnormally high,,"[{""units"":""Participants"",""counts"":[{""groupId"":""OG000"",""value"":""137""},{""groupId"":""OG001"",""value"":""31""},{""groupId"":""OG002"",""value"":""61""},{""groupId"":""OG003"",""value"":""52""}]}]"
NCT03227224,2,26,0,2,OG002,Seltorexant 20 mg,0,0.0,,,,Phosphate: Abnormally high,,"[{""units"":""Participants"",""counts"":[{""groupId"":""OG000"",""value"":""137""},{""groupId"":""OG001"",""value"":""31""},{""groupId"":""OG002"",""value"":""61""},{""groupId"":""OG003"",""value"":""52""}]}]"
NCT03227224,2,26,0,3,OG003,Seltorexant 40 mg,0,0.0,,,,Phosphate: Abnormally high,,"[{""units"":""Participants"",""counts"":[{""groupId"":""OG000"",""value"":""137""},{""groupId"":""OG001"",""value"":""31""},{""groupId"":""OG002"",""value"":""61""},{""groupId"":""OG003"",""value"":""52""}]}]"
NCT03227224,2,27,0,0,OG000,Placebo,0,0.0,,,,Potassium: Abnormally low,,"[{""units"":""Participants"",""counts"":[{""groupId"":""OG000"",""value"":""137""},{""groupId"":""OG001"",""value"":""31""},{""groupId"":""OG002"",""value"":""61""},{""groupId"":""OG003"",""value"":""52""}]}]"
NCT03227224,2,27,0,1,OG001,Seltorexant 10 mg,0,0.0,,,,Potassium: Abnormally low,,"[{""units"":""Participants"",""counts"":[{""groupId"":""OG000"",""value"":""137""},{""groupId"":""OG001"",""value"":""31""},{""groupId"":""OG002"",""value"":""61""},{""groupId"":""OG003"",""value"":""52""}]}]"
NCT03227224,2,27,0,2,OG002,Seltorexant 20 mg,0,0.0,,,,Potassium: Abnormally low,,"[{""units"":""Participants"",""counts"":[{""groupId"":""OG000"",""value"":""137""},{""groupId"":""OG001"",""value"":""31""},{""groupId"":""OG002"",""value"":""61""},{""groupId"":""OG003"",""value"":""52""}]}]"
NCT03227224,2,27,0,3,OG003,Seltorexant 40 mg,0,0.0,,,,Potassium: Abnormally low,,"[{""units"":""Participants"",""counts"":[{""groupId"":""OG000"",""value"":""137""},{""groupId"":""OG001"",""value"":""31""},{""groupId"":""OG002"",""value"":""61""},{""groupId"":""OG003"",""value"":""52""}]}]"
NCT03227224,2,28,0,0,OG000,Placebo,0.7,0.7,,,,Potassium: Abnormally high,,"[{""units"":""Participants"",""counts"":[{""groupId"":""OG000"",""value"":""137""},{""groupId"":""OG001"",""value"":""31""},{""groupId"":""OG002"",""value"":""61""},{""groupId"":""OG003"",""value"":""52""}]}]"
NCT03227224,2,28,0,1,OG001,Seltorexant 10 mg,3.2,3.2,,,,Potassium: Abnormally high,,"[{""units"":""Participants"",""counts"":[{""groupId"":""OG000"",""value"":""137""},{""groupId"":""OG001"",""value"":""31""},{""groupId"":""OG002"",""value"":""61""},{""groupId"":""OG003"",""value"":""52""}]}]"
NCT03227224,2,28,0,2,OG002,Seltorexant 20 mg,0,0.0,,,,Potassium: Abnormally high,,"[{""units"":""Participants"",""counts"":[{""groupId"":""OG000"",""value"":""137""},{""groupId"":""OG001"",""value"":""31""},{""groupId"":""OG002"",""value"":""61""},{""groupId"":""OG003"",""value"":""52""}]}]"
NCT03227224,2,28,0,3,OG003,Seltorexant 40 mg,0,0.0,,,,Potassium: Abnormally high,,"[{""units"":""Participants"",""counts"":[{""groupId"":""OG000"",""value"":""137""},{""groupId"":""OG001"",""value"":""31""},{""groupId"":""OG002"",""value"":""61""},{""groupId"":""OG003"",""value"":""52""}]}]"
NCT03227224,2,29,0,0,OG000,Placebo,0,0.0,,,,Protein:Abnormally low,,"[{""units"":""Participants"",""counts"":[{""groupId"":""OG000"",""value"":""137""},{""groupId"":""OG001"",""value"":""31""},{""groupId"":""OG002"",""value"":""61""},{""groupId"":""OG003"",""value"":""52""}]}]"
NCT03227224,2,29,0,1,OG001,Seltorexant 10 mg,0,0.0,,,,Protein:Abnormally low,,"[{""units"":""Participants"",""counts"":[{""groupId"":""OG000"",""value"":""137""},{""groupId"":""OG001"",""value"":""31""},{""groupId"":""OG002"",""value"":""61""},{""groupId"":""OG003"",""value"":""52""}]}]"
NCT03227224,2,29,0,2,OG002,Seltorexant 20 mg,0,0.0,,,,Protein:Abnormally low,,"[{""units"":""Participants"",""counts"":[{""groupId"":""OG000"",""value"":""137""},{""groupId"":""OG001"",""value"":""31""},{""groupId"":""OG002"",""value"":""61""},{""groupId"":""OG003"",""value"":""52""}]}]"
NCT03227224,2,29,0,3,OG003,Seltorexant 40 mg,0,0.0,,,,Protein:Abnormally low,,"[{""units"":""Participants"",""counts"":[{""groupId"":""OG000"",""value"":""137""},{""groupId"":""OG001"",""value"":""31""},{""groupId"":""OG002"",""value"":""61""},{""groupId"":""OG003"",""value"":""52""}]}]"
NCT03227224,2,30,0,0,OG000,Placebo,0,0.0,,,,Sodium: Abnormally low,,"[{""units"":""Participants"",""counts"":[{""groupId"":""OG000"",""value"":""137""},{""groupId"":""OG001"",""value"":""31""},{""groupId"":""OG002"",""value"":""61""},{""groupId"":""OG003"",""value"":""52""}]}]"
NCT03227224,2,30,0,1,OG001,Seltorexant 10 mg,0,0.0,,,,Sodium: Abnormally low,,"[{""units"":""Participants"",""counts"":[{""groupId"":""OG000"",""value"":""137""},{""groupId"":""OG001"",""value"":""31""},{""groupId"":""OG002"",""value"":""61""},{""groupId"":""OG003"",""value"":""52""}]}]"
NCT03227224,2,30,0,2,OG002,Seltorexant 20 mg,0,0.0,,,,Sodium: Abnormally low,,"[{""units"":""Participants"",""counts"":[{""groupId"":""OG000"",""value"":""137""},{""groupId"":""OG001"",""value"":""31""},{""groupId"":""OG002"",""value"":""61""},{""groupId"":""OG003"",""value"":""52""}]}]"
NCT03227224,2,30,0,3,OG003,Seltorexant 40 mg,0,0.0,,,,Sodium: Abnormally low,,"[{""units"":""Participants"",""counts"":[{""groupId"":""OG000"",""value"":""137""},{""groupId"":""OG001"",""value"":""31""},{""groupId"":""OG002"",""value"":""61""},{""groupId"":""OG003"",""value"":""52""}]}]"
NCT03227224,2,31,0,0,OG000,Placebo,0,0.0,,,,Sodium: Abnormally high,,"[{""units"":""Participants"",""counts"":[{""groupId"":""OG000"",""value"":""137""},{""groupId"":""OG001"",""value"":""31""},{""groupId"":""OG002"",""value"":""61""},{""groupId"":""OG003"",""value"":""52""}]}]"
NCT03227224,2,31,0,1,OG001,Seltorexant 10 mg,0,0.0,,,,Sodium: Abnormally high,,"[{""units"":""Participants"",""counts"":[{""groupId"":""OG000"",""value"":""137""},{""groupId"":""OG001"",""value"":""31""},{""groupId"":""OG002"",""value"":""61""},{""groupId"":""OG003"",""value"":""52""}]}]"
NCT03227224,2,31,0,2,OG002,Seltorexant 20 mg,0,0.0,,,,Sodium: Abnormally high,,"[{""units"":""Participants"",""counts"":[{""groupId"":""OG000"",""value"":""137""},{""groupId"":""OG001"",""value"":""31""},{""groupId"":""OG002"",""value"":""61""},{""groupId"":""OG003"",""value"":""52""}]}]"
NCT03227224,2,31,0,3,OG003,Seltorexant 40 mg,0,0.0,,,,Sodium: Abnormally high,,"[{""units"":""Participants"",""counts"":[{""groupId"":""OG000"",""value"":""137""},{""groupId"":""OG001"",""value"":""31""},{""groupId"":""OG002"",""value"":""61""},{""groupId"":""OG003"",""value"":""52""}]}]"
NCT03227224,2,32,0,0,OG000,Placebo,0,0.0,,,,Triglycerides: Abnormally high,,"[{""units"":""Participants"",""counts"":[{""groupId"":""OG000"",""value"":""137""},{""groupId"":""OG001"",""value"":""31""},{""groupId"":""OG002"",""value"":""61""},{""groupId"":""OG003"",""value"":""52""}]}]"
NCT03227224,2,32,0,1,OG001,Seltorexant 10 mg,0,0.0,,,,Triglycerides: Abnormally high,,"[{""units"":""Participants"",""counts"":[{""groupId"":""OG000"",""value"":""137""},{""groupId"":""OG001"",""value"":""31""},{""groupId"":""OG002"",""value"":""61""},{""groupId"":""OG003"",""value"":""52""}]}]"
NCT03227224,2,32,0,2,OG002,Seltorexant 20 mg,0,0.0,,,,Triglycerides: Abnormally high,,"[{""units"":""Participants"",""counts"":[{""groupId"":""OG000"",""value"":""137""},{""groupId"":""OG001"",""value"":""31""},{""groupId"":""OG002"",""value"":""61""},{""groupId"":""OG003"",""value"":""52""}]}]"
NCT03227224,2,32,0,3,OG003,Seltorexant 40 mg,0,0.0,,,,Triglycerides: Abnormally high,,"[{""units"":""Participants"",""counts"":[{""groupId"":""OG000"",""value"":""137""},{""groupId"":""OG001"",""value"":""31""},{""groupId"":""OG002"",""value"":""61""},{""groupId"":""OG003"",""value"":""52""}]}]"
NCT03227224,2,33,0,0,OG000,Placebo,0,0.0,,,,Urate: Abnormally low,,"[{""units"":""Participants"",""counts"":[{""groupId"":""OG000"",""value"":""137""},{""groupId"":""OG001"",""value"":""31""},{""groupId"":""OG002"",""value"":""61""},{""groupId"":""OG003"",""value"":""52""}]}]"
NCT03227224,2,33,0,1,OG001,Seltorexant 10 mg,0,0.0,,,,Urate: Abnormally low,,"[{""units"":""Participants"",""counts"":[{""groupId"":""OG000"",""value"":""137""},{""groupId"":""OG001"",""value"":""31""},{""groupId"":""OG002"",""value"":""61""},{""groupId"":""OG003"",""value"":""52""}]}]"
NCT03227224,2,33,0,2,OG002,Seltorexant 20 mg,0,0.0,,,,Urate: Abnormally low,,"[{""units"":""Participants"",""counts"":[{""groupId"":""OG000"",""value"":""137""},{""groupId"":""OG001"",""value"":""31""},{""groupId"":""OG002"",""value"":""61""},{""groupId"":""OG003"",""value"":""52""}]}]"
NCT03227224,2,33,0,3,OG003,Seltorexant 40 mg,0,0.0,,,,Urate: Abnormally low,,"[{""units"":""Participants"",""counts"":[{""groupId"":""OG000"",""value"":""137""},{""groupId"":""OG001"",""value"":""31""},{""groupId"":""OG002"",""value"":""61""},{""groupId"":""OG003"",""value"":""52""}]}]"
NCT03227224,2,34,0,0,OG000,Placebo,0,0.0,,,,Urate: Abnormally high,,"[{""units"":""Participants"",""counts"":[{""groupId"":""OG000"",""value"":""137""},{""groupId"":""OG001"",""value"":""31""},{""groupId"":""OG002"",""value"":""61""},{""groupId"":""OG003"",""value"":""52""}]}]"
NCT03227224,2,34,0,1,OG001,Seltorexant 10 mg,0,0.0,,,,Urate: Abnormally high,,"[{""units"":""Participants"",""counts"":[{""groupId"":""OG000"",""value"":""137""},{""groupId"":""OG001"",""value"":""31""},{""groupId"":""OG002"",""value"":""61""},{""groupId"":""OG003"",""value"":""52""}]}]"
NCT03227224,2,34,0,2,OG002,Seltorexant 20 mg,5.0,5.0,,,,Urate: Abnormally high,,"[{""units"":""Participants"",""counts"":[{""groupId"":""OG000"",""value"":""137""},{""groupId"":""OG001"",""value"":""31""},{""groupId"":""OG002"",""value"":""61""},{""groupId"":""OG003"",""value"":""52""}]}]"
NCT03227224,2,34,0,3,OG003,Seltorexant 40 mg,1.9,1.9,,,,Urate: Abnormally high,,"[{""units"":""Participants"",""counts"":[{""groupId"":""OG000"",""value"":""137""},{""groupId"":""OG001"",""value"":""31""},{""groupId"":""OG002"",""value"":""61""},{""groupId"":""OG003"",""value"":""52""}]}]"
NCT03227224,2,35,0,0,OG000,Placebo,0,0.0,,,,Urea Nitrogen: Abnormally high,,"[{""units"":""Participants"",""counts"":[{""groupId"":""OG000"",""value"":""137""},{""groupId"":""OG001"",""value"":""31""},{""groupId"":""OG002"",""value"":""61""},{""groupId"":""OG003"",""value"":""52""}]}]"
NCT03227224,2,35,0,1,OG001,Seltorexant 10 mg,0,0.0,,,,Urea Nitrogen: Abnormally high,,"[{""units"":""Participants"",""counts"":[{""groupId"":""OG000"",""value"":""137""},{""groupId"":""OG001"",""value"":""31""},{""groupId"":""OG002"",""value"":""61""},{""groupId"":""OG003"",""value"":""52""}]}]"
NCT03227224,2,35,0,2,OG002,Seltorexant 20 mg,0,0.0,,,,Urea Nitrogen: Abnormally high,,"[{""units"":""Participants"",""counts"":[{""groupId"":""OG000"",""value"":""137""},{""groupId"":""OG001"",""value"":""31""},{""groupId"":""OG002"",""value"":""61""},{""groupId"":""OG003"",""value"":""52""}]}]"
NCT03227224,2,35,0,3,OG003,Seltorexant 40 mg,0,0.0,,,,Urea Nitrogen: Abnormally high,,"[{""units"":""Participants"",""counts"":[{""groupId"":""OG000"",""value"":""137""},{""groupId"":""OG001"",""value"":""31""},{""groupId"":""OG002"",""value"":""61""},{""groupId"":""OG003"",""value"":""52""}]}]"
NCT03227224,3,0,0,0,OG000,Placebo,-0.7,-0.7,6.29,,,Standing DBP,,"[{""units"":""Participants"",""counts"":[{""groupId"":""OG000"",""value"":""136""},{""groupId"":""OG001"",""value"":""32""},{""groupId"":""OG002"",""value"":""60""},{""groupId"":""OG003"",""value"":""52""}]}]"
NCT03227224,3,0,0,1,OG001,Seltorexant 10 mg,-0.5,-0.5,5.22,,,Standing DBP,,"[{""units"":""Participants"",""counts"":[{""groupId"":""OG000"",""value"":""136""},{""groupId"":""OG001"",""value"":""32""},{""groupId"":""OG002"",""value"":""60""},{""groupId"":""OG003"",""value"":""52""}]}]"
NCT03227224,3,0,0,2,OG002,Seltorexant 20 mg,0.7,0.7,5.86,,,Standing DBP,,"[{""units"":""Participants"",""counts"":[{""groupId"":""OG000"",""value"":""136""},{""groupId"":""OG001"",""value"":""32""},{""groupId"":""OG002"",""value"":""60""},{""groupId"":""OG003"",""value"":""52""}]}]"
NCT03227224,3,0,0,3,OG003,Seltorexant 40 mg,0.9,0.9,6.41,,,Standing DBP,,"[{""units"":""Participants"",""counts"":[{""groupId"":""OG000"",""value"":""136""},{""groupId"":""OG001"",""value"":""32""},{""groupId"":""OG002"",""value"":""60""},{""groupId"":""OG003"",""value"":""52""}]}]"
NCT03227224,3,1,0,0,OG000,Placebo,-0.4,-0.4,8.16,,,Standing SBP,,"[{""units"":""Participants"",""counts"":[{""groupId"":""OG000"",""value"":""136""},{""groupId"":""OG001"",""value"":""32""},{""groupId"":""OG002"",""value"":""60""},{""groupId"":""OG003"",""value"":""52""}]}]"
NCT03227224,3,1,0,1,OG001,Seltorexant 10 mg,-0.8,-0.8,7.19,,,Standing SBP,,"[{""units"":""Participants"",""counts"":[{""groupId"":""OG000"",""value"":""136""},{""groupId"":""OG001"",""value"":""32""},{""groupId"":""OG002"",""value"":""60""},{""groupId"":""OG003"",""value"":""52""}]}]"
NCT03227224,3,1,0,2,OG002,Seltorexant 20 mg,0.2,0.2,8.17,,,Standing SBP,,"[{""units"":""Participants"",""counts"":[{""groupId"":""OG000"",""value"":""136""},{""groupId"":""OG001"",""value"":""32""},{""groupId"":""OG002"",""value"":""60""},{""groupId"":""OG003"",""value"":""52""}]}]"
NCT03227224,3,1,0,3,OG003,Seltorexant 40 mg,0.3,0.3,9.71,,,Standing SBP,,"[{""units"":""Participants"",""counts"":[{""groupId"":""OG000"",""value"":""136""},{""groupId"":""OG001"",""value"":""32""},{""groupId"":""OG002"",""value"":""60""},{""groupId"":""OG003"",""value"":""52""}]}]"
NCT03227224,3,2,0,0,OG000,Placebo,-0.8,-0.8,6.32,,,Supine DBP,,"[{""units"":""Participants"",""counts"":[{""groupId"":""OG000"",""value"":""136""},{""groupId"":""OG001"",""value"":""32""},{""groupId"":""OG002"",""value"":""60""},{""groupId"":""OG003"",""value"":""52""}]}]"
NCT03227224,3,2,0,1,OG001,Seltorexant 10 mg,-0.9,-0.9,6.19,,,Supine DBP,,"[{""units"":""Participants"",""counts"":[{""groupId"":""OG000"",""value"":""136""},{""groupId"":""OG001"",""value"":""32""},{""groupId"":""OG002"",""value"":""60""},{""groupId"":""OG003"",""value"":""52""}]}]"
NCT03227224,3,2,0,2,OG002,Seltorexant 20 mg,2.3,2.3,6.14,,,Supine DBP,,"[{""units"":""Participants"",""counts"":[{""groupId"":""OG000"",""value"":""136""},{""groupId"":""OG001"",""value"":""32""},{""groupId"":""OG002"",""value"":""60""},{""groupId"":""OG003"",""value"":""52""}]}]"
NCT03227224,3,2,0,3,OG003,Seltorexant 40 mg,1.2,1.2,6.67,,,Supine DBP,,"[{""units"":""Participants"",""counts"":[{""groupId"":""OG000"",""value"":""136""},{""groupId"":""OG001"",""value"":""32""},{""groupId"":""OG002"",""value"":""60""},{""groupId"":""OG003"",""value"":""52""}]}]"
NCT03227224,3,3,0,0,OG000,Placebo,0.1,0.1,8.19,,,Supine SBP,,"[{""units"":""Participants"",""counts"":[{""groupId"":""OG000"",""value"":""136""},{""groupId"":""OG001"",""value"":""32""},{""groupId"":""OG002"",""value"":""60""},{""groupId"":""OG003"",""value"":""52""}]}]"
NCT03227224,3,3,0,1,OG001,Seltorexant 10 mg,1.6,1.6,6.56,,,Supine SBP,,"[{""units"":""Participants"",""counts"":[{""groupId"":""OG000"",""value"":""136""},{""groupId"":""OG001"",""value"":""32""},{""groupId"":""OG002"",""value"":""60""},{""groupId"":""OG003"",""value"":""52""}]}]"
NCT03227224,3,3,0,2,OG002,Seltorexant 20 mg,1.5,1.5,9.57,,,Supine SBP,,"[{""units"":""Participants"",""counts"":[{""groupId"":""OG000"",""value"":""136""},{""groupId"":""OG001"",""value"":""32""},{""groupId"":""OG002"",""value"":""60""},{""groupId"":""OG003"",""value"":""52""}]}]"
NCT03227224,3,3,0,3,OG003,Seltorexant 40 mg,0.5,0.5,10.19,,,Supine SBP,,"[{""units"":""Participants"",""counts"":[{""groupId"":""OG000"",""value"":""136""},{""groupId"":""OG001"",""value"":""32""},{""groupId"":""OG002"",""value"":""60""},{""groupId"":""OG003"",""value"":""52""}]}]"
NCT03227224,4,0,0,0,OG000,Placebo,0.0,0.0,6.67,,,Standing DBP,,"[{""units"":""Participants"",""counts"":[{""groupId"":""OG000"",""value"":""132""},{""groupId"":""OG001"",""value"":""29""},{""groupId"":""OG002"",""value"":""58""},{""groupId"":""OG003"",""value"":""49""}]}]"
NCT03227224,4,0,0,1,OG001,Seltorexant 10 mg,-1.2,-1.2,5.92,,,Standing DBP,,"[{""units"":""Participants"",""counts"":[{""groupId"":""OG000"",""value"":""132""},{""groupId"":""OG001"",""value"":""29""},{""groupId"":""OG002"",""value"":""58""},{""groupId"":""OG003"",""value"":""49""}]}]"
NCT03227224,4,0,0,2,OG002,Seltorexant 20 mg,-0.4,-0.4,6.90,,,Standing DBP,,"[{""units"":""Participants"",""counts"":[{""groupId"":""OG000"",""value"":""132""},{""groupId"":""OG001"",""value"":""29""},{""groupId"":""OG002"",""value"":""58""},{""groupId"":""OG003"",""value"":""49""}]}]"
NCT03227224,4,0,0,3,OG003,Seltorexant 40 mg,2.4,2.4,7.42,,,Standing DBP,,"[{""units"":""Participants"",""counts"":[{""groupId"":""OG000"",""value"":""132""},{""groupId"":""OG001"",""value"":""29""},{""groupId"":""OG002"",""value"":""58""},{""groupId"":""OG003"",""value"":""49""}]}]"
NCT03227224,4,1,0,0,OG000,Placebo,0.2,0.2,7.01,,,Standing SBP,,"[{""units"":""Participants"",""counts"":[{""groupId"":""OG000"",""value"":""132""},{""groupId"":""OG001"",""value"":""29""},{""groupId"":""OG002"",""value"":""58""},{""groupId"":""OG003"",""value"":""49""}]}]"
NCT03227224,4,1,0,1,OG001,Seltorexant 10 mg,-1.2,-1.2,6.55,,,Standing SBP,,"[{""units"":""Participants"",""counts"":[{""groupId"":""OG000"",""value"":""132""},{""groupId"":""OG001"",""value"":""29""},{""groupId"":""OG002"",""value"":""58""},{""groupId"":""OG003"",""value"":""49""}]}]"
NCT03227224,4,1,0,2,OG002,Seltorexant 20 mg,-2.7,-2.7,9.62,,,Standing SBP,,"[{""units"":""Participants"",""counts"":[{""groupId"":""OG000"",""value"":""132""},{""groupId"":""OG001"",""value"":""29""},{""groupId"":""OG002"",""value"":""58""},{""groupId"":""OG003"",""value"":""49""}]}]"
NCT03227224,4,1,0,3,OG003,Seltorexant 40 mg,1.6,1.6,11.29,,,Standing SBP,,"[{""units"":""Participants"",""counts"":[{""groupId"":""OG000"",""value"":""132""},{""groupId"":""OG001"",""value"":""29""},{""groupId"":""OG002"",""value"":""58""},{""groupId"":""OG003"",""value"":""49""}]}]"
NCT03227224,4,2,0,0,OG000,Placebo,-0.4,-0.4,6.81,,,Supine DBP,,"[{""units"":""Participants"",""counts"":[{""groupId"":""OG000"",""value"":""132""},{""groupId"":""OG001"",""value"":""29""},{""groupId"":""OG002"",""value"":""58""},{""groupId"":""OG003"",""value"":""49""}]}]"
NCT03227224,4,2,0,1,OG001,Seltorexant 10 mg,-1.8,-1.8,6.7,,,Supine DBP,,"[{""units"":""Participants"",""counts"":[{""groupId"":""OG000"",""value"":""132""},{""groupId"":""OG001"",""value"":""29""},{""groupId"":""OG002"",""value"":""58""},{""groupId"":""OG003"",""value"":""49""}]}]"
NCT03227224,4,2,0,2,OG002,Seltorexant 20 mg,-0.2,-0.2,7.41,,,Supine DBP,,"[{""units"":""Participants"",""counts"":[{""groupId"":""OG000"",""value"":""132""},{""groupId"":""OG001"",""value"":""29""},{""groupId"":""OG002"",""value"":""58""},{""groupId"":""OG003"",""value"":""49""}]}]"
NCT03227224,4,2,0,3,OG003,Seltorexant 40 mg,2.6,2.6,6.81,,,Supine DBP,,"[{""units"":""Participants"",""counts"":[{""groupId"":""OG000"",""value"":""132""},{""groupId"":""OG001"",""value"":""29""},{""groupId"":""OG002"",""value"":""58""},{""groupId"":""OG003"",""value"":""49""}]}]"
NCT03227224,4,3,0,0,OG000,Placebo,0.8,0.8,8.14,,,Supine SBP,,"[{""units"":""Participants"",""counts"":[{""groupId"":""OG000"",""value"":""132""},{""groupId"":""OG001"",""value"":""29""},{""groupId"":""OG002"",""value"":""58""},{""groupId"":""OG003"",""value"":""49""}]}]"
NCT03227224,4,3,0,1,OG001,Seltorexant 10 mg,0.3,0.3,4.76,,,Supine SBP,,"[{""units"":""Participants"",""counts"":[{""groupId"":""OG000"",""value"":""132""},{""groupId"":""OG001"",""value"":""29""},{""groupId"":""OG002"",""value"":""58""},{""groupId"":""OG003"",""value"":""49""}]}]"
NCT03227224,4,3,0,2,OG002,Seltorexant 20 mg,-0.9,-0.9,10.78,,,Supine SBP,,"[{""units"":""Participants"",""counts"":[{""groupId"":""OG000"",""value"":""132""},{""groupId"":""OG001"",""value"":""29""},{""groupId"":""OG002"",""value"":""58""},{""groupId"":""OG003"",""value"":""49""}]}]"
NCT03227224,4,3,0,3,OG003,Seltorexant 40 mg,2.2,2.2,10.08,,,Supine SBP,,"[{""units"":""Participants"",""counts"":[{""groupId"":""OG000"",""value"":""132""},{""groupId"":""OG001"",""value"":""29""},{""groupId"":""OG002"",""value"":""58""},{""groupId"":""OG003"",""value"":""49""}]}]"
NCT03227224,5,0,0,0,OG000,Placebo,-0.5,-0.5,6.22,,,Standing DBP,,"[{""units"":""Participants"",""counts"":[{""groupId"":""OG000"",""value"":""126""},{""groupId"":""OG001"",""value"":""28""},{""groupId"":""OG002"",""value"":""56""},{""groupId"":""OG003"",""value"":""48""}]}]"
NCT03227224,5,0,0,1,OG001,Seltorexant 10 mg,0.3,0.3,9.16,,,Standing DBP,,"[{""units"":""Participants"",""counts"":[{""groupId"":""OG000"",""value"":""126""},{""groupId"":""OG001"",""value"":""28""},{""groupId"":""OG002"",""value"":""56""},{""groupId"":""OG003"",""value"":""48""}]}]"
NCT03227224,5,0,0,2,OG002,Seltorexant 20 mg,-0.8,-0.8,6.75,,,Standing DBP,,"[{""units"":""Participants"",""counts"":[{""groupId"":""OG000"",""value"":""126""},{""groupId"":""OG001"",""value"":""28""},{""groupId"":""OG002"",""value"":""56""},{""groupId"":""OG003"",""value"":""48""}]}]"
NCT03227224,5,0,0,3,OG003,Seltorexant 40 mg,2.9,2.9,7.96,,,Standing DBP,,"[{""units"":""Participants"",""counts"":[{""groupId"":""OG000"",""value"":""126""},{""groupId"":""OG001"",""value"":""28""},{""groupId"":""OG002"",""value"":""56""},{""groupId"":""OG003"",""value"":""48""}]}]"
NCT03227224,5,1,0,0,OG000,Placebo,-0.5,-0.5,7.99,,,Standing SBP,,"[{""units"":""Participants"",""counts"":[{""groupId"":""OG000"",""value"":""126""},{""groupId"":""OG001"",""value"":""28""},{""groupId"":""OG002"",""value"":""56""},{""groupId"":""OG003"",""value"":""48""}]}]"
NCT03227224,5,1,0,1,OG001,Seltorexant 10 mg,1.1,1.1,7.92,,,Standing SBP,,"[{""units"":""Participants"",""counts"":[{""groupId"":""OG000"",""value"":""126""},{""groupId"":""OG001"",""value"":""28""},{""groupId"":""OG002"",""value"":""56""},{""groupId"":""OG003"",""value"":""48""}]}]"
NCT03227224,5,1,0,2,OG002,Seltorexant 20 mg,-3.2,-3.2,10.57,,,Standing SBP,,"[{""units"":""Participants"",""counts"":[{""groupId"":""OG000"",""value"":""126""},{""groupId"":""OG001"",""value"":""28""},{""groupId"":""OG002"",""value"":""56""},{""groupId"":""OG003"",""value"":""48""}]}]"
NCT03227224,5,1,0,3,OG003,Seltorexant 40 mg,2.0,2.0,9.9,,,Standing SBP,,"[{""units"":""Participants"",""counts"":[{""groupId"":""OG000"",""value"":""126""},{""groupId"":""OG001"",""value"":""28""},{""groupId"":""OG002"",""value"":""56""},{""groupId"":""OG003"",""value"":""48""}]}]"
NCT03227224,5,2,0,0,OG000,Placebo,-0.6,-0.6,7.1,,,Supine DBP,,"[{""units"":""Participants"",""counts"":[{""groupId"":""OG000"",""value"":""126""},{""groupId"":""OG001"",""value"":""28""},{""groupId"":""OG002"",""value"":""56""},{""groupId"":""OG003"",""value"":""48""}]}]"
NCT03227224,5,2,0,1,OG001,Seltorexant 10 mg,-1.6,-1.6,9.23,,,Supine DBP,,"[{""units"":""Participants"",""counts"":[{""groupId"":""OG000"",""value"":""126""},{""groupId"":""OG001"",""value"":""28""},{""groupId"":""OG002"",""value"":""56""},{""groupId"":""OG003"",""value"":""48""}]}]"
NCT03227224,5,2,0,2,OG002,Seltorexant 20 mg,0.0,0.0,8.31,,,Supine DBP,,"[{""units"":""Participants"",""counts"":[{""groupId"":""OG000"",""value"":""126""},{""groupId"":""OG001"",""value"":""28""},{""groupId"":""OG002"",""value"":""56""},{""groupId"":""OG003"",""value"":""48""}]}]"
NCT03227224,5,2,0,3,OG003,Seltorexant 40 mg,2.1,2.1,7.5,,,Supine DBP,,"[{""units"":""Participants"",""counts"":[{""groupId"":""OG000"",""value"":""126""},{""groupId"":""OG001"",""value"":""28""},{""groupId"":""OG002"",""value"":""56""},{""groupId"":""OG003"",""value"":""48""}]}]"
NCT03227224,5,3,0,0,OG000,Placebo,0.6,0.6,8.88,,,Supine SBP,,"[{""units"":""Participants"",""counts"":[{""groupId"":""OG000"",""value"":""126""},{""groupId"":""OG001"",""value"":""28""},{""groupId"":""OG002"",""value"":""56""},{""groupId"":""OG003"",""value"":""48""}]}]"
NCT03227224,5,3,0,1,OG001,Seltorexant 10 mg,-0.5,-0.5,10.00,,,Supine SBP,,"[{""units"":""Participants"",""counts"":[{""groupId"":""OG000"",""value"":""126""},{""groupId"":""OG001"",""value"":""28""},{""groupId"":""OG002"",""value"":""56""},{""groupId"":""OG003"",""value"":""48""}]}]"
NCT03227224,5,3,0,2,OG002,Seltorexant 20 mg,-1.3,-1.3,10.85,,,Supine SBP,,"[{""units"":""Participants"",""counts"":[{""groupId"":""OG000"",""value"":""126""},{""groupId"":""OG001"",""value"":""28""},{""groupId"":""OG002"",""value"":""56""},{""groupId"":""OG003"",""value"":""48""}]}]"
NCT03227224,5,3,0,3,OG003,Seltorexant 40 mg,1.9,1.9,8.35,,,Supine SBP,,"[{""units"":""Participants"",""counts"":[{""groupId"":""OG000"",""value"":""126""},{""groupId"":""OG001"",""value"":""28""},{""groupId"":""OG002"",""value"":""56""},{""groupId"":""OG003"",""value"":""48""}]}]"
NCT03227224,6,0,0,0,OG000,Placebo,-0.3,-0.3,6.29,,,Standing DBP,,"[{""units"":""Participants"",""counts"":[{""groupId"":""OG000"",""value"":""136""},{""groupId"":""OG001"",""value"":""32""},{""groupId"":""OG002"",""value"":""60""},{""groupId"":""OG003"",""value"":""52""}]}]"
NCT03227224,6,0,0,1,OG001,Seltorexant 10 mg,0.6,0.6,8.98,,,Standing DBP,,"[{""units"":""Participants"",""counts"":[{""groupId"":""OG000"",""value"":""136""},{""groupId"":""OG001"",""value"":""32""},{""groupId"":""OG002"",""value"":""60""},{""groupId"":""OG003"",""value"":""52""}]}]"
NCT03227224,6,0,0,2,OG002,Seltorexant 20 mg,-0.6,-0.6,6.78,,,Standing DBP,,"[{""units"":""Participants"",""counts"":[{""groupId"":""OG000"",""value"":""136""},{""groupId"":""OG001"",""value"":""32""},{""groupId"":""OG002"",""value"":""60""},{""groupId"":""OG003"",""value"":""52""}]}]"
NCT03227224,6,0,0,3,OG003,Seltorexant 40 mg,2.8,2.8,7.79,,,Standing DBP,,"[{""units"":""Participants"",""counts"":[{""groupId"":""OG000"",""value"":""136""},{""groupId"":""OG001"",""value"":""32""},{""groupId"":""OG002"",""value"":""60""},{""groupId"":""OG003"",""value"":""52""}]}]"
NCT03227224,6,1,0,0,OG000,Placebo,-0.3,-0.3,8.33,,,Standing SBP,,"[{""units"":""Participants"",""counts"":[{""groupId"":""OG000"",""value"":""136""},{""groupId"":""OG001"",""value"":""32""},{""groupId"":""OG002"",""value"":""60""},{""groupId"":""OG003"",""value"":""52""}]}]"
NCT03227224,6,1,0,1,OG001,Seltorexant 10 mg,1.0,1.0,7.42,,,Standing SBP,,"[{""units"":""Participants"",""counts"":[{""groupId"":""OG000"",""value"":""136""},{""groupId"":""OG001"",""value"":""32""},{""groupId"":""OG002"",""value"":""60""},{""groupId"":""OG003"",""value"":""52""}]}]"
NCT03227224,6,1,0,2,OG002,Seltorexant 20 mg,-3.1,-3.1,10.29,,,Standing SBP,,"[{""units"":""Participants"",""counts"":[{""groupId"":""OG000"",""value"":""136""},{""groupId"":""OG001"",""value"":""32""},{""groupId"":""OG002"",""value"":""60""},{""groupId"":""OG003"",""value"":""52""}]}]"
NCT03227224,6,1,0,3,OG003,Seltorexant 40 mg,1.8,1.8,9.89,,,Standing SBP,,"[{""units"":""Participants"",""counts"":[{""groupId"":""OG000"",""value"":""136""},{""groupId"":""OG001"",""value"":""32""},{""groupId"":""OG002"",""value"":""60""},{""groupId"":""OG003"",""value"":""52""}]}]"
NCT03227224,6,2,0,0,OG000,Placebo,-0.4,-0.4,7.08,,,Supine DBP,,"[{""units"":""Participants"",""counts"":[{""groupId"":""OG000"",""value"":""136""},{""groupId"":""OG001"",""value"":""32""},{""groupId"":""OG002"",""value"":""60""},{""groupId"":""OG003"",""value"":""52""}]}]"
NCT03227224,6,2,0,1,OG001,Seltorexant 10 mg,-1.4,-1.4,9.34,,,Supine DBP,,"[{""units"":""Participants"",""counts"":[{""groupId"":""OG000"",""value"":""136""},{""groupId"":""OG001"",""value"":""32""},{""groupId"":""OG002"",""value"":""60""},{""groupId"":""OG003"",""value"":""52""}]}]"
NCT03227224,6,2,0,2,OG002,Seltorexant 20 mg,0.2,0.2,8.35,,,Supine DBP,,"[{""units"":""Participants"",""counts"":[{""groupId"":""OG000"",""value"":""136""},{""groupId"":""OG001"",""value"":""32""},{""groupId"":""OG002"",""value"":""60""},{""groupId"":""OG003"",""value"":""52""}]}]"
NCT03227224,6,2,0,3,OG003,Seltorexant 40 mg,2.3,2.3,7.39,,,Supine DBP,,"[{""units"":""Participants"",""counts"":[{""groupId"":""OG000"",""value"":""136""},{""groupId"":""OG001"",""value"":""32""},{""groupId"":""OG002"",""value"":""60""},{""groupId"":""OG003"",""value"":""52""}]}]"
NCT03227224,6,3,0,0,OG000,Placebo,0.6,0.6,8.81,,,Supine SBP,,"[{""units"":""Participants"",""counts"":[{""groupId"":""OG000"",""value"":""136""},{""groupId"":""OG001"",""value"":""32""},{""groupId"":""OG002"",""value"":""60""},{""groupId"":""OG003"",""value"":""52""}]}]"
NCT03227224,6,3,0,1,OG001,Seltorexant 10 mg,-0.3,-0.3,9.38,,,Supine SBP,,"[{""units"":""Participants"",""counts"":[{""groupId"":""OG000"",""value"":""136""},{""groupId"":""OG001"",""value"":""32""},{""groupId"":""OG002"",""value"":""60""},{""groupId"":""OG003"",""value"":""52""}]}]"
NCT03227224,6,3,0,2,OG002,Seltorexant 20 mg,-1.4,-1.4,10.52,,,Supine SBP,,"[{""units"":""Participants"",""counts"":[{""groupId"":""OG000"",""value"":""136""},{""groupId"":""OG001"",""value"":""32""},{""groupId"":""OG002"",""value"":""60""},{""groupId"":""OG003"",""value"":""52""}]}]"
NCT03227224,6,3,0,3,OG003,Seltorexant 40 mg,1.6,1.6,8.58,,,Supine SBP,,"[{""units"":""Participants"",""counts"":[{""groupId"":""OG000"",""value"":""136""},{""groupId"":""OG001"",""value"":""32""},{""groupId"":""OG002"",""value"":""60""},{""groupId"":""OG003"",""value"":""52""}]}]"
NCT03227224,7,0,0,0,OG000,Placebo,-0.1,-0.1,7.95,,,Standing PR,,"[{""units"":""Participants"",""counts"":[{""groupId"":""OG000"",""value"":""136""},{""groupId"":""OG001"",""value"":""32""},{""groupId"":""OG002"",""value"":""60""},{""groupId"":""OG003"",""value"":""52""}]}]"
NCT03227224,7,0,0,1,OG001,Seltorexant 10 mg,-0.7,-0.7,7.07,,,Standing PR,,"[{""units"":""Participants"",""counts"":[{""groupId"":""OG000"",""value"":""136""},{""groupId"":""OG001"",""value"":""32""},{""groupId"":""OG002"",""value"":""60""},{""groupId"":""OG003"",""value"":""52""}]}]"
NCT03227224,7,0,0,2,OG002,Seltorexant 20 mg,0.9,0.9,9.17,,,Standing PR,,"[{""units"":""Participants"",""counts"":[{""groupId"":""OG000"",""value"":""136""},{""groupId"":""OG001"",""value"":""32""},{""groupId"":""OG002"",""value"":""60""},{""groupId"":""OG003"",""value"":""52""}]}]"
NCT03227224,7,0,0,3,OG003,Seltorexant 40 mg,1.3,1.3,9.21,,,Standing PR,,"[{""units"":""Participants"",""counts"":[{""groupId"":""OG000"",""value"":""136""},{""groupId"":""OG001"",""value"":""32""},{""groupId"":""OG002"",""value"":""60""},{""groupId"":""OG003"",""value"":""52""}]}]"
NCT03227224,7,1,0,0,OG000,Placebo,0,0.0,7.15,,,Supine PR,,"[{""units"":""Participants"",""counts"":[{""groupId"":""OG000"",""value"":""136""},{""groupId"":""OG001"",""value"":""32""},{""groupId"":""OG002"",""value"":""60""},{""groupId"":""OG003"",""value"":""52""}]}]"
NCT03227224,7,1,0,1,OG001,Seltorexant 10 mg,-1.2,-1.2,7.16,,,Supine PR,,"[{""units"":""Participants"",""counts"":[{""groupId"":""OG000"",""value"":""136""},{""groupId"":""OG001"",""value"":""32""},{""groupId"":""OG002"",""value"":""60""},{""groupId"":""OG003"",""value"":""52""}]}]"
NCT03227224,7,1,0,2,OG002,Seltorexant 20 mg,0.5,0.5,6.23,,,Supine PR,,"[{""units"":""Participants"",""counts"":[{""groupId"":""OG000"",""value"":""136""},{""groupId"":""OG001"",""value"":""32""},{""groupId"":""OG002"",""value"":""60""},{""groupId"":""OG003"",""value"":""52""}]}]"
NCT03227224,7,1,0,3,OG003,Seltorexant 40 mg,1.7,1.7,9.32,,,Supine PR,,"[{""units"":""Participants"",""counts"":[{""groupId"":""OG000"",""value"":""136""},{""groupId"":""OG001"",""value"":""32""},{""groupId"":""OG002"",""value"":""60""},{""groupId"":""OG003"",""value"":""52""}]}]"
NCT03227224,8,0,0,0,OG000,Placebo,1.4,1.4,7.57,,,Standing PR,,"[{""units"":""Participants"",""counts"":[{""groupId"":""OG000"",""value"":""132""},{""groupId"":""OG001"",""value"":""29""},{""groupId"":""OG002"",""value"":""58""},{""groupId"":""OG003"",""value"":""49""}]}]"
NCT03227224,8,0,0,1,OG001,Seltorexant 10 mg,0.7,0.7,7.36,,,Standing PR,,"[{""units"":""Participants"",""counts"":[{""groupId"":""OG000"",""value"":""132""},{""groupId"":""OG001"",""value"":""29""},{""groupId"":""OG002"",""value"":""58""},{""groupId"":""OG003"",""value"":""49""}]}]"
NCT03227224,8,0,0,2,OG002,Seltorexant 20 mg,1.5,1.5,8.27,,,Standing PR,,"[{""units"":""Participants"",""counts"":[{""groupId"":""OG000"",""value"":""132""},{""groupId"":""OG001"",""value"":""29""},{""groupId"":""OG002"",""value"":""58""},{""groupId"":""OG003"",""value"":""49""}]}]"
NCT03227224,8,0,0,3,OG003,Seltorexant 40 mg,0.3,0.3,9.59,,,Standing PR,,"[{""units"":""Participants"",""counts"":[{""groupId"":""OG000"",""value"":""132""},{""groupId"":""OG001"",""value"":""29""},{""groupId"":""OG002"",""value"":""58""},{""groupId"":""OG003"",""value"":""49""}]}]"
NCT03227224,8,1,0,0,OG000,Placebo,1.5,1.5,7.61,,,Supine PR,,"[{""units"":""Participants"",""counts"":[{""groupId"":""OG000"",""value"":""132""},{""groupId"":""OG001"",""value"":""29""},{""groupId"":""OG002"",""value"":""58""},{""groupId"":""OG003"",""value"":""49""}]}]"
NCT03227224,8,1,0,1,OG001,Seltorexant 10 mg,-0.7,-0.7,7.31,,,Supine PR,,"[{""units"":""Participants"",""counts"":[{""groupId"":""OG000"",""value"":""132""},{""groupId"":""OG001"",""value"":""29""},{""groupId"":""OG002"",""value"":""58""},{""groupId"":""OG003"",""value"":""49""}]}]"
NCT03227224,8,1,0,2,OG002,Seltorexant 20 mg,2.8,2.8,7.94,,,Supine PR,,"[{""units"":""Participants"",""counts"":[{""groupId"":""OG000"",""value"":""132""},{""groupId"":""OG001"",""value"":""29""},{""groupId"":""OG002"",""value"":""58""},{""groupId"":""OG003"",""value"":""49""}]}]"
NCT03227224,8,1,0,3,OG003,Seltorexant 40 mg,0.9,0.9,10.55,,,Supine PR,,"[{""units"":""Participants"",""counts"":[{""groupId"":""OG000"",""value"":""132""},{""groupId"":""OG001"",""value"":""29""},{""groupId"":""OG002"",""value"":""58""},{""groupId"":""OG003"",""value"":""49""}]}]"
NCT03227224,9,0,0,0,OG000,Placebo,0.8,0.8,7.99,,,Standing PR,,"[{""units"":""Participants"",""counts"":[{""groupId"":""OG000"",""value"":""126""},{""groupId"":""OG001"",""value"":""28""},{""groupId"":""OG002"",""value"":""56""},{""groupId"":""OG003"",""value"":""48""}]}]"
NCT03227224,9,0,0,1,OG001,Seltorexant 10 mg,-1.4,-1.4,9.35,,,Standing PR,,"[{""units"":""Participants"",""counts"":[{""groupId"":""OG000"",""value"":""126""},{""groupId"":""OG001"",""value"":""28""},{""groupId"":""OG002"",""value"":""56""},{""groupId"":""OG003"",""value"":""48""}]}]"
NCT03227224,9,0,0,2,OG002,Seltorexant 20 mg,1.5,1.5,8.99,,,Standing PR,,"[{""units"":""Participants"",""counts"":[{""groupId"":""OG000"",""value"":""126""},{""groupId"":""OG001"",""value"":""28""},{""groupId"":""OG002"",""value"":""56""},{""groupId"":""OG003"",""value"":""48""}]}]"
NCT03227224,9,0,0,3,OG003,Seltorexant 40 mg,-0.6,-0.6,9.04,,,Standing PR,,"[{""units"":""Participants"",""counts"":[{""groupId"":""OG000"",""value"":""126""},{""groupId"":""OG001"",""value"":""28""},{""groupId"":""OG002"",""value"":""56""},{""groupId"":""OG003"",""value"":""48""}]}]"
NCT03227224,9,1,0,0,OG000,Placebo,0.3,0.3,8.16,,,Supine PR,,"[{""units"":""Participants"",""counts"":[{""groupId"":""OG000"",""value"":""126""},{""groupId"":""OG001"",""value"":""28""},{""groupId"":""OG002"",""value"":""56""},{""groupId"":""OG003"",""value"":""48""}]}]"
NCT03227224,9,1,0,1,OG001,Seltorexant 10 mg,-2.8,-2.8,8.67,,,Supine PR,,"[{""units"":""Participants"",""counts"":[{""groupId"":""OG000"",""value"":""126""},{""groupId"":""OG001"",""value"":""28""},{""groupId"":""OG002"",""value"":""56""},{""groupId"":""OG003"",""value"":""48""}]}]"
NCT03227224,9,1,0,2,OG002,Seltorexant 20 mg,2.4,2.4,9.01,,,Supine PR,,"[{""units"":""Participants"",""counts"":[{""groupId"":""OG000"",""value"":""126""},{""groupId"":""OG001"",""value"":""28""},{""groupId"":""OG002"",""value"":""56""},{""groupId"":""OG003"",""value"":""48""}]}]"
NCT03227224,9,1,0,3,OG003,Seltorexant 40 mg,-0.6,-0.6,9.71,,,Supine PR,,"[{""units"":""Participants"",""counts"":[{""groupId"":""OG000"",""value"":""126""},{""groupId"":""OG001"",""value"":""28""},{""groupId"":""OG002"",""value"":""56""},{""groupId"":""OG003"",""value"":""48""}]}]"
NCT03227224,10,0,0,0,OG000,Placebo,0.4,0.4,8.4,,,Standing PR,,"[{""units"":""Participants"",""counts"":[{""groupId"":""OG000"",""value"":""136""},{""groupId"":""OG001"",""value"":""32""},{""groupId"":""OG002"",""value"":""60""},{""groupId"":""OG003"",""value"":""52""}]}]"
NCT03227224,10,0,0,1,OG001,Seltorexant 10 mg,-1.6,-1.6,9.27,,,Standing PR,,"[{""units"":""Participants"",""counts"":[{""groupId"":""OG000"",""value"":""136""},{""groupId"":""OG001"",""value"":""32""},{""groupId"":""OG002"",""value"":""60""},{""groupId"":""OG003"",""value"":""52""}]}]"
NCT03227224,10,0,0,2,OG002,Seltorexant 20 mg,2.1,2.1,9.34,,,Standing PR,,"[{""units"":""Participants"",""counts"":[{""groupId"":""OG000"",""value"":""136""},{""groupId"":""OG001"",""value"":""32""},{""groupId"":""OG002"",""value"":""60""},{""groupId"":""OG003"",""value"":""52""}]}]"
NCT03227224,10,0,0,3,OG003,Seltorexant 40 mg,-0.5,-0.5,9.11,,,Standing PR,,"[{""units"":""Participants"",""counts"":[{""groupId"":""OG000"",""value"":""136""},{""groupId"":""OG001"",""value"":""32""},{""groupId"":""OG002"",""value"":""60""},{""groupId"":""OG003"",""value"":""52""}]}]"
NCT03227224,10,1,0,0,OG000,Placebo,0.2,0.2,8.16,,,Supine PR,,"[{""units"":""Participants"",""counts"":[{""groupId"":""OG000"",""value"":""136""},{""groupId"":""OG001"",""value"":""32""},{""groupId"":""OG002"",""value"":""60""},{""groupId"":""OG003"",""value"":""52""}]}]"
NCT03227224,10,1,0,1,OG001,Seltorexant 10 mg,-2.4,-2.4,8.97,,,Supine PR,,"[{""units"":""Participants"",""counts"":[{""groupId"":""OG000"",""value"":""136""},{""groupId"":""OG001"",""value"":""32""},{""groupId"":""OG002"",""value"":""60""},{""groupId"":""OG003"",""value"":""52""}]}]"
NCT03227224,10,1,0,2,OG002,Seltorexant 20 mg,2.4,2.4,8.78,,,Supine PR,,"[{""units"":""Participants"",""counts"":[{""groupId"":""OG000"",""value"":""136""},{""groupId"":""OG001"",""value"":""32""},{""groupId"":""OG002"",""value"":""60""},{""groupId"":""OG003"",""value"":""52""}]}]"
NCT03227224,10,1,0,3,OG003,Seltorexant 40 mg,-0.5,-0.5,9.60,,,Supine PR,,"[{""units"":""Participants"",""counts"":[{""groupId"":""OG000"",""value"":""136""},{""groupId"":""OG001"",""value"":""32""},{""groupId"":""OG002"",""value"":""60""},{""groupId"":""OG003"",""value"":""52""}]}]"
NCT03227224,11,0,0,0,OG000,Placebo,-0.01,-0.01,0.324,,,,,"[{""units"":""Participants"",""counts"":[{""groupId"":""OG000"",""value"":""136""},{""groupId"":""OG001"",""value"":""32""},{""groupId"":""OG002"",""value"":""60""},{""groupId"":""OG003"",""value"":""52""}]}]"
NCT03227224,11,0,0,1,OG001,Seltorexant 10 mg,-0.05,-0.05,0.274,,,,,"[{""units"":""Participants"",""counts"":[{""groupId"":""OG000"",""value"":""136""},{""groupId"":""OG001"",""value"":""32""},{""groupId"":""OG002"",""value"":""60""},{""groupId"":""OG003"",""value"":""52""}]}]"
NCT03227224,11,0,0,2,OG002,Seltorexant 20 mg,0.02,0.02,0.278,,,,,"[{""units"":""Participants"",""counts"":[{""groupId"":""OG000"",""value"":""136""},{""groupId"":""OG001"",""value"":""32""},{""groupId"":""OG002"",""value"":""60""},{""groupId"":""OG003"",""value"":""52""}]}]"
NCT03227224,11,0,0,3,OG003,Seltorexant 40 mg,0.06,0.06,0.300,,,,,"[{""units"":""Participants"",""counts"":[{""groupId"":""OG000"",""value"":""136""},{""groupId"":""OG001"",""value"":""32""},{""groupId"":""OG002"",""value"":""60""},{""groupId"":""OG003"",""value"":""52""}]}]"
NCT03227224,12,0,0,0,OG000,Placebo,-0.02,-0.02,0.299,,,,,"[{""units"":""Participants"",""counts"":[{""groupId"":""OG000"",""value"":""132""},{""groupId"":""OG001"",""value"":""29""},{""groupId"":""OG002"",""value"":""58""},{""groupId"":""OG003"",""value"":""48""}]}]"
NCT03227224,12,0,0,1,OG001,Seltorexant 10 mg,-0.01,-0.01,0.242,,,,,"[{""units"":""Participants"",""counts"":[{""groupId"":""OG000"",""value"":""132""},{""groupId"":""OG001"",""value"":""29""},{""groupId"":""OG002"",""value"":""58""},{""groupId"":""OG003"",""value"":""48""}]}]"
NCT03227224,12,0,0,2,OG002,Seltorexant 20 mg,-0.02,-0.02,0.332,,,,,"[{""units"":""Participants"",""counts"":[{""groupId"":""OG000"",""value"":""132""},{""groupId"":""OG001"",""value"":""29""},{""groupId"":""OG002"",""value"":""58""},{""groupId"":""OG003"",""value"":""48""}]}]"
NCT03227224,12,0,0,3,OG003,Seltorexant 40 mg,0.02,0.02,0.392,,,,,"[{""units"":""Participants"",""counts"":[{""groupId"":""OG000"",""value"":""132""},{""groupId"":""OG001"",""value"":""29""},{""groupId"":""OG002"",""value"":""58""},{""groupId"":""OG003"",""value"":""48""}]}]"
NCT03227224,13,0,0,0,OG000,Placebo,0.02,0.02,0.326,,,,,"[{""units"":""Participants"",""counts"":[{""groupId"":""OG000"",""value"":""126""},{""groupId"":""OG001"",""value"":""28""},{""groupId"":""OG002"",""value"":""56""},{""groupId"":""OG003"",""value"":""48""}]}]"
NCT03227224,13,0,0,1,OG001,Seltorexant 10 mg,-0.04,-0.04,0.291,,,,,"[{""units"":""Participants"",""counts"":[{""groupId"":""OG000"",""value"":""126""},{""groupId"":""OG001"",""value"":""28""},{""groupId"":""OG002"",""value"":""56""},{""groupId"":""OG003"",""value"":""48""}]}]"
NCT03227224,13,0,0,2,OG002,Seltorexant 20 mg,-0.05,-0.05,0.223,,,,,"[{""units"":""Participants"",""counts"":[{""groupId"":""OG000"",""value"":""126""},{""groupId"":""OG001"",""value"":""28""},{""groupId"":""OG002"",""value"":""56""},{""groupId"":""OG003"",""value"":""48""}]}]"
NCT03227224,13,0,0,3,OG003,Seltorexant 40 mg,0.05,0.05,0.445,,,,,"[{""units"":""Participants"",""counts"":[{""groupId"":""OG000"",""value"":""126""},{""groupId"":""OG001"",""value"":""28""},{""groupId"":""OG002"",""value"":""56""},{""groupId"":""OG003"",""value"":""48""}]}]"
NCT03227224,14,0,0,0,OG000,Placebo,0.02,0.02,0.317,,,,,"[{""units"":""Participants"",""counts"":[{""groupId"":""OG000"",""value"":""136""},{""groupId"":""OG001"",""value"":""32""},{""groupId"":""OG002"",""value"":""60""},{""groupId"":""OG003"",""value"":""52""}]}]"
NCT03227224,14,0,0,1,OG001,Seltorexant 10 mg,-0.03,-0.03,0.276,,,,,"[{""units"":""Participants"",""counts"":[{""groupId"":""OG000"",""value"":""136""},{""groupId"":""OG001"",""value"":""32""},{""groupId"":""OG002"",""value"":""60""},{""groupId"":""OG003"",""value"":""52""}]}]"
NCT03227224,14,0,0,2,OG002,Seltorexant 20 mg,-0.06,-0.06,0.242,,,,,"[{""units"":""Participants"",""counts"":[{""groupId"":""OG000"",""value"":""136""},{""groupId"":""OG001"",""value"":""32""},{""groupId"":""OG002"",""value"":""60""},{""groupId"":""OG003"",""value"":""52""}]}]"
NCT03227224,14,0,0,3,OG003,Seltorexant 40 mg,0.06,0.06,0.437,,,,,"[{""units"":""Participants"",""counts"":[{""groupId"":""OG000"",""value"":""136""},{""groupId"":""OG001"",""value"":""32""},{""groupId"":""OG002"",""value"":""60""},{""groupId"":""OG003"",""value"":""52""}]}]"
NCT03227224,15,0,0,0,OG000,Placebo,0.31,0.31,2.778,,,,,"[{""units"":""Participants"",""counts"":[{""groupId"":""OG000"",""value"":""134""},{""groupId"":""OG001"",""value"":""32""},{""groupId"":""OG002"",""value"":""58""},{""groupId"":""OG003"",""value"":""51""}]}]"
NCT03227224,15,0,0,1,OG001,Seltorexant 10 mg,-0.50,-0.5,1.972,,,,,"[{""units"":""Participants"",""counts"":[{""groupId"":""OG000"",""value"":""134""},{""groupId"":""OG001"",""value"":""32""},{""groupId"":""OG002"",""value"":""58""},{""groupId"":""OG003"",""value"":""51""}]}]"
NCT03227224,15,0,0,2,OG002,Seltorexant 20 mg,0.00,0.0,3.523,,,,,"[{""units"":""Participants"",""counts"":[{""groupId"":""OG000"",""value"":""134""},{""groupId"":""OG001"",""value"":""32""},{""groupId"":""OG002"",""value"":""58""},{""groupId"":""OG003"",""value"":""51""}]}]"
NCT03227224,15,0,0,3,OG003,Seltorexant 40 mg,-0.48,-0.48,9.498,,,,,"[{""units"":""Participants"",""counts"":[{""groupId"":""OG000"",""value"":""134""},{""groupId"":""OG001"",""value"":""32""},{""groupId"":""OG002"",""value"":""58""},{""groupId"":""OG003"",""value"":""51""}]}]"
NCT03227224,16,0,0,0,OG000,Placebo,0.19,0.19,2.373,,,,,"[{""units"":""Participants"",""counts"":[{""groupId"":""OG000"",""value"":""134""},{""groupId"":""OG001"",""value"":""32""},{""groupId"":""OG002"",""value"":""58""},{""groupId"":""OG003"",""value"":""51""}]}]"
NCT03227224,16,0,0,1,OG001,Seltorexant 10 mg,0.01,0.01,1.889,,,,,"[{""units"":""Participants"",""counts"":[{""groupId"":""OG000"",""value"":""134""},{""groupId"":""OG001"",""value"":""32""},{""groupId"":""OG002"",""value"":""58""},{""groupId"":""OG003"",""value"":""51""}]}]"
NCT03227224,16,0,0,2,OG002,Seltorexant 20 mg,0.05,0.05,1.563,,,,,"[{""units"":""Participants"",""counts"":[{""groupId"":""OG000"",""value"":""134""},{""groupId"":""OG001"",""value"":""32""},{""groupId"":""OG002"",""value"":""58""},{""groupId"":""OG003"",""value"":""51""}]}]"
NCT03227224,16,0,0,3,OG003,Seltorexant 40 mg,0.61,0.61,1.946,,,,,"[{""units"":""Participants"",""counts"":[{""groupId"":""OG000"",""value"":""134""},{""groupId"":""OG001"",""value"":""32""},{""groupId"":""OG002"",""value"":""58""},{""groupId"":""OG003"",""value"":""51""}]}]"
NCT03227224,17,0,0,0,OG000,Placebo,0.07,0.07,0.850,,,,,"[{""units"":""Participants"",""counts"":[{""groupId"":""OG000"",""value"":""134""},{""groupId"":""OG001"",""value"":""32""},{""groupId"":""OG002"",""value"":""58""},{""groupId"":""OG003"",""value"":""51""}]}]"
NCT03227224,17,0,0,1,OG001,Seltorexant 10 mg,0.01,0.01,0.662,,,,,"[{""units"":""Participants"",""counts"":[{""groupId"":""OG000"",""value"":""134""},{""groupId"":""OG001"",""value"":""32""},{""groupId"":""OG002"",""value"":""58""},{""groupId"":""OG003"",""value"":""51""}]}]"
NCT03227224,17,0,0,2,OG002,Seltorexant 20 mg,0.02,0.02,0.553,,,,,"[{""units"":""Participants"",""counts"":[{""groupId"":""OG000"",""value"":""134""},{""groupId"":""OG001"",""value"":""32""},{""groupId"":""OG002"",""value"":""58""},{""groupId"":""OG003"",""value"":""51""}]}]"
NCT03227224,17,0,0,3,OG003,Seltorexant 40 mg,0.22,0.22,0.715,,,,,"[{""units"":""Participants"",""counts"":[{""groupId"":""OG000"",""value"":""134""},{""groupId"":""OG001"",""value"":""32""},{""groupId"":""OG002"",""value"":""58""},{""groupId"":""OG003"",""value"":""51""}]}]"
NCT03227224,18,0,0,0,OG000,Placebo,0.7,0.7,,,,Heart rate (<=50),,"[{""units"":""Participants"",""counts"":[{""groupId"":""OG000"",""value"":""134""},{""groupId"":""OG001"",""value"":""30""},{""groupId"":""OG002"",""value"":""58""},{""groupId"":""OG003"",""value"":""50""}]}]"
NCT03227224,18,0,0,1,OG001,Seltorexant 10 mg,0,0.0,,,,Heart rate (<=50),,"[{""units"":""Participants"",""counts"":[{""groupId"":""OG000"",""value"":""134""},{""groupId"":""OG001"",""value"":""30""},{""groupId"":""OG002"",""value"":""58""},{""groupId"":""OG003"",""value"":""50""}]}]"
NCT03227224,18,0,0,2,OG002,Seltorexant 20 mg,3.4,3.4,,,,Heart rate (<=50),,"[{""units"":""Participants"",""counts"":[{""groupId"":""OG000"",""value"":""134""},{""groupId"":""OG001"",""value"":""30""},{""groupId"":""OG002"",""value"":""58""},{""groupId"":""OG003"",""value"":""50""}]}]"
NCT03227224,18,0,0,3,OG003,Seltorexant 40 mg,6.0,6.0,,,,Heart rate (<=50),,"[{""units"":""Participants"",""counts"":[{""groupId"":""OG000"",""value"":""134""},{""groupId"":""OG001"",""value"":""30""},{""groupId"":""OG002"",""value"":""58""},{""groupId"":""OG003"",""value"":""50""}]}]"
NCT03227224,18,1,0,0,OG000,Placebo,0.7,0.7,,,,Heart rate (>=100),,"[{""units"":""Participants"",""counts"":[{""groupId"":""OG000"",""value"":""134""},{""groupId"":""OG001"",""value"":""30""},{""groupId"":""OG002"",""value"":""58""},{""groupId"":""OG003"",""value"":""50""}]}]"
NCT03227224,18,1,0,1,OG001,Seltorexant 10 mg,0,0.0,,,,Heart rate (>=100),,"[{""units"":""Participants"",""counts"":[{""groupId"":""OG000"",""value"":""134""},{""groupId"":""OG001"",""value"":""30""},{""groupId"":""OG002"",""value"":""58""},{""groupId"":""OG003"",""value"":""50""}]}]"
NCT03227224,18,1,0,2,OG002,Seltorexant 20 mg,1.7,1.7,,,,Heart rate (>=100),,"[{""units"":""Participants"",""counts"":[{""groupId"":""OG000"",""value"":""134""},{""groupId"":""OG001"",""value"":""30""},{""groupId"":""OG002"",""value"":""58""},{""groupId"":""OG003"",""value"":""50""}]}]"
NCT03227224,18,1,0,3,OG003,Seltorexant 40 mg,0,0.0,,,,Heart rate (>=100),,"[{""units"":""Participants"",""counts"":[{""groupId"":""OG000"",""value"":""134""},{""groupId"":""OG001"",""value"":""30""},{""groupId"":""OG002"",""value"":""58""},{""groupId"":""OG003"",""value"":""50""}]}]"
NCT03227224,18,2,0,0,OG000,Placebo,0.7,0.7,,,,PR interval (<=120),,"[{""units"":""Participants"",""counts"":[{""groupId"":""OG000"",""value"":""134""},{""groupId"":""OG001"",""value"":""30""},{""groupId"":""OG002"",""value"":""58""},{""groupId"":""OG003"",""value"":""50""}]}]"
NCT03227224,18,2,0,1,OG001,Seltorexant 10 mg,0,0.0,,,,PR interval (<=120),,"[{""units"":""Participants"",""counts"":[{""groupId"":""OG000"",""value"":""134""},{""groupId"":""OG001"",""value"":""30""},{""groupId"":""OG002"",""value"":""58""},{""groupId"":""OG003"",""value"":""50""}]}]"
NCT03227224,18,2,0,2,OG002,Seltorexant 20 mg,0,0.0,,,,PR interval (<=120),,"[{""units"":""Participants"",""counts"":[{""groupId"":""OG000"",""value"":""134""},{""groupId"":""OG001"",""value"":""30""},{""groupId"":""OG002"",""value"":""58""},{""groupId"":""OG003"",""value"":""50""}]}]"
NCT03227224,18,2,0,3,OG003,Seltorexant 40 mg,0,0.0,,,,PR interval (<=120),,"[{""units"":""Participants"",""counts"":[{""groupId"":""OG000"",""value"":""134""},{""groupId"":""OG001"",""value"":""30""},{""groupId"":""OG002"",""value"":""58""},{""groupId"":""OG003"",""value"":""50""}]}]"
NCT03227224,18,3,0,0,OG000,Placebo,0.7,0.7,,,,PR interval (>=200),,"[{""units"":""Participants"",""counts"":[{""groupId"":""OG000"",""value"":""134""},{""groupId"":""OG001"",""value"":""30""},{""groupId"":""OG002"",""value"":""58""},{""groupId"":""OG003"",""value"":""50""}]}]"
NCT03227224,18,3,0,1,OG001,Seltorexant 10 mg,0,0.0,,,,PR interval (>=200),,"[{""units"":""Participants"",""counts"":[{""groupId"":""OG000"",""value"":""134""},{""groupId"":""OG001"",""value"":""30""},{""groupId"":""OG002"",""value"":""58""},{""groupId"":""OG003"",""value"":""50""}]}]"
NCT03227224,18,3,0,2,OG002,Seltorexant 20 mg,1.7,1.7,,,,PR interval (>=200),,"[{""units"":""Participants"",""counts"":[{""groupId"":""OG000"",""value"":""134""},{""groupId"":""OG001"",""value"":""30""},{""groupId"":""OG002"",""value"":""58""},{""groupId"":""OG003"",""value"":""50""}]}]"
NCT03227224,18,3,0,3,OG003,Seltorexant 40 mg,6.0,6.0,,,,PR interval (>=200),,"[{""units"":""Participants"",""counts"":[{""groupId"":""OG000"",""value"":""134""},{""groupId"":""OG001"",""value"":""30""},{""groupId"":""OG002"",""value"":""58""},{""groupId"":""OG003"",""value"":""50""}]}]"
NCT03227224,18,4,0,0,OG000,Placebo,0,0.0,,,,QRS interval (<=60),,"[{""units"":""Participants"",""counts"":[{""groupId"":""OG000"",""value"":""134""},{""groupId"":""OG001"",""value"":""30""},{""groupId"":""OG002"",""value"":""58""},{""groupId"":""OG003"",""value"":""50""}]}]"
NCT03227224,18,4,0,1,OG001,Seltorexant 10 mg,0,0.0,,,,QRS interval (<=60),,"[{""units"":""Participants"",""counts"":[{""groupId"":""OG000"",""value"":""134""},{""groupId"":""OG001"",""value"":""30""},{""groupId"":""OG002"",""value"":""58""},{""groupId"":""OG003"",""value"":""50""}]}]"
NCT03227224,18,4,0,2,OG002,Seltorexant 20 mg,0,0.0,,,,QRS interval (<=60),,"[{""units"":""Participants"",""counts"":[{""groupId"":""OG000"",""value"":""134""},{""groupId"":""OG001"",""value"":""30""},{""groupId"":""OG002"",""value"":""58""},{""groupId"":""OG003"",""value"":""50""}]}]"
NCT03227224,18,4,0,3,OG003,Seltorexant 40 mg,0,0.0,,,,QRS interval (<=60),,"[{""units"":""Participants"",""counts"":[{""groupId"":""OG000"",""value"":""134""},{""groupId"":""OG001"",""value"":""30""},{""groupId"":""OG002"",""value"":""58""},{""groupId"":""OG003"",""value"":""50""}]}]"
NCT03227224,18,5,0,0,OG000,Placebo,0,0.0,,,,QRS interval (>=120),,"[{""units"":""Participants"",""counts"":[{""groupId"":""OG000"",""value"":""134""},{""groupId"":""OG001"",""value"":""30""},{""groupId"":""OG002"",""value"":""58""},{""groupId"":""OG003"",""value"":""50""}]}]"
NCT03227224,18,5,0,1,OG001,Seltorexant 10 mg,3.3,3.3,,,,QRS interval (>=120),,"[{""units"":""Participants"",""counts"":[{""groupId"":""OG000"",""value"":""134""},{""groupId"":""OG001"",""value"":""30""},{""groupId"":""OG002"",""value"":""58""},{""groupId"":""OG003"",""value"":""50""}]}]"
NCT03227224,18,5,0,2,OG002,Seltorexant 20 mg,0,0.0,,,,QRS interval (>=120),,"[{""units"":""Participants"",""counts"":[{""groupId"":""OG000"",""value"":""134""},{""groupId"":""OG001"",""value"":""30""},{""groupId"":""OG002"",""value"":""58""},{""groupId"":""OG003"",""value"":""50""}]}]"
NCT03227224,18,5,0,3,OG003,Seltorexant 40 mg,0,0.0,,,,QRS interval (>=120),,"[{""units"":""Participants"",""counts"":[{""groupId"":""OG000"",""value"":""134""},{""groupId"":""OG001"",""value"":""30""},{""groupId"":""OG002"",""value"":""58""},{""groupId"":""OG003"",""value"":""50""}]}]"
NCT03227224,18,6,0,0,OG000,Placebo,0,0.0,,,,QT interval (<=200),,"[{""units"":""Participants"",""counts"":[{""groupId"":""OG000"",""value"":""134""},{""groupId"":""OG001"",""value"":""30""},{""groupId"":""OG002"",""value"":""58""},{""groupId"":""OG003"",""value"":""50""}]}]"
NCT03227224,18,6,0,1,OG001,Seltorexant 10 mg,0,0.0,,,,QT interval (<=200),,"[{""units"":""Participants"",""counts"":[{""groupId"":""OG000"",""value"":""134""},{""groupId"":""OG001"",""value"":""30""},{""groupId"":""OG002"",""value"":""58""},{""groupId"":""OG003"",""value"":""50""}]}]"
NCT03227224,18,6,0,2,OG002,Seltorexant 20 mg,0,0.0,,,,QT interval (<=200),,"[{""units"":""Participants"",""counts"":[{""groupId"":""OG000"",""value"":""134""},{""groupId"":""OG001"",""value"":""30""},{""groupId"":""OG002"",""value"":""58""},{""groupId"":""OG003"",""value"":""50""}]}]"
NCT03227224,18,6,0,3,OG003,Seltorexant 40 mg,0,0.0,,,,QT interval (<=200),,"[{""units"":""Participants"",""counts"":[{""groupId"":""OG000"",""value"":""134""},{""groupId"":""OG001"",""value"":""30""},{""groupId"":""OG002"",""value"":""58""},{""groupId"":""OG003"",""value"":""50""}]}]"
NCT03227224,18,7,0,0,OG000,Placebo,0,0.0,,,,QT interval (>=500),,"[{""units"":""Participants"",""counts"":[{""groupId"":""OG000"",""value"":""134""},{""groupId"":""OG001"",""value"":""30""},{""groupId"":""OG002"",""value"":""58""},{""groupId"":""OG003"",""value"":""50""}]}]"
NCT03227224,18,7,0,1,OG001,Seltorexant 10 mg,3.3,3.3,,,,QT interval (>=500),,"[{""units"":""Participants"",""counts"":[{""groupId"":""OG000"",""value"":""134""},{""groupId"":""OG001"",""value"":""30""},{""groupId"":""OG002"",""value"":""58""},{""groupId"":""OG003"",""value"":""50""}]}]"
NCT03227224,18,7,0,2,OG002,Seltorexant 20 mg,0,0.0,,,,QT interval (>=500),,"[{""units"":""Participants"",""counts"":[{""groupId"":""OG000"",""value"":""134""},{""groupId"":""OG001"",""value"":""30""},{""groupId"":""OG002"",""value"":""58""},{""groupId"":""OG003"",""value"":""50""}]}]"
NCT03227224,18,7,0,3,OG003,Seltorexant 40 mg,0,0.0,,,,QT interval (>=500),,"[{""units"":""Participants"",""counts"":[{""groupId"":""OG000"",""value"":""134""},{""groupId"":""OG001"",""value"":""30""},{""groupId"":""OG002"",""value"":""58""},{""groupId"":""OG003"",""value"":""50""}]}]"
NCT03227224,19,0,0,0,OG000,Placebo,94.9,94.9,,,,No Event,,"[{""units"":""Participants"",""counts"":[{""groupId"":""OG000"",""value"":""136""},{""groupId"":""OG001"",""value"":""32""},{""groupId"":""OG002"",""value"":""60""},{""groupId"":""OG003"",""value"":""51""}]}]"
NCT03227224,19,0,0,1,OG001,Seltorexant 10 mg,96.9,96.9,,,,No Event,,"[{""units"":""Participants"",""counts"":[{""groupId"":""OG000"",""value"":""136""},{""groupId"":""OG001"",""value"":""32""},{""groupId"":""OG002"",""value"":""60""},{""groupId"":""OG003"",""value"":""51""}]}]"
NCT03227224,19,0,0,2,OG002,Seltorexant 20 mg,96.7,96.7,,,,No Event,,"[{""units"":""Participants"",""counts"":[{""groupId"":""OG000"",""value"":""136""},{""groupId"":""OG001"",""value"":""32""},{""groupId"":""OG002"",""value"":""60""},{""groupId"":""OG003"",""value"":""51""}]}]"
NCT03227224,19,0,0,3,OG003,Seltorexant 40 mg,94.1,94.1,,,,No Event,,"[{""units"":""Participants"",""counts"":[{""groupId"":""OG000"",""value"":""136""},{""groupId"":""OG001"",""value"":""32""},{""groupId"":""OG002"",""value"":""60""},{""groupId"":""OG003"",""value"":""51""}]}]"
NCT03227224,19,1,0,0,OG000,Placebo,5.1,5.1,,,,Suicidal ideation,,"[{""units"":""Participants"",""counts"":[{""groupId"":""OG000"",""value"":""136""},{""groupId"":""OG001"",""value"":""32""},{""groupId"":""OG002"",""value"":""60""},{""groupId"":""OG003"",""value"":""51""}]}]"
NCT03227224,19,1,0,1,OG001,Seltorexant 10 mg,3.1,3.1,,,,Suicidal ideation,,"[{""units"":""Participants"",""counts"":[{""groupId"":""OG000"",""value"":""136""},{""groupId"":""OG001"",""value"":""32""},{""groupId"":""OG002"",""value"":""60""},{""groupId"":""OG003"",""value"":""51""}]}]"
NCT03227224,19,1,0,2,OG002,Seltorexant 20 mg,3.3,3.3,,,,Suicidal ideation,,"[{""units"":""Participants"",""counts"":[{""groupId"":""OG000"",""value"":""136""},{""groupId"":""OG001"",""value"":""32""},{""groupId"":""OG002"",""value"":""60""},{""groupId"":""OG003"",""value"":""51""}]}]"
NCT03227224,19,1,0,3,OG003,Seltorexant 40 mg,5.9,5.9,,,,Suicidal ideation,,"[{""units"":""Participants"",""counts"":[{""groupId"":""OG000"",""value"":""136""},{""groupId"":""OG001"",""value"":""32""},{""groupId"":""OG002"",""value"":""60""},{""groupId"":""OG003"",""value"":""51""}]}]"
NCT03227224,19,2,0,0,OG000,Placebo,0,0.0,,,,Suicidal behavior,,"[{""units"":""Participants"",""counts"":[{""groupId"":""OG000"",""value"":""136""},{""groupId"":""OG001"",""value"":""32""},{""groupId"":""OG002"",""value"":""60""},{""groupId"":""OG003"",""value"":""51""}]}]"
NCT03227224,19,2,0,1,OG001,Seltorexant 10 mg,0,0.0,,,,Suicidal behavior,,"[{""units"":""Participants"",""counts"":[{""groupId"":""OG000"",""value"":""136""},{""groupId"":""OG001"",""value"":""32""},{""groupId"":""OG002"",""value"":""60""},{""groupId"":""OG003"",""value"":""51""}]}]"
NCT03227224,19,2,0,2,OG002,Seltorexant 20 mg,0,0.0,,,,Suicidal behavior,,"[{""units"":""Participants"",""counts"":[{""groupId"":""OG000"",""value"":""136""},{""groupId"":""OG001"",""value"":""32""},{""groupId"":""OG002"",""value"":""60""},{""groupId"":""OG003"",""value"":""51""}]}]"
NCT03227224,19,2,0,3,OG003,Seltorexant 40 mg,0,0.0,,,,Suicidal behavior,,"[{""units"":""Participants"",""counts"":[{""groupId"":""OG000"",""value"":""136""},{""groupId"":""OG001"",""value"":""32""},{""groupId"":""OG002"",""value"":""60""},{""groupId"":""OG003"",""value"":""51""}]}]"
NCT03227224,20,0,0,0,OG000,Placebo,-1.4,-1.4,4.55,,,,,"[{""units"":""Participants"",""counts"":[{""groupId"":""OG000"",""value"":""133""},{""groupId"":""OG001"",""value"":""31""},{""groupId"":""OG002"",""value"":""58""},{""groupId"":""OG003"",""value"":""49""}]}]"
NCT03227224,20,0,0,1,OG001,Seltorexant 10 mg,-2.2,-2.2,3.62,,,,,"[{""units"":""Participants"",""counts"":[{""groupId"":""OG000"",""value"":""133""},{""groupId"":""OG001"",""value"":""31""},{""groupId"":""OG002"",""value"":""58""},{""groupId"":""OG003"",""value"":""49""}]}]"
NCT03227224,20,0,0,2,OG002,Seltorexant 20 mg,-2.4,-2.4,4.55,,,,,"[{""units"":""Participants"",""counts"":[{""groupId"":""OG000"",""value"":""133""},{""groupId"":""OG001"",""value"":""31""},{""groupId"":""OG002"",""value"":""58""},{""groupId"":""OG003"",""value"":""49""}]}]"
NCT03227224,20,0,0,3,OG003,Seltorexant 40 mg,-2.5,-2.5,4.94,,,,,"[{""units"":""Participants"",""counts"":[{""groupId"":""OG000"",""value"":""133""},{""groupId"":""OG001"",""value"":""31""},{""groupId"":""OG002"",""value"":""58""},{""groupId"":""OG003"",""value"":""49""}]}]"
NCT03227224,21,0,0,0,OG000,Placebo,0.9,0.9,1.68,,,,,"[{""units"":""Participants"",""counts"":[{""groupId"":""OG000"",""value"":""134""},{""groupId"":""OG001"",""value"":""29""},{""groupId"":""OG002"",""value"":""58""},{""groupId"":""OG003"",""value"":""49""}]}]"
NCT03227224,21,0,0,1,OG001,Seltorexant 10 mg,0.2,0.2,0.6,,,,,"[{""units"":""Participants"",""counts"":[{""groupId"":""OG000"",""value"":""134""},{""groupId"":""OG001"",""value"":""29""},{""groupId"":""OG002"",""value"":""58""},{""groupId"":""OG003"",""value"":""49""}]}]"
NCT03227224,21,0,0,2,OG002,Seltorexant 20 mg,0.7,0.7,1.6,,,,,"[{""units"":""Participants"",""counts"":[{""groupId"":""OG000"",""value"":""134""},{""groupId"":""OG001"",""value"":""29""},{""groupId"":""OG002"",""value"":""58""},{""groupId"":""OG003"",""value"":""49""}]}]"
NCT03227224,21,0,0,3,OG003,Seltorexant 40 mg,0.5,0.5,0.87,,,,,"[{""units"":""Participants"",""counts"":[{""groupId"":""OG000"",""value"":""134""},{""groupId"":""OG001"",""value"":""29""},{""groupId"":""OG002"",""value"":""58""},{""groupId"":""OG003"",""value"":""49""}]}]"
NCT03227224,41,0,0,0,OG000,Placebo,0.9,0.9,1.91,,,,,"[{""units"":""Participants"",""counts"":[{""groupId"":""OG000"",""value"":""133""},{""groupId"":""OG001"",""value"":""29""},{""groupId"":""OG002"",""value"":""57""},{""groupId"":""OG003"",""value"":""50""}]}]"
NCT03227224,41,0,0,1,OG001,Seltorexant 10 mg,0.4,0.4,0.78,,,,,"[{""units"":""Participants"",""counts"":[{""groupId"":""OG000"",""value"":""133""},{""groupId"":""OG001"",""value"":""29""},{""groupId"":""OG002"",""value"":""57""},{""groupId"":""OG003"",""value"":""50""}]}]"
NCT03227224,41,0,0,2,OG002,Seltorexant 20 mg,0.8,0.8,1.64,,,,,"[{""units"":""Participants"",""counts"":[{""groupId"":""OG000"",""value"":""133""},{""groupId"":""OG001"",""value"":""29""},{""groupId"":""OG002"",""value"":""57""},{""groupId"":""OG003"",""value"":""50""}]}]"
NCT03227224,41,0,0,3,OG003,Seltorexant 40 mg,0.7,0.7,1.25,,,,,"[{""units"":""Participants"",""counts"":[{""groupId"":""OG000"",""value"":""133""},{""groupId"":""OG001"",""value"":""29""},{""groupId"":""OG002"",""value"":""57""},{""groupId"":""OG003"",""value"":""50""}]}]"
NCT03321526,0,0,0,0,OG000,Seltorexant,NA,,,NA,NA,,,"[{""units"":""Participants"",""counts"":[{""groupId"":""OG000"",""value"":""51""},{""groupId"":""OG001"",""value"":""51""}]}]"
NCT03321526,0,0,0,1,OG001,Quetiapine XR,NA,,,NA,NA,,,"[{""units"":""Participants"",""counts"":[{""groupId"":""OG000"",""value"":""51""},{""groupId"":""OG001"",""value"":""51""}]}]"
NCT03429075,0,0,0,0,OG000,Psilocybin,-0.08,-0.08,0.45,,,,,"[{""units"":""Participants"",""counts"":[{""groupId"":""OG000"",""value"":""25""},{""groupId"":""OG001"",""value"":""21""}]}]"
NCT03429075,0,0,0,1,OG001,Escitalopram,0.43,0.43,0.62,,,,,"[{""units"":""Participants"",""counts"":[{""groupId"":""OG000"",""value"":""25""},{""groupId"":""OG001"",""value"":""21""}]}]"
NCT03429075,1,0,0,0,OG000,Psilocybin,-8,-8.0,1,,,,,"[{""units"":""Participants"",""counts"":[{""groupId"":""OG000"",""value"":""30""},{""groupId"":""OG001"",""value"":""29""}]}]"
NCT03429075,1,0,0,1,OG001,Escitalopram,-6,-6.0,1,,,,,"[{""units"":""Participants"",""counts"":[{""groupId"":""OG000"",""value"":""30""},{""groupId"":""OG001"",""value"":""29""}]}]"
NCT03433339,0,0,0,0,OG000,Active Treatment,-21.7,-21.7,2.3,,,,,"[{""units"":""Participants"",""counts"":[{""groupId"":""OG000"",""value"":""10""},{""groupId"":""OG001"",""value"":""9""}]}]"
NCT03433339,0,0,0,1,OG001,Sham Treatment,-14.6,-14.6,2.5,,,,,"[{""units"":""Participants"",""counts"":[{""groupId"":""OG000"",""value"":""10""},{""groupId"":""OG001"",""value"":""9""}]}]"
NCT03446846,0,0,0,0,OG000,5.0 mg MIN-117,-12,-12.0,9.2,,,,,"[{""units"":""Participants"",""counts"":[{""groupId"":""OG000"",""value"":""70""},{""groupId"":""OG001"",""value"":""76""},{""groupId"":""OG002"",""value"":""149""}]}]"
NCT03446846,0,0,0,1,OG001,2.5 mg MIN-117,-12,-12.0,9.2,,,,,"[{""units"":""Participants"",""counts"":[{""groupId"":""OG000"",""value"":""70""},{""groupId"":""OG001"",""value"":""76""},{""groupId"":""OG002"",""value"":""149""}]}]"
NCT03446846,0,0,0,2,OG002,Placebo,-12,-12.0,9.2,,,,,"[{""units"":""Participants"",""counts"":[{""groupId"":""OG000"",""value"":""70""},{""groupId"":""OG001"",""value"":""76""},{""groupId"":""OG002"",""value"":""149""}]}]"
NCT03538691,0,0,0,0,OG000,Phase C: Brexpiprazole + ADT,63.0,63.0,,8,185,,,"[{""units"":""Participants"",""counts"":[{""groupId"":""OG000"",""value"":""54""},{""groupId"":""OG001"",""value"":""51""}]}]"
NCT03538691,0,0,0,1,OG001,Phase C: Placebo + ADT,63.0,63.0,,8,190,,,"[{""units"":""Participants"",""counts"":[{""groupId"":""OG000"",""value"":""54""},{""groupId"":""OG001"",""value"":""51""}]}]"
NCT03559192,0,0,0,0,OG000,Double-blind Treatment + Withdrawal Period: Placebo,-8.0,-8.0,0.92,0.92,,,,"[{""units"":""Participants"",""counts"":[{""groupId"":""OG000"",""value"":""59""},{""groupId"":""OG001"",""value"":""59""}]}]"
NCT03559192,0,0,0,1,OG001,Double-blind Treatment + Withdrawal Period: JNJ-67953964 10 Milligrams (mg),-10.1,-10.1,0.93,0.93,,,,"[{""units"":""Participants"",""counts"":[{""groupId"":""OG000"",""value"":""59""},{""groupId"":""OG001"",""value"":""59""}]}]"
NCT03569475,0,0,0,0,OG000,Placebo,-21.3,-21.3,1.01,,,,,"[{""units"":""Participants"",""counts"":[{""groupId"":""OG000"",""value"":""146""},{""groupId"":""OG001"",""value"":""148""},{""groupId"":""OG002"",""value"":""144""}]}]"
NCT03569475,0,0,0,1,OG001,Levomilnacipran ER 40-80 mg/Day,-23.0,-23.0,1.01,,,,,"[{""units"":""Participants"",""counts"":[{""groupId"":""OG000"",""value"":""146""},{""groupId"":""OG001"",""value"":""148""},{""groupId"":""OG002"",""value"":""144""}]}]"
NCT03569475,0,0,0,2,OG002,Fluoxetine 20 mg/Day,-23.1,-23.1,1.01,,,,,"[{""units"":""Participants"",""counts"":[{""groupId"":""OG000"",""value"":""146""},{""groupId"":""OG001"",""value"":""148""},{""groupId"":""OG002"",""value"":""144""}]}]"
NCT03586427,0,0,0,0,OG000,AGN-241751 Dose 1,-8.6,-8.6,1.21,,,,,"[{""units"":""Participants"",""counts"":[{""groupId"":""OG000"",""value"":""48""},{""groupId"":""OG001"",""value"":""50""},{""groupId"":""OG002"",""value"":""52""},{""groupId"":""OG003"",""value"":""50""},{""groupId"":""OG004"",""value"":""51""}]}]"
NCT03586427,0,0,0,1,OG001,AGN-241751 Dose 2,-8.0,-8.0,1.19,,,,,"[{""units"":""Participants"",""counts"":[{""groupId"":""OG000"",""value"":""48""},{""groupId"":""OG001"",""value"":""50""},{""groupId"":""OG002"",""value"":""52""},{""groupId"":""OG003"",""value"":""50""},{""groupId"":""OG004"",""value"":""51""}]}]"
NCT03586427,0,0,0,2,OG002,AGN-241751 Dose 3,-9.5,-9.5,1.18,,,,,"[{""units"":""Participants"",""counts"":[{""groupId"":""OG000"",""value"":""48""},{""groupId"":""OG001"",""value"":""50""},{""groupId"":""OG002"",""value"":""52""},{""groupId"":""OG003"",""value"":""50""},{""groupId"":""OG004"",""value"":""51""}]}]"
NCT03586427,0,0,0,3,OG003,AGN-241751 Dose 4,-10.6,-10.6,1.18,,,,,"[{""units"":""Participants"",""counts"":[{""groupId"":""OG000"",""value"":""48""},{""groupId"":""OG001"",""value"":""50""},{""groupId"":""OG002"",""value"":""52""},{""groupId"":""OG003"",""value"":""50""},{""groupId"":""OG004"",""value"":""51""}]}]"
NCT03586427,0,0,0,4,OG004,Placebo,-7.7,-7.7,1.18,,,,,"[{""units"":""Participants"",""counts"":[{""groupId"":""OG000"",""value"":""48""},{""groupId"":""OG001"",""value"":""50""},{""groupId"":""OG002"",""value"":""52""},{""groupId"":""OG003"",""value"":""50""},{""groupId"":""OG004"",""value"":""51""}]}]"
NCT03595579,0,0,0,0,OG000,AXS-05,13.7,13.7,0.63,,,,,"[{""units"":""Participants"",""counts"":[{""groupId"":""OG000"",""value"":""43""},{""groupId"":""OG001"",""value"":""37""}]}]"
NCT03595579,0,0,0,1,OG001,Bupropion,8.8,8.8,0.68,,,,,"[{""units"":""Participants"",""counts"":[{""groupId"":""OG000"",""value"":""43""},{""groupId"":""OG001"",""value"":""37""}]}]"
NCT03672175,0,0,0,0,OG000,SAGE-217 Matched Placebo,-11.1,-11.1,0.59,,,,,"[{""units"":""Participants"",""counts"":[{""groupId"":""OG000"",""value"":""141""},{""groupId"":""OG001"",""value"":""152""},{""groupId"":""OG002"",""value"":""153""}]}]"
NCT03672175,0,0,0,1,OG001,SAGE-217 20 mg,-11.5,-11.5,0.62,,,,,"[{""units"":""Participants"",""counts"":[{""groupId"":""OG000"",""value"":""141""},{""groupId"":""OG001"",""value"":""152""},{""groupId"":""OG002"",""value"":""153""}]}]"
NCT03672175,0,0,0,2,OG002,SAGE-217 30 mg,-12.5,-12.5,0.68,,,,,"[{""units"":""Participants"",""counts"":[{""groupId"":""OG000"",""value"":""141""},{""groupId"":""OG001"",""value"":""152""},{""groupId"":""OG002"",""value"":""153""}]}]"
NCT03697603,0,0,0,0,OG000,Brexpiprazole 1 mg,-8.5,-8.5,0.47,,,,,"[{""units"":""Participants"",""counts"":[{""groupId"":""OG000"",""value"":""248""},{""groupId"":""OG001"",""value"":""245""},{""groupId"":""OG002"",""value"":""243""}]}]"
NCT03697603,0,0,0,1,OG001,Brexpiprazole 2 mg,-8.2,-8.2,0.47,,,,,"[{""units"":""Participants"",""counts"":[{""groupId"":""OG000"",""value"":""248""},{""groupId"":""OG001"",""value"":""245""},{""groupId"":""OG002"",""value"":""243""}]}]"
NCT03697603,0,0,0,2,OG002,Placebo,-6.7,-6.7,0.47,,,,,"[{""units"":""Participants"",""counts"":[{""groupId"":""OG000"",""value"":""248""},{""groupId"":""OG001"",""value"":""245""},{""groupId"":""OG002"",""value"":""243""}]}]"
NCT03726658,0,0,0,0,OG000,AGN-241751 3mg Daily,-9.4,-9.4,1.57,,,,,"[{""units"":""Participants"",""counts"":[{""groupId"":""OG000"",""value"":""26""},{""groupId"":""OG001"",""value"":""26""},{""groupId"":""OG002"",""value"":""26""},{""groupId"":""OG003"",""value"":""25""},{""groupId"":""OG004"",""value"":""0""},{""groupId"":""OG005"",""value"":""0""},{""groupId"":""OG006"",""value"":""0""}]}]"
NCT03726658,0,0,0,1,OG001,AGN-241751 10mg Daily,-6.7,-6.7,1.58,,,,,"[{""units"":""Participants"",""counts"":[{""groupId"":""OG000"",""value"":""26""},{""groupId"":""OG001"",""value"":""26""},{""groupId"":""OG002"",""value"":""26""},{""groupId"":""OG003"",""value"":""25""},{""groupId"":""OG004"",""value"":""0""},{""groupId"":""OG005"",""value"":""0""},{""groupId"":""OG006"",""value"":""0""}]}]"
NCT03726658,0,0,0,2,OG002,AGN-241751 25mg Daily,-9.5,-9.5,1.57,,,,,"[{""units"":""Participants"",""counts"":[{""groupId"":""OG000"",""value"":""26""},{""groupId"":""OG001"",""value"":""26""},{""groupId"":""OG002"",""value"":""26""},{""groupId"":""OG003"",""value"":""25""},{""groupId"":""OG004"",""value"":""0""},{""groupId"":""OG005"",""value"":""0""},{""groupId"":""OG006"",""value"":""0""}]}]"
NCT03726658,0,0,0,3,OG003,Placebo Daily,-9.3,-9.3,1.61,,,,,"[{""units"":""Participants"",""counts"":[{""groupId"":""OG000"",""value"":""26""},{""groupId"":""OG001"",""value"":""26""},{""groupId"":""OG002"",""value"":""26""},{""groupId"":""OG003"",""value"":""25""},{""groupId"":""OG004"",""value"":""0""},{""groupId"":""OG005"",""value"":""0""},{""groupId"":""OG006"",""value"":""0""}]}]"
NCT03726658,1,0,0,0,OG004,AGN-241751 3mg Two Times Per Day,-12.8,-12.8,1.53,,,,,"[{""units"":""Participants"",""counts"":[{""groupId"":""OG000"",""value"":""0""},{""groupId"":""OG001"",""value"":""0""},{""groupId"":""OG002"",""value"":""0""},{""groupId"":""OG003"",""value"":""0""},{""groupId"":""OG004"",""value"":""37""},{""groupId"":""OG005"",""value"":""38""},{""groupId"":""OG006"",""value"":""40""}]}]"
NCT03726658,1,0,0,1,OG005,AGN-241751 25mg Two Times Per Day,-10.5,-10.5,1.52,,,,,"[{""units"":""Participants"",""counts"":[{""groupId"":""OG000"",""value"":""0""},{""groupId"":""OG001"",""value"":""0""},{""groupId"":""OG002"",""value"":""0""},{""groupId"":""OG003"",""value"":""0""},{""groupId"":""OG004"",""value"":""37""},{""groupId"":""OG005"",""value"":""38""},{""groupId"":""OG006"",""value"":""40""}]}]"
NCT03726658,1,0,0,2,OG006,Placebo 2 Times Per Day,-10.9,-10.9,1.48,,,,,"[{""units"":""Participants"",""counts"":[{""groupId"":""OG000"",""value"":""0""},{""groupId"":""OG001"",""value"":""0""},{""groupId"":""OG002"",""value"":""0""},{""groupId"":""OG003"",""value"":""0""},{""groupId"":""OG004"",""value"":""37""},{""groupId"":""OG005"",""value"":""38""},{""groupId"":""OG006"",""value"":""40""}]}]"
NCT03738215,0,0,0,0,OG000,Placebo + ADT,-11.5,-11.5,0.70,,,,,"[{""units"":""Participants"",""counts"":[{""groupId"":""OG000"",""value"":""231""},{""groupId"":""OG001"",""value"":""231""},{""groupId"":""OG002"",""value"":""223""}]}]"
NCT03738215,0,0,0,1,OG001,Cariprazine 1.5 mg/Day + ADT,-14.1,-14.1,0.70,,,,,"[{""units"":""Participants"",""counts"":[{""groupId"":""OG000"",""value"":""231""},{""groupId"":""OG001"",""value"":""231""},{""groupId"":""OG002"",""value"":""223""}]}]"
NCT03738215,0,0,0,2,OG002,Cariprazine 3 mg/Day + ADT,-13.1,-13.1,0.70,,,,,"[{""units"":""Participants"",""counts"":[{""groupId"":""OG000"",""value"":""231""},{""groupId"":""OG001"",""value"":""231""},{""groupId"":""OG002"",""value"":""223""}]}]"
NCT03739203,0,0,0,0,OG000,Placebo + ADT,-13.4,-13.4,0.70,,,,,"[{""units"":""Participants"",""counts"":[{""groupId"":""OG000"",""value"":""236""},{""groupId"":""OG001"",""value"":""237""},{""groupId"":""OG002"",""value"":""231""}]}]"
NCT03739203,0,0,0,1,OG001,Cariprazine 1.5 mg/Day + ADT,-13.8,-13.8,0.69,,,,,"[{""units"":""Participants"",""counts"":[{""groupId"":""OG000"",""value"":""236""},{""groupId"":""OG001"",""value"":""237""},{""groupId"":""OG002"",""value"":""231""}]}]"
NCT03739203,0,0,0,2,OG002,Cariprazine 3 mg/Day + ADT,-14.8,-14.8,0.70,,,,,"[{""units"":""Participants"",""counts"":[{""groupId"":""OG000"",""value"":""236""},{""groupId"":""OG001"",""value"":""237""},{""groupId"":""OG002"",""value"":""231""}]}]"
NCT03866174,0,0,0,0,OG000,Psilocybin,-19.1,-19.1,1.8,,,,,"[{""units"":""Participants"",""counts"":[{""groupId"":""OG000"",""value"":""51""},{""groupId"":""OG001"",""value"":""53""}]}]"
NCT03866174,0,0,0,1,OG001,Niacin,-6.8,-6.8,1.9,,,,,"[{""units"":""Participants"",""counts"":[{""groupId"":""OG000"",""value"":""51""},{""groupId"":""OG001"",""value"":""53""}]}]"
NCT03968159,0,0,0,0,OG000,Pimavanserin,-9.0,-9.0,0.58,,,,,"[{""units"":""Participants"",""counts"":[{""groupId"":""OG000"",""value"":""148""},{""groupId"":""OG001"",""value"":""149""}]}]"
NCT03968159,0,0,0,1,OG001,Placebo,-8.1,-8.1,0.58,,,,,"[{""units"":""Participants"",""counts"":[{""groupId"":""OG000"",""value"":""148""},{""groupId"":""OG001"",""value"":""149""}]}]"
NCT04019704,0,0,0,0,OG000,AXS-05,15.91,15.91,0.921,,,,,"[{""units"":""Participants"",""counts"":[{""groupId"":""OG000"",""value"":""156""},{""groupId"":""OG001"",""value"":""162""}]}]"
NCT04019704,0,0,0,1,OG001,Placebo,12.04,12.04,0.862,,,,,"[{""units"":""Participants"",""counts"":[{""groupId"":""OG000"",""value"":""156""},{""groupId"":""OG001"",""value"":""162""}]}]"
NCT04080752,0,0,0,0,OG000,Placebo,-8.8,-8.8,0.66,,,,,"[{""units"":""Participants"",""counts"":[{""groupId"":""OG000"",""value"":""97""},{""groupId"":""OG001"",""value"":""103""}]}]"
NCT04080752,0,0,0,1,OG001,JNJ-61393215 135 Milligrams (mg),-9.4,-9.4,0.64,,,,,"[{""units"":""Participants"",""counts"":[{""groupId"":""OG000"",""value"":""97""},{""groupId"":""OG001"",""value"":""103""}]}]"
NCT04103892,0,0,0,0,OG000,Part B - CLE-100 (Oral Esketamine),-10.72,-10.72,1.13,,,,,"[{""units"":""Participants"",""counts"":[{""groupId"":""OG000"",""value"":""70""},{""groupId"":""OG001"",""value"":""55""}]}]"
NCT04103892,0,0,0,1,OG001,Part B - Placebo,-9.46,-9.46,1.31,,,,,"[{""units"":""Participants"",""counts"":[{""groupId"":""OG000"",""value"":""70""},{""groupId"":""OG001"",""value"":""55""}]}]"
NCT04116528,0,0,0,0,OG000,Buprenorphrine After Ketamine Infusion,15.2,15.2,3.8,,,Day 1,,"[{""units"":""Participants"",""counts"":[{""groupId"":""OG000"",""value"":""23""},{""groupId"":""OG001"",""value"":""22""}]}]"
NCT04116528,0,0,0,1,OG001,Placebo After Ketamine Infusion,15.0,15.0,5.7,,,Day 1,,"[{""units"":""Participants"",""counts"":[{""groupId"":""OG000"",""value"":""23""},{""groupId"":""OG001"",""value"":""22""}]}]"
NCT04116528,0,1,0,0,OG000,Buprenorphrine After Ketamine Infusion,-11.3,-11.3,6.5,,,Change at Day 31,,"[{""units"":""Participants"",""counts"":[{""groupId"":""OG000"",""value"":""23""},{""groupId"":""OG001"",""value"":""22""}]}]"
NCT04116528,0,1,0,1,OG001,Placebo After Ketamine Infusion,-7.7,-7.7,6.7,,,Change at Day 31,,"[{""units"":""Participants"",""counts"":[{""groupId"":""OG000"",""value"":""23""},{""groupId"":""OG001"",""value"":""22""}]}]"
NCT04221230,0,0,0,0,OG000,NMRA-335140,-9.0,-9.0,0.73,,,,,"[{""units"":""Participants"",""counts"":[{""groupId"":""OG000"",""value"":""75""},{""groupId"":""OG001"",""value"":""64""}]}]"
NCT04221230,0,0,0,1,OG001,Placebo,-7.4,-7.4,0.79,,,,,"[{""units"":""Participants"",""counts"":[{""groupId"":""OG000"",""value"":""75""},{""groupId"":""OG001"",""value"":""64""}]}]"
NCT04244253,0,0,0,0,OG000,OPC-64005 10-mg,-1.9,-1.9,0.8,,,1Week,,"[{""units"":""Participants"",""counts"":[{""groupId"":""OG000"",""value"":""31""},{""groupId"":""OG001"",""value"":""121""},{""groupId"":""OG002"",""value"":""120""}]}]"
NCT04244253,0,0,0,1,OG001,OPC-64005 20-mg,-1.6,-1.6,0.4,,,1Week,,"[{""units"":""Participants"",""counts"":[{""groupId"":""OG000"",""value"":""31""},{""groupId"":""OG001"",""value"":""121""},{""groupId"":""OG002"",""value"":""120""}]}]"
NCT04244253,0,0,0,2,OG002,Placebo,-2.1,-2.1,0.4,,,1Week,,"[{""units"":""Participants"",""counts"":[{""groupId"":""OG000"",""value"":""31""},{""groupId"":""OG001"",""value"":""121""},{""groupId"":""OG002"",""value"":""120""}]}]"
NCT04244253,0,1,0,0,OG000,OPC-64005 10-mg,-3.9,-3.9,1.0,,,2Week,,"[{""units"":""Participants"",""counts"":[{""groupId"":""OG000"",""value"":""31""},{""groupId"":""OG001"",""value"":""121""},{""groupId"":""OG002"",""value"":""120""}]}]"
NCT04244253,0,1,0,1,OG001,OPC-64005 20-mg,-3.4,-3.4,0.5,,,2Week,,"[{""units"":""Participants"",""counts"":[{""groupId"":""OG000"",""value"":""31""},{""groupId"":""OG001"",""value"":""121""},{""groupId"":""OG002"",""value"":""120""}]}]"
NCT04244253,0,1,0,2,OG002,Placebo,-3.6,-3.6,0.5,,,2Week,,"[{""units"":""Participants"",""counts"":[{""groupId"":""OG000"",""value"":""31""},{""groupId"":""OG001"",""value"":""121""},{""groupId"":""OG002"",""value"":""120""}]}]"
NCT04244253,0,2,0,0,OG000,OPC-64005 10-mg,-7.1,-7.1,1.2,,,3Week,,"[{""units"":""Participants"",""counts"":[{""groupId"":""OG000"",""value"":""31""},{""groupId"":""OG001"",""value"":""121""},{""groupId"":""OG002"",""value"":""120""}]}]"
NCT04244253,0,2,0,1,OG001,OPC-64005 20-mg,-5.7,-5.7,0.6,,,3Week,,"[{""units"":""Participants"",""counts"":[{""groupId"":""OG000"",""value"":""31""},{""groupId"":""OG001"",""value"":""121""},{""groupId"":""OG002"",""value"":""120""}]}]"
NCT04244253,0,2,0,2,OG002,Placebo,-5.2,-5.2,0.6,,,3Week,,"[{""units"":""Participants"",""counts"":[{""groupId"":""OG000"",""value"":""31""},{""groupId"":""OG001"",""value"":""121""},{""groupId"":""OG002"",""value"":""120""}]}]"
NCT04244253,0,3,0,0,OG000,OPC-64005 10-mg,-9.5,-9.5,1.3,,,4Week,,"[{""units"":""Participants"",""counts"":[{""groupId"":""OG000"",""value"":""31""},{""groupId"":""OG001"",""value"":""121""},{""groupId"":""OG002"",""value"":""120""}]}]"
NCT04244253,0,3,0,1,OG001,OPC-64005 20-mg,-7.5,-7.5,0.7,,,4Week,,"[{""units"":""Participants"",""counts"":[{""groupId"":""OG000"",""value"":""31""},{""groupId"":""OG001"",""value"":""121""},{""groupId"":""OG002"",""value"":""120""}]}]"
NCT04244253,0,3,0,2,OG002,Placebo,-6.3,-6.3,0.7,,,4Week,,"[{""units"":""Participants"",""counts"":[{""groupId"":""OG000"",""value"":""31""},{""groupId"":""OG001"",""value"":""121""},{""groupId"":""OG002"",""value"":""120""}]}]"
NCT04244253,0,4,0,0,OG000,OPC-64005 10-mg,-10.6,-10.6,1.4,,,5Week,,"[{""units"":""Participants"",""counts"":[{""groupId"":""OG000"",""value"":""31""},{""groupId"":""OG001"",""value"":""121""},{""groupId"":""OG002"",""value"":""120""}]}]"
NCT04244253,0,4,0,1,OG001,OPC-64005 20-mg,-8.9,-8.9,0.7,,,5Week,,"[{""units"":""Participants"",""counts"":[{""groupId"":""OG000"",""value"":""31""},{""groupId"":""OG001"",""value"":""121""},{""groupId"":""OG002"",""value"":""120""}]}]"
NCT04244253,0,4,0,2,OG002,Placebo,-8.1,-8.1,0.7,,,5Week,,"[{""units"":""Participants"",""counts"":[{""groupId"":""OG000"",""value"":""31""},{""groupId"":""OG001"",""value"":""121""},{""groupId"":""OG002"",""value"":""120""}]}]"
NCT04244253,0,5,0,0,OG000,OPC-64005 10-mg,-11.2,-11.2,1.5,,,6Week,,"[{""units"":""Participants"",""counts"":[{""groupId"":""OG000"",""value"":""31""},{""groupId"":""OG001"",""value"":""121""},{""groupId"":""OG002"",""value"":""120""}]}]"
NCT04244253,0,5,0,1,OG001,OPC-64005 20-mg,-10.7,-10.7,0.8,,,6Week,,"[{""units"":""Participants"",""counts"":[{""groupId"":""OG000"",""value"":""31""},{""groupId"":""OG001"",""value"":""121""},{""groupId"":""OG002"",""value"":""120""}]}]"
NCT04244253,0,5,0,2,OG002,Placebo,-9.5,-9.5,0.8,,,6Week,,"[{""units"":""Participants"",""counts"":[{""groupId"":""OG000"",""value"":""31""},{""groupId"":""OG001"",""value"":""121""},{""groupId"":""OG002"",""value"":""120""}]}]"
NCT04338321,0,0,0,0,OG000,Esketamine Nasal Spray + Oral Antidepressant (AD),27.1,27.1,,,,,,"[{""units"":""Participants"",""counts"":[{""groupId"":""OG000"",""value"":""336""},{""groupId"":""OG001"",""value"":""340""}]}]"
NCT04338321,0,0,0,1,OG001,Quetiapine Extended Release (XR) + Oral AD,17.6,17.6,,,,,,"[{""units"":""Participants"",""counts"":[{""groupId"":""OG000"",""value"":""336""},{""groupId"":""OG001"",""value"":""340""}]}]"
NCT04345471,0,0,0,0,OG000,Placebo,-10.4,-10.4,0.7,,,,,"[{""units"":""Participants"",""counts"":[{""groupId"":""OG000"",""value"":""203""},{""groupId"":""OG001"",""value"":""206""},{""groupId"":""OG002"",""value"":""204""}]}]"
NCT04345471,0,0,0,1,OG001,MD-120 50 mg,-11.1,-11.1,0.7,,,,,"[{""units"":""Participants"",""counts"":[{""groupId"":""OG000"",""value"":""203""},{""groupId"":""OG001"",""value"":""206""},{""groupId"":""OG002"",""value"":""204""}]}]"
NCT04345471,0,0,0,2,OG002,MD-120 100 mg,-11.9,-11.9,0.7,,,,,"[{""units"":""Participants"",""counts"":[{""groupId"":""OG000"",""value"":""203""},{""groupId"":""OG001"",""value"":""206""},{""groupId"":""OG002"",""value"":""204""}]}]"
NCT04345471,1,0,0,0,OG000,Placebo,102,102.0,,,,,,"[{""units"":""Participants"",""counts"":[{""groupId"":""OG000"",""value"":""204""},{""groupId"":""OG001"",""value"":""206""},{""groupId"":""OG002"",""value"":""204""}]}]"
NCT04345471,1,0,0,1,OG001,MD-120 50 mg,117,117.0,,,,,,"[{""units"":""Participants"",""counts"":[{""groupId"":""OG000"",""value"":""204""},{""groupId"":""OG001"",""value"":""206""},{""groupId"":""OG002"",""value"":""204""}]}]"
NCT04345471,1,0,0,2,OG002,MD-120 100 mg,124,124.0,,,,,,"[{""units"":""Participants"",""counts"":[{""groupId"":""OG000"",""value"":""204""},{""groupId"":""OG001"",""value"":""206""},{""groupId"":""OG002"",""value"":""204""}]}]"
NCT04395183,0,0,0,0,OG000,5-HTP + Placebo,0,0.0,,,,,,"[{""units"":""Participants"",""counts"":[{""groupId"":""OG000"",""value"":""10""},{""groupId"":""OG001"",""value"":""9""},{""groupId"":""OG002"",""value"":""9""},{""groupId"":""OG003"",""value"":""9""}]}]"
NCT04395183,0,0,0,1,OG001,Creatine + Placebo,0,0.0,,,,,,"[{""units"":""Participants"",""counts"":[{""groupId"":""OG000"",""value"":""10""},{""groupId"":""OG001"",""value"":""9""},{""groupId"":""OG002"",""value"":""9""},{""groupId"":""OG003"",""value"":""9""}]}]"
NCT04395183,0,0,0,2,OG002,Creatine + 5-HTP,1,1.0,,,,,,"[{""units"":""Participants"",""counts"":[{""groupId"":""OG000"",""value"":""10""},{""groupId"":""OG001"",""value"":""9""},{""groupId"":""OG002"",""value"":""9""},{""groupId"":""OG003"",""value"":""9""}]}]"
NCT04395183,0,0,0,3,OG003,Double Placebo,0,0.0,,,,,,"[{""units"":""Participants"",""counts"":[{""groupId"":""OG000"",""value"":""10""},{""groupId"":""OG001"",""value"":""9""},{""groupId"":""OG002"",""value"":""9""},{""groupId"":""OG003"",""value"":""9""}]}]"
NCT04437485,0,0,0,0,OG000,eIMPACT-DM Intervention,4.94,4.94,0.47,,,,,"[{""units"":""Participants"",""counts"":[{""groupId"":""OG000"",""value"":""21""},{""groupId"":""OG001"",""value"":""18""}]}]"
NCT04437485,0,0,0,1,OG001,Active Control,4.88,4.88,0.38,,,,,"[{""units"":""Participants"",""counts"":[{""groupId"":""OG000"",""value"":""21""},{""groupId"":""OG001"",""value"":""18""}]}]"
NCT04442490,0,0,0,0,OG000,Placebo,-12.3,-12.3,0.50,,,,,"[{""units"":""Participants"",""counts"":[{""groupId"":""OG000"",""value"":""251""},{""groupId"":""OG001"",""value"":""248""}]}]"
NCT04442490,0,0,0,1,OG001,SAGE-217 50 mg,-14.1,-14.1,0.51,,,,,"[{""units"":""Participants"",""counts"":[{""groupId"":""OG000"",""value"":""251""},{""groupId"":""OG001"",""value"":""248""}]}]"
NCT04476030,0,0,0,0,OG000,Placebo + Assigned ADT,-7.0,-7.0,0.38,,,,,"[{""units"":""Participants"",""counts"":[{""groupId"":""OG000"",""value"":""210""},{""groupId"":""OG001"",""value"":""204""}]}]"
NCT04476030,0,0,0,1,OG001,SAGE-217 + Assigned ADT,-8.9,-8.9,0.39,,,,,"[{""units"":""Participants"",""counts"":[{""groupId"":""OG000"",""value"":""210""},{""groupId"":""OG001"",""value"":""204""}]}]"
NCT04479852,0,0,0,0,OG000,SP-624,-12.6,-12.6,0.83,,,,,"[{""units"":""Participants"",""counts"":[{""groupId"":""OG000"",""value"":""132""},{""groupId"":""OG001"",""value"":""125""}]}]"
NCT04479852,0,0,0,1,OG001,Placebo,-10.8,-10.8,0.84,,,,,"[{""units"":""Participants"",""counts"":[{""groupId"":""OG000"",""value"":""132""},{""groupId"":""OG001"",""value"":""125""}]}]"
NCT04504253,0,0,0,0,OG000,Creatine Monohydrate,16.4,16.4,4.2,,,,,"[{""units"":""Participants"",""counts"":[{""groupId"":""OG000"",""value"":""6""},{""groupId"":""OG001"",""value"":""6""}]}]"
NCT04504253,0,0,0,1,OG001,Placebo,16.2,16.2,6.8,,,,,"[{""units"":""Participants"",""counts"":[{""groupId"":""OG000"",""value"":""6""},{""groupId"":""OG001"",""value"":""6""}]}]"
NCT04521478,0,0,0,0,OG000,Placebo,-13.0,-13.0,1.0,,,,,"[{""units"":""Participants"",""counts"":[{""groupId"":""OG000"",""value"":""126""},{""groupId"":""OG001"",""value"":""36""},{""groupId"":""OG002"",""value"":""39""},{""groupId"":""OG003"",""value"":""39""},{""groupId"":""OG004"",""value"":""72""}]}]"
NCT04521478,0,0,0,1,OG001,5 mg BI 1358894,-12.4,-12.4,2.0,,,,,"[{""units"":""Participants"",""counts"":[{""groupId"":""OG000"",""value"":""126""},{""groupId"":""OG001"",""value"":""36""},{""groupId"":""OG002"",""value"":""39""},{""groupId"":""OG003"",""value"":""39""},{""groupId"":""OG004"",""value"":""72""}]}]"
NCT04521478,0,0,0,2,OG002,25 mg BI 1358894,-10.8,-10.8,1.9,,,,,"[{""units"":""Participants"",""counts"":[{""groupId"":""OG000"",""value"":""126""},{""groupId"":""OG001"",""value"":""36""},{""groupId"":""OG002"",""value"":""39""},{""groupId"":""OG003"",""value"":""39""},{""groupId"":""OG004"",""value"":""72""}]}]"
NCT04521478,0,0,0,3,OG003,75 mg BI 1358894,-10.8,-10.8,1.9,,,,,"[{""units"":""Participants"",""counts"":[{""groupId"":""OG000"",""value"":""126""},{""groupId"":""OG001"",""value"":""36""},{""groupId"":""OG002"",""value"":""39""},{""groupId"":""OG003"",""value"":""39""},{""groupId"":""OG004"",""value"":""72""}]}]"
NCT04521478,0,0,0,4,OG004,125 mg BI 1358894,-11.5,-11.5,1.4,,,,,"[{""units"":""Participants"",""counts"":[{""groupId"":""OG000"",""value"":""126""},{""groupId"":""OG001"",""value"":""36""},{""groupId"":""OG002"",""value"":""39""},{""groupId"":""OG003"",""value"":""39""},{""groupId"":""OG004"",""value"":""72""}]}]"
NCT04533529,0,0,0,0,OG000,Double Blind (DB) Treatment Phase: Placebo,-10.5,-10.5,10.26,,,,,"[{""units"":""Participants"",""counts"":[{""groupId"":""OG000"",""value"":""195""},{""groupId"":""OG001"",""value"":""196""}]}]"
NCT04533529,0,0,0,1,OG001,DB Treatment Phase: Seltorexant 20 mg,-12.9,-12.9,9.63,,,,,"[{""units"":""Participants"",""counts"":[{""groupId"":""OG000"",""value"":""195""},{""groupId"":""OG001"",""value"":""196""}]}]"
NCT04533529,1,0,0,0,OG000,Open-label (OL) Treatment Phase: Placebo to Seltorexant 20 mg,167,167.0,,,,,,"[{""units"":""Participants"",""counts"":[{""groupId"":""OG000"",""value"":""269""},{""groupId"":""OG001"",""value"":""253""}]}]"
NCT04533529,1,0,0,1,OG001,OL Treatment Phase: Seltorexant 20 mg to Seltorexant 20 mg,163,163.0,,,,,,"[{""units"":""Participants"",""counts"":[{""groupId"":""OG000"",""value"":""269""},{""groupId"":""OG001"",""value"":""253""}]}]"
NCT04533529,2,0,0,0,OG000,Open-label (OL) Treatment Phase: Placebo to Seltorexant 20 mg,10,10.0,,,,,,"[{""units"":""Participants"",""counts"":[{""groupId"":""OG000"",""value"":""269""},{""groupId"":""OG001"",""value"":""253""}]}]"
NCT04533529,2,0,0,1,OG001,OL Treatment Phase: Seltorexant 20 mg to Seltorexant 20 mg,8,8.0,,,,,,"[{""units"":""Participants"",""counts"":[{""groupId"":""OG000"",""value"":""269""},{""groupId"":""OG001"",""value"":""253""}]}]"
NCT04533529,3,0,0,0,OG000,Open-label (OL) Treatment Phase: Placebo to Seltorexant 20 mg,0.1,0.1,8.22,,,Diastolic Blood Pressure,,"[{""units"":""Participants"",""counts"":[{""groupId"":""OG000"",""value"":""178""},{""groupId"":""OG001"",""value"":""181""}]}]"
NCT04533529,3,0,0,1,OG001,OL Treatment Phase: Seltorexant 20 mg to Seltorexant 20 mg,0.9,0.9,8.38,,,Diastolic Blood Pressure,,"[{""units"":""Participants"",""counts"":[{""groupId"":""OG000"",""value"":""178""},{""groupId"":""OG001"",""value"":""181""}]}]"
NCT04533529,3,1,0,0,OG000,Open-label (OL) Treatment Phase: Placebo to Seltorexant 20 mg,0.5,0.5,10.38,,,Systolic Blood Pressure,,"[{""units"":""Participants"",""counts"":[{""groupId"":""OG000"",""value"":""178""},{""groupId"":""OG001"",""value"":""181""}]}]"
NCT04533529,3,1,0,1,OG001,OL Treatment Phase: Seltorexant 20 mg to Seltorexant 20 mg,-0.5,-0.5,11.29,,,Systolic Blood Pressure,,"[{""units"":""Participants"",""counts"":[{""groupId"":""OG000"",""value"":""178""},{""groupId"":""OG001"",""value"":""181""}]}]"
NCT04533529,4,0,0,0,OG000,Open-label (OL) Treatment Phase: Placebo to Seltorexant 20 mg,0.44,0.44,1.589,,,,,"[{""units"":""Participants"",""counts"":[{""groupId"":""OG000"",""value"":""178""},{""groupId"":""OG001"",""value"":""187""}]}]"
NCT04533529,4,0,0,1,OG001,OL Treatment Phase: Seltorexant 20 mg to Seltorexant 20 mg,0.67,0.67,1.673,,,,,"[{""units"":""Participants"",""counts"":[{""groupId"":""OG000"",""value"":""178""},{""groupId"":""OG001"",""value"":""187""}]}]"
NCT04533529,5,0,0,0,OG000,Open-label (OL) Treatment Phase: Placebo to Seltorexant 20 mg,-0.03,-0.03,0.313,,,,,"[{""units"":""Participants"",""counts"":[{""groupId"":""OG000"",""value"":""178""},{""groupId"":""OG001"",""value"":""181""}]}]"
NCT04533529,5,0,0,1,OG001,OL Treatment Phase: Seltorexant 20 mg to Seltorexant 20 mg,0.01,0.01,0.300,,,,,"[{""units"":""Participants"",""counts"":[{""groupId"":""OG000"",""value"":""178""},{""groupId"":""OG001"",""value"":""181""}]}]"
NCT04533529,6,0,0,0,OG000,Open-label (OL) Treatment Phase: Placebo to Seltorexant 20 mg,0.1,0.1,8.28,,,,,"[{""units"":""Participants"",""counts"":[{""groupId"":""OG000"",""value"":""178""},{""groupId"":""OG001"",""value"":""181""}]}]"
NCT04533529,6,0,0,1,OG001,OL Treatment Phase: Seltorexant 20 mg to Seltorexant 20 mg,0.5,0.5,9.31,,,,,"[{""units"":""Participants"",""counts"":[{""groupId"":""OG000"",""value"":""178""},{""groupId"":""OG001"",""value"":""181""}]}]"
NCT04533529,7,0,0,0,OG000,Open-label (OL) Treatment Phase: Placebo to Seltorexant 20 mg,1.26,1.26,4.303,,,,,"[{""units"":""Participants"",""counts"":[{""groupId"":""OG000"",""value"":""178""},{""groupId"":""OG001"",""value"":""187""}]}]"
NCT04533529,7,0,0,1,OG001,OL Treatment Phase: Seltorexant 20 mg to Seltorexant 20 mg,1.80,1.8,4.567,,,,,"[{""units"":""Participants"",""counts"":[{""groupId"":""OG000"",""value"":""178""},{""groupId"":""OG001"",""value"":""187""}]}]"
NCT04533529,8,0,0,0,OG000,Open-label (OL) Treatment Phase: Placebo to Seltorexant 20 mg,0.5,0.5,5.95,,,,,"[{""units"":""Participants"",""counts"":[{""groupId"":""OG000"",""value"":""175""},{""groupId"":""OG001"",""value"":""187""}]}]"
NCT04533529,8,0,0,1,OG001,OL Treatment Phase: Seltorexant 20 mg to Seltorexant 20 mg,0.7,0.7,5.95,,,,,"[{""units"":""Participants"",""counts"":[{""groupId"":""OG000"",""value"":""175""},{""groupId"":""OG001"",""value"":""187""}]}]"
NCT04533529,9,0,0,0,OG000,Open-label (OL) Treatment Phase: Placebo to Seltorexant 20 mg,204,204.0,,,,Baseline: No SI/SB to Postbaseline No SI/SB,,"[{""units"":""Participants"",""counts"":[{""groupId"":""OG000"",""value"":""226""},{""groupId"":""OG001"",""value"":""205""}]}]"
NCT04533529,9,0,0,1,OG001,OL Treatment Phase: Seltorexant 20 mg to Seltorexant 20 mg,190,190.0,,,,Baseline: No SI/SB to Postbaseline No SI/SB,,"[{""units"":""Participants"",""counts"":[{""groupId"":""OG000"",""value"":""226""},{""groupId"":""OG001"",""value"":""205""}]}]"
NCT04533529,9,1,0,0,OG000,Open-label (OL) Treatment Phase: Placebo to Seltorexant 20 mg,18,18.0,,,,Baseline: No SI/SB to Postbaseline Suicidal Ideation,,"[{""units"":""Participants"",""counts"":[{""groupId"":""OG000"",""value"":""226""},{""groupId"":""OG001"",""value"":""205""}]}]"
NCT04533529,9,1,0,1,OG001,OL Treatment Phase: Seltorexant 20 mg to Seltorexant 20 mg,15,15.0,,,,Baseline: No SI/SB to Postbaseline Suicidal Ideation,,"[{""units"":""Participants"",""counts"":[{""groupId"":""OG000"",""value"":""226""},{""groupId"":""OG001"",""value"":""205""}]}]"
NCT04533529,9,2,0,0,OG000,Open-label (OL) Treatment Phase: Placebo to Seltorexant 20 mg,4,4.0,,,,Baseline: No SI/SB to Postbaseline Suicidal Behavior,,"[{""units"":""Participants"",""counts"":[{""groupId"":""OG000"",""value"":""226""},{""groupId"":""OG001"",""value"":""205""}]}]"
NCT04533529,9,2,0,1,OG001,OL Treatment Phase: Seltorexant 20 mg to Seltorexant 20 mg,0,0.0,,,,Baseline: No SI/SB to Postbaseline Suicidal Behavior,,"[{""units"":""Participants"",""counts"":[{""groupId"":""OG000"",""value"":""226""},{""groupId"":""OG001"",""value"":""205""}]}]"
NCT04533529,9,3,0,0,OG000,Open-label (OL) Treatment Phase: Placebo to Seltorexant 20 mg,18,18.0,,,,Baseline: Suicidal ideation to Postbaseline No SI/SB,,"[{""units"":""Participants"",""counts"":[{""groupId"":""OG000"",""value"":""226""},{""groupId"":""OG001"",""value"":""205""}]}]"
NCT04533529,9,3,0,1,OG001,OL Treatment Phase: Seltorexant 20 mg to Seltorexant 20 mg,16,16.0,,,,Baseline: Suicidal ideation to Postbaseline No SI/SB,,"[{""units"":""Participants"",""counts"":[{""groupId"":""OG000"",""value"":""226""},{""groupId"":""OG001"",""value"":""205""}]}]"
NCT04533529,9,4,0,0,OG000,Open-label (OL) Treatment Phase: Placebo to Seltorexant 20 mg,24,24.0,,,,Baseline: Suicidal ideation to Postbaseline Suicidal Ideation,,"[{""units"":""Participants"",""counts"":[{""groupId"":""OG000"",""value"":""226""},{""groupId"":""OG001"",""value"":""205""}]}]"
NCT04533529,9,4,0,1,OG001,OL Treatment Phase: Seltorexant 20 mg to Seltorexant 20 mg,30,30.0,,,,Baseline: Suicidal ideation to Postbaseline Suicidal Ideation,,"[{""units"":""Participants"",""counts"":[{""groupId"":""OG000"",""value"":""226""},{""groupId"":""OG001"",""value"":""205""}]}]"
NCT04533529,9,5,0,0,OG000,Open-label (OL) Treatment Phase: Placebo to Seltorexant 20 mg,1,1.0,,,,Baseline: Suicidal ideation to Postbaseline Suicidal Behavior,,"[{""units"":""Participants"",""counts"":[{""groupId"":""OG000"",""value"":""226""},{""groupId"":""OG001"",""value"":""205""}]}]"
NCT04533529,9,5,0,1,OG001,OL Treatment Phase: Seltorexant 20 mg to Seltorexant 20 mg,2,2.0,,,,Baseline: Suicidal ideation to Postbaseline Suicidal Behavior,,"[{""units"":""Participants"",""counts"":[{""groupId"":""OG000"",""value"":""226""},{""groupId"":""OG001"",""value"":""205""}]}]"
NCT04533529,10,0,0,0,OG000,OL Follow-up Phase: Placebo to Seltorexant 20 mg,7.8,7.8,8.48,,,,,"[{""units"":""Participants"",""counts"":[{""groupId"":""OG000"",""value"":""223""},{""groupId"":""OG001"",""value"":""220""}]}]"
NCT04533529,10,0,0,1,OG001,OL Follow-up Phase: Seltorexant 20 mg to Seltorexant 20 mg,7.4,7.4,8.27,,,,,"[{""units"":""Participants"",""counts"":[{""groupId"":""OG000"",""value"":""223""},{""groupId"":""OG001"",""value"":""220""}]}]"
NCT04533529,11,0,0,0,OG000,OL Follow-up Phase: Placebo to Seltorexant 20 mg,6.2,6.2,7.62,,,,,"[{""units"":""Participants"",""counts"":[{""groupId"":""OG000"",""value"":""219""},{""groupId"":""OG001"",""value"":""216""}]}]"
NCT04533529,11,0,0,1,OG001,OL Follow-up Phase: Seltorexant 20 mg to Seltorexant 20 mg,5.5,5.5,7.04,,,,,"[{""units"":""Participants"",""counts"":[{""groupId"":""OG000"",""value"":""219""},{""groupId"":""OG001"",""value"":""216""}]}]"
NCT04533529,12,0,0,0,OG000,OL Follow-up Phase: Placebo to Seltorexant 20 mg,6.3,6.3,6.76,,,,,"[{""units"":""Participants"",""counts"":[{""groupId"":""OG000"",""value"":""202""},{""groupId"":""OG001"",""value"":""199""}]}]"
NCT04533529,12,0,0,1,OG001,OL Follow-up Phase: Seltorexant 20 mg to Seltorexant 20 mg,7.1,7.1,8.04,,,,,"[{""units"":""Participants"",""counts"":[{""groupId"":""OG000"",""value"":""202""},{""groupId"":""OG001"",""value"":""199""}]}]"
NCT04533529,13,0,0,0,OG000,Open-label (OL) Treatment Phase: Placebo to Seltorexant 20 mg,27,27.0,,,,,,"[{""units"":""Participants"",""counts"":[{""groupId"":""OG000"",""value"":""176""},{""groupId"":""OG001"",""value"":""184""}]}]"
NCT04533529,13,0,0,1,OG001,OL Treatment Phase: Seltorexant 20 mg to Seltorexant 20 mg,26,26.0,,,,,,"[{""units"":""Participants"",""counts"":[{""groupId"":""OG000"",""value"":""176""},{""groupId"":""OG001"",""value"":""184""}]}]"
NCT04533529,14,0,0,0,OG000,Open-label (OL) Treatment Phase: Placebo to Seltorexant 20 mg,1,1.0,,,,ALT High,,"[{""units"":""Participants"",""counts"":[{""groupId"":""OG000"",""value"":""269""},{""groupId"":""OG001"",""value"":""253""}]}]"
NCT04533529,14,0,0,1,OG001,OL Treatment Phase: Seltorexant 20 mg to Seltorexant 20 mg,2,2.0,,,,ALT High,,"[{""units"":""Participants"",""counts"":[{""groupId"":""OG000"",""value"":""269""},{""groupId"":""OG001"",""value"":""253""}]}]"
NCT04533529,14,1,0,0,OG000,Open-label (OL) Treatment Phase: Placebo to Seltorexant 20 mg,0,0.0,,,,AST High,,"[{""units"":""Participants"",""counts"":[{""groupId"":""OG000"",""value"":""269""},{""groupId"":""OG001"",""value"":""253""}]}]"
NCT04533529,14,1,0,1,OG001,OL Treatment Phase: Seltorexant 20 mg to Seltorexant 20 mg,1,1.0,,,,AST High,,"[{""units"":""Participants"",""counts"":[{""groupId"":""OG000"",""value"":""269""},{""groupId"":""OG001"",""value"":""253""}]}]"
NCT04533529,14,2,0,0,OG000,Open-label (OL) Treatment Phase: Placebo to Seltorexant 20 mg,1,1.0,,,,Bicarbonate Low,,"[{""units"":""Participants"",""counts"":[{""groupId"":""OG000"",""value"":""269""},{""groupId"":""OG001"",""value"":""253""}]}]"
NCT04533529,14,2,0,1,OG001,OL Treatment Phase: Seltorexant 20 mg to Seltorexant 20 mg,0,0.0,,,,Bicarbonate Low,,"[{""units"":""Participants"",""counts"":[{""groupId"":""OG000"",""value"":""269""},{""groupId"":""OG001"",""value"":""253""}]}]"
NCT04533529,14,3,0,0,OG000,Open-label (OL) Treatment Phase: Placebo to Seltorexant 20 mg,1,1.0,,,,Chloride Low,,"[{""units"":""Participants"",""counts"":[{""groupId"":""OG000"",""value"":""269""},{""groupId"":""OG001"",""value"":""253""}]}]"
NCT04533529,14,3,0,1,OG001,OL Treatment Phase: Seltorexant 20 mg to Seltorexant 20 mg,0,0.0,,,,Chloride Low,,"[{""units"":""Participants"",""counts"":[{""groupId"":""OG000"",""value"":""269""},{""groupId"":""OG001"",""value"":""253""}]}]"
NCT04533529,14,4,0,0,OG000,Open-label (OL) Treatment Phase: Placebo to Seltorexant 20 mg,7,7.0,,,,Cholesterol High,,"[{""units"":""Participants"",""counts"":[{""groupId"":""OG000"",""value"":""269""},{""groupId"":""OG001"",""value"":""253""}]}]"
NCT04533529,14,4,0,1,OG001,OL Treatment Phase: Seltorexant 20 mg to Seltorexant 20 mg,11,11.0,,,,Cholesterol High,,"[{""units"":""Participants"",""counts"":[{""groupId"":""OG000"",""value"":""269""},{""groupId"":""OG001"",""value"":""253""}]}]"
NCT04533529,14,5,0,0,OG000,Open-label (OL) Treatment Phase: Placebo to Seltorexant 20 mg,4,4.0,,,,Creatine Kinase High,,"[{""units"":""Participants"",""counts"":[{""groupId"":""OG000"",""value"":""269""},{""groupId"":""OG001"",""value"":""253""}]}]"
NCT04533529,14,5,0,1,OG001,OL Treatment Phase: Seltorexant 20 mg to Seltorexant 20 mg,6,6.0,,,,Creatine Kinase High,,"[{""units"":""Participants"",""counts"":[{""groupId"":""OG000"",""value"":""269""},{""groupId"":""OG001"",""value"":""253""}]}]"
NCT04533529,14,6,0,0,OG000,Open-label (OL) Treatment Phase: Placebo to Seltorexant 20 mg,1,1.0,,,,GGT High,,"[{""units"":""Participants"",""counts"":[{""groupId"":""OG000"",""value"":""269""},{""groupId"":""OG001"",""value"":""253""}]}]"
NCT04533529,14,6,0,1,OG001,OL Treatment Phase: Seltorexant 20 mg to Seltorexant 20 mg,0,0.0,,,,GGT High,,"[{""units"":""Participants"",""counts"":[{""groupId"":""OG000"",""value"":""269""},{""groupId"":""OG001"",""value"":""253""}]}]"
NCT04533529,14,7,0,0,OG000,Open-label (OL) Treatment Phase: Placebo to Seltorexant 20 mg,1,1.0,,,,Glucose High,,"[{""units"":""Participants"",""counts"":[{""groupId"":""OG000"",""value"":""269""},{""groupId"":""OG001"",""value"":""253""}]}]"
NCT04533529,14,7,0,1,OG001,OL Treatment Phase: Seltorexant 20 mg to Seltorexant 20 mg,0,0.0,,,,Glucose High,,"[{""units"":""Participants"",""counts"":[{""groupId"":""OG000"",""value"":""269""},{""groupId"":""OG001"",""value"":""253""}]}]"
NCT04533529,14,8,0,0,OG000,Open-label (OL) Treatment Phase: Placebo to Seltorexant 20 mg,19,19.0,,,,HDL Cholesterol low,,"[{""units"":""Participants"",""counts"":[{""groupId"":""OG000"",""value"":""269""},{""groupId"":""OG001"",""value"":""253""}]}]"
NCT04533529,14,8,0,1,OG001,OL Treatment Phase: Seltorexant 20 mg to Seltorexant 20 mg,24,24.0,,,,HDL Cholesterol low,,"[{""units"":""Participants"",""counts"":[{""groupId"":""OG000"",""value"":""269""},{""groupId"":""OG001"",""value"":""253""}]}]"
NCT04533529,14,9,0,0,OG000,Open-label (OL) Treatment Phase: Placebo to Seltorexant 20 mg,2,2.0,,,,Hemoglobin A1C/ Hemoglobin High,,"[{""units"":""Participants"",""counts"":[{""groupId"":""OG000"",""value"":""269""},{""groupId"":""OG001"",""value"":""253""}]}]"
NCT04533529,14,9,0,1,OG001,OL Treatment Phase: Seltorexant 20 mg to Seltorexant 20 mg,3,3.0,,,,Hemoglobin A1C/ Hemoglobin High,,"[{""units"":""Participants"",""counts"":[{""groupId"":""OG000"",""value"":""269""},{""groupId"":""OG001"",""value"":""253""}]}]"
NCT04533529,14,10,0,0,OG000,Open-label (OL) Treatment Phase: Placebo to Seltorexant 20 mg,44,44.0,,,,LDL Cholesterol Low,,"[{""units"":""Participants"",""counts"":[{""groupId"":""OG000"",""value"":""269""},{""groupId"":""OG001"",""value"":""253""}]}]"
NCT04533529,14,10,0,1,OG001,OL Treatment Phase: Seltorexant 20 mg to Seltorexant 20 mg,41,41.0,,,,LDL Cholesterol Low,,"[{""units"":""Participants"",""counts"":[{""groupId"":""OG000"",""value"":""269""},{""groupId"":""OG001"",""value"":""253""}]}]"
NCT04533529,14,11,0,0,OG000,Open-label (OL) Treatment Phase: Placebo to Seltorexant 20 mg,54,54.0,,,,LDL Cholesterol High,,"[{""units"":""Participants"",""counts"":[{""groupId"":""OG000"",""value"":""269""},{""groupId"":""OG001"",""value"":""253""}]}]"
NCT04533529,14,11,0,1,OG001,OL Treatment Phase: Seltorexant 20 mg to Seltorexant 20 mg,36,36.0,,,,LDL Cholesterol High,,"[{""units"":""Participants"",""counts"":[{""groupId"":""OG000"",""value"":""269""},{""groupId"":""OG001"",""value"":""253""}]}]"
NCT04533529,14,12,0,0,OG000,Open-label (OL) Treatment Phase: Placebo to Seltorexant 20 mg,2,2.0,,,,Phosphate low,,"[{""units"":""Participants"",""counts"":[{""groupId"":""OG000"",""value"":""269""},{""groupId"":""OG001"",""value"":""253""}]}]"
NCT04533529,14,12,0,1,OG001,OL Treatment Phase: Seltorexant 20 mg to Seltorexant 20 mg,6,6.0,,,,Phosphate low,,"[{""units"":""Participants"",""counts"":[{""groupId"":""OG000"",""value"":""269""},{""groupId"":""OG001"",""value"":""253""}]}]"
NCT04533529,14,13,0,0,OG000,Open-label (OL) Treatment Phase: Placebo to Seltorexant 20 mg,1,1.0,,,,Potassium Low,,"[{""units"":""Participants"",""counts"":[{""groupId"":""OG000"",""value"":""269""},{""groupId"":""OG001"",""value"":""253""}]}]"
NCT04533529,14,13,0,1,OG001,OL Treatment Phase: Seltorexant 20 mg to Seltorexant 20 mg,1,1.0,,,,Potassium Low,,"[{""units"":""Participants"",""counts"":[{""groupId"":""OG000"",""value"":""269""},{""groupId"":""OG001"",""value"":""253""}]}]"
NCT04533529,14,14,0,0,OG000,Open-label (OL) Treatment Phase: Placebo to Seltorexant 20 mg,2,2.0,,,,Potassium High,,"[{""units"":""Participants"",""counts"":[{""groupId"":""OG000"",""value"":""269""},{""groupId"":""OG001"",""value"":""253""}]}]"
NCT04533529,14,14,0,1,OG001,OL Treatment Phase: Seltorexant 20 mg to Seltorexant 20 mg,1,1.0,,,,Potassium High,,"[{""units"":""Participants"",""counts"":[{""groupId"":""OG000"",""value"":""269""},{""groupId"":""OG001"",""value"":""253""}]}]"
NCT04533529,14,15,0,0,OG000,Open-label (OL) Treatment Phase: Placebo to Seltorexant 20 mg,1,1.0,,,,Triglycerides High,,"[{""units"":""Participants"",""counts"":[{""groupId"":""OG000"",""value"":""269""},{""groupId"":""OG001"",""value"":""253""}]}]"
NCT04533529,14,15,0,1,OG001,OL Treatment Phase: Seltorexant 20 mg to Seltorexant 20 mg,0,0.0,,,,Triglycerides High,,"[{""units"":""Participants"",""counts"":[{""groupId"":""OG000"",""value"":""269""},{""groupId"":""OG001"",""value"":""253""}]}]"
NCT04533529,14,16,0,0,OG000,Open-label (OL) Treatment Phase: Placebo to Seltorexant 20 mg,2,2.0,,,,Eos/Leu High,,"[{""units"":""Participants"",""counts"":[{""groupId"":""OG000"",""value"":""269""},{""groupId"":""OG001"",""value"":""253""}]}]"
NCT04533529,14,16,0,1,OG001,OL Treatment Phase: Seltorexant 20 mg to Seltorexant 20 mg,3,3.0,,,,Eos/Leu High,,"[{""units"":""Participants"",""counts"":[{""groupId"":""OG000"",""value"":""269""},{""groupId"":""OG001"",""value"":""253""}]}]"
NCT04533529,14,17,0,0,OG000,Open-label (OL) Treatment Phase: Placebo to Seltorexant 20 mg,1,1.0,,,,Erythrocytes High,,"[{""units"":""Participants"",""counts"":[{""groupId"":""OG000"",""value"":""269""},{""groupId"":""OG001"",""value"":""253""}]}]"
NCT04533529,14,17,0,1,OG001,OL Treatment Phase: Seltorexant 20 mg to Seltorexant 20 mg,4,4.0,,,,Erythrocytes High,,"[{""units"":""Participants"",""counts"":[{""groupId"":""OG000"",""value"":""269""},{""groupId"":""OG001"",""value"":""253""}]}]"
NCT04533529,14,18,0,0,OG000,Open-label (OL) Treatment Phase: Placebo to Seltorexant 20 mg,3,3.0,,,,Hematocrit High,,"[{""units"":""Participants"",""counts"":[{""groupId"":""OG000"",""value"":""269""},{""groupId"":""OG001"",""value"":""253""}]}]"
NCT04533529,14,18,0,1,OG001,OL Treatment Phase: Seltorexant 20 mg to Seltorexant 20 mg,5,5.0,,,,Hematocrit High,,"[{""units"":""Participants"",""counts"":[{""groupId"":""OG000"",""value"":""269""},{""groupId"":""OG001"",""value"":""253""}]}]"
NCT04533529,14,19,0,0,OG000,Open-label (OL) Treatment Phase: Placebo to Seltorexant 20 mg,1,1.0,,,,Leukocytes Low,,"[{""units"":""Participants"",""counts"":[{""groupId"":""OG000"",""value"":""269""},{""groupId"":""OG001"",""value"":""253""}]}]"
NCT04533529,14,19,0,1,OG001,OL Treatment Phase: Seltorexant 20 mg to Seltorexant 20 mg,0,0.0,,,,Leukocytes Low,,"[{""units"":""Participants"",""counts"":[{""groupId"":""OG000"",""value"":""269""},{""groupId"":""OG001"",""value"":""253""}]}]"
NCT04533529,14,20,0,0,OG000,Open-label (OL) Treatment Phase: Placebo to Seltorexant 20 mg,3,3.0,,,,Leukocytes High,,"[{""units"":""Participants"",""counts"":[{""groupId"":""OG000"",""value"":""269""},{""groupId"":""OG001"",""value"":""253""}]}]"
NCT04533529,14,20,0,1,OG001,OL Treatment Phase: Seltorexant 20 mg to Seltorexant 20 mg,1,1.0,,,,Leukocytes High,,"[{""units"":""Participants"",""counts"":[{""groupId"":""OG000"",""value"":""269""},{""groupId"":""OG001"",""value"":""253""}]}]"
NCT04533529,14,21,0,0,OG000,Open-label (OL) Treatment Phase: Placebo to Seltorexant 20 mg,2,2.0,,,,Lymphocytes/Leukocytes High,,"[{""units"":""Participants"",""counts"":[{""groupId"":""OG000"",""value"":""269""},{""groupId"":""OG001"",""value"":""253""}]}]"
NCT04533529,14,21,0,1,OG001,OL Treatment Phase: Seltorexant 20 mg to Seltorexant 20 mg,0,0.0,,,,Lymphocytes/Leukocytes High,,"[{""units"":""Participants"",""counts"":[{""groupId"":""OG000"",""value"":""269""},{""groupId"":""OG001"",""value"":""253""}]}]"
NCT04533529,14,22,0,0,OG000,Open-label (OL) Treatment Phase: Placebo to Seltorexant 20 mg,1,1.0,,,,Lymphocytes/Leukocytes Low,,"[{""units"":""Participants"",""counts"":[{""groupId"":""OG000"",""value"":""269""},{""groupId"":""OG001"",""value"":""253""}]}]"
NCT04533529,14,22,0,1,OG001,OL Treatment Phase: Seltorexant 20 mg to Seltorexant 20 mg,5,5.0,,,,Lymphocytes/Leukocytes Low,,"[{""units"":""Participants"",""counts"":[{""groupId"":""OG000"",""value"":""269""},{""groupId"":""OG001"",""value"":""253""}]}]"
NCT04533529,14,23,0,0,OG000,Open-label (OL) Treatment Phase: Placebo to Seltorexant 20 mg,4,4.0,,,,Neutrophils low,,"[{""units"":""Participants"",""counts"":[{""groupId"":""OG000"",""value"":""269""},{""groupId"":""OG001"",""value"":""253""}]}]"
NCT04533529,14,23,0,1,OG001,OL Treatment Phase: Seltorexant 20 mg to Seltorexant 20 mg,1,1.0,,,,Neutrophils low,,"[{""units"":""Participants"",""counts"":[{""groupId"":""OG000"",""value"":""269""},{""groupId"":""OG001"",""value"":""253""}]}]"
NCT04533529,14,24,0,0,OG000,Open-label (OL) Treatment Phase: Placebo to Seltorexant 20 mg,0,0.0,,,,Neutrophils High,,"[{""units"":""Participants"",""counts"":[{""groupId"":""OG000"",""value"":""269""},{""groupId"":""OG001"",""value"":""253""}]}]"
NCT04533529,14,24,0,1,OG001,OL Treatment Phase: Seltorexant 20 mg to Seltorexant 20 mg,1,1.0,,,,Neutrophils High,,"[{""units"":""Participants"",""counts"":[{""groupId"":""OG000"",""value"":""269""},{""groupId"":""OG001"",""value"":""253""}]}]"
NCT04533529,14,25,0,0,OG000,Open-label (OL) Treatment Phase: Placebo to Seltorexant 20 mg,0,0.0,,,,Platelets Low,,"[{""units"":""Participants"",""counts"":[{""groupId"":""OG000"",""value"":""269""},{""groupId"":""OG001"",""value"":""253""}]}]"
NCT04533529,14,25,0,1,OG001,OL Treatment Phase: Seltorexant 20 mg to Seltorexant 20 mg,1,1.0,,,,Platelets Low,,"[{""units"":""Participants"",""counts"":[{""groupId"":""OG000"",""value"":""269""},{""groupId"":""OG001"",""value"":""253""}]}]"
NCT04533529,14,26,0,0,OG000,Open-label (OL) Treatment Phase: Placebo to Seltorexant 20 mg,0,0.0,,,,Platelets High,,"[{""units"":""Participants"",""counts"":[{""groupId"":""OG000"",""value"":""269""},{""groupId"":""OG001"",""value"":""253""}]}]"
NCT04533529,14,26,0,1,OG001,OL Treatment Phase: Seltorexant 20 mg to Seltorexant 20 mg,2,2.0,,,,Platelets High,,"[{""units"":""Participants"",""counts"":[{""groupId"":""OG000"",""value"":""269""},{""groupId"":""OG001"",""value"":""253""}]}]"
NCT04533529,14,27,0,0,OG000,Open-label (OL) Treatment Phase: Placebo to Seltorexant 20 mg,3,3.0,,,,Reti/Ery Low,,"[{""units"":""Participants"",""counts"":[{""groupId"":""OG000"",""value"":""269""},{""groupId"":""OG001"",""value"":""253""}]}]"
NCT04533529,14,27,0,1,OG001,OL Treatment Phase: Seltorexant 20 mg to Seltorexant 20 mg,3,3.0,,,,Reti/Ery Low,,"[{""units"":""Participants"",""counts"":[{""groupId"":""OG000"",""value"":""269""},{""groupId"":""OG001"",""value"":""253""}]}]"
NCT04533529,14,28,0,0,OG000,Open-label (OL) Treatment Phase: Placebo to Seltorexant 20 mg,73,73.0,,,,Reti/Ery High,,"[{""units"":""Participants"",""counts"":[{""groupId"":""OG000"",""value"":""269""},{""groupId"":""OG001"",""value"":""253""}]}]"
NCT04533529,14,28,0,1,OG001,OL Treatment Phase: Seltorexant 20 mg to Seltorexant 20 mg,63,63.0,,,,Reti/Ery High,,"[{""units"":""Participants"",""counts"":[{""groupId"":""OG000"",""value"":""269""},{""groupId"":""OG001"",""value"":""253""}]}]"
NCT04533529,14,29,0,0,OG000,Open-label (OL) Treatment Phase: Placebo to Seltorexant 20 mg,25,25.0,,,,Specific Gravity High,,"[{""units"":""Participants"",""counts"":[{""groupId"":""OG000"",""value"":""269""},{""groupId"":""OG001"",""value"":""253""}]}]"
NCT04533529,14,29,0,1,OG001,OL Treatment Phase: Seltorexant 20 mg to Seltorexant 20 mg,22,22.0,,,,Specific Gravity High,,"[{""units"":""Participants"",""counts"":[{""groupId"":""OG000"",""value"":""269""},{""groupId"":""OG001"",""value"":""253""}]}]"
NCT04533529,14,30,0,0,OG000,Open-label (OL) Treatment Phase: Placebo to Seltorexant 20 mg,24,24.0,,,,Urine pH High,,"[{""units"":""Participants"",""counts"":[{""groupId"":""OG000"",""value"":""269""},{""groupId"":""OG001"",""value"":""253""}]}]"
NCT04533529,14,30,0,1,OG001,OL Treatment Phase: Seltorexant 20 mg to Seltorexant 20 mg,32,32.0,,,,Urine pH High,,"[{""units"":""Participants"",""counts"":[{""groupId"":""OG000"",""value"":""269""},{""groupId"":""OG001"",""value"":""253""}]}]"
NCT04533529,15,0,0,0,OG000,Open-label (OL) Treatment Phase: Placebo to Seltorexant 20 mg,124,124.0,,,,,,"[{""units"":""Participants"",""counts"":[{""groupId"":""OG000"",""value"":""178""},{""groupId"":""OG001"",""value"":""187""}]}]"
NCT04533529,15,0,0,1,OG001,OL Treatment Phase: Seltorexant 20 mg to Seltorexant 20 mg,111,111.0,,,,,,"[{""units"":""Participants"",""counts"":[{""groupId"":""OG000"",""value"":""178""},{""groupId"":""OG001"",""value"":""187""}]}]"
NCT04688164,0,0,0,0,OG000,REL-1017 25 mg,-15.1,-15.1,11.3,,,,,"[{""units"":""Participants"",""counts"":[{""groupId"":""OG000"",""value"":""103""},{""groupId"":""OG001"",""value"":""88""}]}]"
NCT04688164,0,0,0,1,OG001,Placebo,-12.9,-12.9,10.4,,,,,"[{""units"":""Participants"",""counts"":[{""groupId"":""OG000"",""value"":""103""},{""groupId"":""OG001"",""value"":""88""}]}]"
NCT04985942,0,0,0,0,OG000,Lumateperone 42 mg,-14.7,-14.7,0.54,,,,,"[{""units"":""Participants"",""counts"":[{""groupId"":""OG000"",""value"":""239""},{""groupId"":""OG001"",""value"":""242""}]}]"
NCT04985942,0,0,0,1,OG001,Placebo,-9.8,-9.8,0.53,,,,,"[{""units"":""Participants"",""counts"":[{""groupId"":""OG000"",""value"":""239""},{""groupId"":""OG001"",""value"":""242""}]}]"
NCT05061706,0,0,0,0,OG000,Lumateperone 42 mg,-14.7,-14.7,0.56,,,,,"[{""units"":""Participants"",""counts"":[{""groupId"":""OG000"",""value"":""232""},{""groupId"":""OG001"",""value"":""237""}]}]"
NCT05061706,0,0,0,1,OG001,Placebo,-10.2,-10.2,0.54,,,,,"[{""units"":""Participants"",""counts"":[{""groupId"":""OG000"",""value"":""232""},{""groupId"":""OG001"",""value"":""237""}]}]"
NCT05081167,0,0,0,0,OG000,REL-1017 25 mg,-14.8,-14.8,12.4,,,,,"[{""units"":""Participants"",""counts"":[{""groupId"":""OG000"",""value"":""105""},{""groupId"":""OG001"",""value"":""100""}]}]"
NCT05081167,0,0,0,1,OG001,Placebo,-13.9,-13.9,10.8,,,,,"[{""units"":""Participants"",""counts"":[{""groupId"":""OG000"",""value"":""105""},{""groupId"":""OG001"",""value"":""100""}]}]"
NCT05165394,0,0,0,0,OG000,Placebo,17.4,17.4,3.7,,,,,"[{""units"":""Participants"",""counts"":[{""groupId"":""OG000"",""value"":""44""},{""groupId"":""OG001"",""value"":""45""}]}]"
NCT05165394,0,0,0,1,OG001,NBI-1065846,13.5,13.5,3.6,,,,,"[{""units"":""Participants"",""counts"":[{""groupId"":""OG000"",""value"":""44""},{""groupId"":""OG001"",""value"":""45""}]}]"
NCT05455684,0,0,0,0,OG000,Placebo,-11.4,-11.4,0.98,,,,,"[{""units"":""Participants"",""counts"":[{""groupId"":""OG000"",""value"":""155""},{""groupId"":""OG001"",""value"":""158""}]}]"
NCT05455684,0,0,0,1,OG001,Aticaprant 10 mg,-12.3,-12.3,0.95,,,,,"[{""units"":""Participants"",""counts"":[{""groupId"":""OG000"",""value"":""155""},{""groupId"":""OG001"",""value"":""158""}]}]"
NCT05550532,0,0,0,0,OG000,Placebo,-9.4,-9.4,0.96,,,,,"[{""units"":""Participants"",""counts"":[{""groupId"":""OG000"",""value"":""159""},{""groupId"":""OG001"",""value"":""154""}]}]"
NCT05550532,0,0,0,1,OG001,Aticaprant 10 mg,-10.0,-10.0,0.96,,,,,"[{""units"":""Participants"",""counts"":[{""groupId"":""OG000"",""value"":""159""},{""groupId"":""OG001"",""value"":""154""}]}]"
NCT05680727,0,0,0,0,OG000,Connectivity-based Targeting,35,35.0,,28,38.25,Baseline,,"[{""units"":""Participants"",""counts"":[{""groupId"":""OG000"",""value"":""20""},{""groupId"":""OG001"",""value"":""20""}]}]"
NCT05680727,0,0,0,1,OG001,Scalp-based Targeting,31,31.0,,26,33.25,Baseline,,"[{""units"":""Participants"",""counts"":[{""groupId"":""OG000"",""value"":""20""},{""groupId"":""OG001"",""value"":""20""}]}]"
NCT05680727,0,1,0,0,OG000,Connectivity-based Targeting,6,6.0,,1.5,12.5,1 Month,,"[{""units"":""Participants"",""counts"":[{""groupId"":""OG000"",""value"":""20""},{""groupId"":""OG001"",""value"":""20""}]}]"
NCT05680727,0,1,0,1,OG001,Scalp-based Targeting,11,11.0,,4,22,1 Month,,"[{""units"":""Participants"",""counts"":[{""groupId"":""OG000"",""value"":""20""},{""groupId"":""OG001"",""value"":""20""}]}]"
NCT05686408,0,0,0,0,OG000,Placebo,-12.8,-12.8,1.32,,,,,"[{""units"":""Participants"",""counts"":[{""groupId"":""OG000"",""value"":""68""},{""groupId"":""OG001"",""value"":""64""}]}]"
NCT05686408,0,0,0,1,OG001,"TNX-601 ER, 39.4 mg",-12.7,-12.7,1.30,,,,,"[{""units"":""Participants"",""counts"":[{""groupId"":""OG000"",""value"":""68""},{""groupId"":""OG001"",""value"":""64""}]}]"
NCT06126497,0,0,0,0,OG000,"Ropanicant 45 mg, QD",6,6.0,,,,,,"[{""units"":""Participants"",""counts"":[{""groupId"":""OG000"",""value"":""14""},{""groupId"":""OG001"",""value"":""13""},{""groupId"":""OG002"",""value"":""13""}]}]"
NCT06126497,0,0,0,1,OG001,"Ropanicant 30 mg, BID",6,6.0,,,,,,"[{""units"":""Participants"",""counts"":[{""groupId"":""OG000"",""value"":""14""},{""groupId"":""OG001"",""value"":""13""},{""groupId"":""OG002"",""value"":""13""}]}]"
NCT06126497,0,0,0,2,OG002,"Ropanicant 45 mg, BID",6,6.0,,,,,,"[{""units"":""Participants"",""counts"":[{""groupId"":""OG000"",""value"":""14""},{""groupId"":""OG001"",""value"":""13""},{""groupId"":""OG002"",""value"":""13""}]}]"
NCT06280235,0,0,0,0,OG000,Placebo,-12.0,-12.0,,-14.2,-9.7,,,"[{""units"":""Participants"",""counts"":[{""groupId"":""OG000"",""value"":""74""},{""groupId"":""OG001"",""value"":""38""},{""groupId"":""OG002"",""value"":""38""},{""groupId"":""OG003"",""value"":""74""}]}]"
NCT06280235,0,0,0,1,OG001,5 mg BI 1569912,-7.8,-7.8,,-11.0,-4.6,,,"[{""units"":""Participants"",""counts"":[{""groupId"":""OG000"",""value"":""74""},{""groupId"":""OG001"",""value"":""38""},{""groupId"":""OG002"",""value"":""38""},{""groupId"":""OG003"",""value"":""74""}]}]"
NCT06280235,0,0,0,2,OG002,10 mg BI 1569912,-11.9,-11.9,,-15.0,-8.7,,,"[{""units"":""Participants"",""counts"":[{""groupId"":""OG000"",""value"":""74""},{""groupId"":""OG001"",""value"":""38""},{""groupId"":""OG002"",""value"":""38""},{""groupId"":""OG003"",""value"":""74""}]}]"
NCT06280235,0,0,0,3,OG003,20 mg BI 1569912,-12.3,-12.3,,-14.6,-10.0,,,"[{""units"":""Participants"",""counts"":[{""groupId"":""OG000"",""value"":""74""},{""groupId"":""OG001"",""value"":""38""},{""groupId"":""OG002"",""value"":""38""},{""groupId"":""OG003"",""value"":""74""}]}]"
NCT06340958,0,0,0,0,OG000,CLE-100,-11.66,-11.66,1.50,,,,,"[{""units"":""Participants"",""counts"":[{""groupId"":""OG000"",""value"":""50""},{""groupId"":""OG001"",""value"":""49""}]}]"
NCT06340958,0,0,0,1,OG001,Placebo,-8.70,-8.7,1.55,,,,,"[{""units"":""Participants"",""counts"":[{""groupId"":""OG000"",""value"":""50""},{""groupId"":""OG001"",""value"":""49""}]}]"
NCT06558344,0,0,0,0,OG000,Placebo-matching BI 1569912,-10.3,-10.3,,-13.1,-7.5,,,"[{""units"":""Participants"",""counts"":[{""groupId"":""OG000"",""value"":""70""},{""groupId"":""OG001"",""value"":""30""},{""groupId"":""OG002"",""value"":""36""},{""groupId"":""OG003"",""value"":""66""}]}]"
NCT06558344,0,0,0,1,OG001,5 mg BI 1569912,-13.6,-13.6,,-17.8,-9.4,,,"[{""units"":""Participants"",""counts"":[{""groupId"":""OG000"",""value"":""70""},{""groupId"":""OG001"",""value"":""30""},{""groupId"":""OG002"",""value"":""36""},{""groupId"":""OG003"",""value"":""66""}]}]"
NCT06558344,0,0,0,2,OG002,10 mg BI 1569912,-10.6,-10.6,,-14.5,-6.7,,,"[{""units"":""Participants"",""counts"":[{""groupId"":""OG000"",""value"":""70""},{""groupId"":""OG001"",""value"":""30""},{""groupId"":""OG002"",""value"":""36""},{""groupId"":""OG003"",""value"":""66""}]}]"
NCT06558344,0,0,0,3,OG003,20 mg BI 1569912,-10.0,-10.0,,-12.9,-7.2,,,"[{""units"":""Participants"",""counts"":[{""groupId"":""OG000"",""value"":""70""},{""groupId"":""OG001"",""value"":""30""},{""groupId"":""OG002"",""value"":""36""},{""groupId"":""OG003"",""value"":""66""}]}]"
